JvmtiExport can_access_local_variables 234
JvmtiExport can_hotswap_or_post_breakpoint 74
JvmtiExport can_post_on_exceptions 135
# 98 ciObject found
instanceKlass org/apache/catalina/Session
instanceKlass com/elikya/apps/rhoe/desk/controller/SuccessNotifController
instanceKlass com/elikya/apps/rhoe/desk/ui/Notifier$1
instanceKlass com/elikya/apps/rhoe/desk/util/Observer$$Lambda$1492
instanceKlass com/elikya/apps/rhoe/desk/util/Observer$$Lambda$1491
instanceKlass com/elikya/apps/rhoe/desk/ui/Notifier$$Lambda$1490
instanceKlass com/elikya/apps/rhoe/desk/ui/Notifier
instanceKlass java/io/FileOutputStream$1
instanceKlass com/elikya/apps/rhoe/desk/util/Observer$$Lambda$1489
instanceKlass com/sun/javafx/scene/input/KeyCodeMap
instanceKlass com/sun/javafx/tk/quantum/GlassViewEventHandler$$Lambda$1488
instanceKlass com/elikya/apps/rhoe/desk/controller/CodeVerifierController$1$$Lambda$1487
instanceKlass java/util/Timer$1
instanceKlass java/util/TimerTask
instanceKlass java/util/TaskQueue
instanceKlass com/elikya/apps/rhoe/desk/controller/CodeVerifierController$$Lambda$1486
instanceKlass com/elikya/apps/rhoe/desk/controller/CodeVerifierController$$Lambda$1485
instanceKlass com/elikya/apps/rhoe/desk/controller/CodeVerifierController$$Lambda$1484
instanceKlass com/elikya/apps/rhoe/desk/controller/OptionsController$$Lambda$1483
instanceKlass com/jfoenix/controls/JFXRippler$$Lambda$7
instanceKlass com/sun/javafx/geom/LineIterator
instanceKlass com/sun/javafx/geom/DirtyRegionPool$PoolItem
instanceKlass com/jfoenix/controls/JFXRippler$1
instanceKlass com/jfoenix/transitions/JFXFillTransition$3
instanceKlass com/elikya/apps/rhoe/desk/util/ExpressionChecker
instanceKlass com/sun/prism/shader/DrawPgram_Color_Loader
instanceKlass com/jfoenix/skins/JFXCheckBoxSkin$1
instanceKlass com/sun/javafx/scene/control/skin/TabPaneSkin$3
instanceKlass com/sun/javafx/collections/VetoableListDecorator$ModCountAccessorImpl
instanceKlass com/sun/javafx/collections/VetoableListDecorator$ModCountAccessor
instanceKlass com/sun/javafx/collections/VetoableListDecorator$VetoableIteratorDecorator
instanceKlass com/jfoenix/transitions/JFXFillTransition$2
instanceKlass com/jfoenix/skins/JFXCheckBoxSkin$$Lambda$4
instanceKlass com/jfoenix/skins/JFXCheckBoxSkin$$Lambda$3
instanceKlass com/jfoenix/skins/JFXCheckBoxSkin$$Lambda$2
instanceKlass com/jfoenix/skins/JFXCheckBoxSkin$$Lambda$1
instanceKlass com/jfoenix/controls/JFXRippler$$Lambda$3
instanceKlass com/sun/javafx/scene/control/skin/TabPaneSkin$StyleableProperties
instanceKlass com/sun/javafx/scene/control/skin/TabPaneSkin$$Lambda$1482
instanceKlass com/sun/javafx/scene/control/skin/TabPaneSkin$TabHeaderArea$$Lambda$1481
instanceKlass com/sun/javafx/scene/control/skin/TabPaneSkin$TabControlButtons$$Lambda$1480
instanceKlass com/sun/javafx/scene/control/skin/TabPaneSkin$TabControlButtons$$Lambda$1479
instanceKlass com/sun/javafx/scene/control/skin/TabPaneSkin$TabControlButtons$$Lambda$1478
instanceKlass com/sun/javafx/scene/control/skin/TabPaneSkin$TabMenuItem$1
instanceKlass javafx/scene/control/Toggle
instanceKlass javafx/scene/control/ToggleGroup
instanceKlass com/sun/javafx/scene/control/skin/TabPaneSkin$TabControlButtons$$Lambda$1477
instanceKlass com/sun/javafx/scene/control/skin/TabPaneSkin$TabHeaderSkin$5
instanceKlass com/sun/javafx/scene/control/skin/TabPaneSkin$TabHeaderSkin$$Lambda$1476
instanceKlass com/sun/javafx/scene/control/skin/TabPaneSkin$TabHeaderSkin$3
instanceKlass javafx/scene/control/Label$$Lambda$1475
instanceKlass com/sun/javafx/scene/control/skin/TabPaneSkin$TabHeaderSkin$1
instanceKlass com/sun/javafx/scene/control/skin/TabPaneSkin$TabHeaderSkin$$Lambda$1474
instanceKlass com/sun/javafx/scene/control/skin/TabPaneSkin$TabContentRegion$1
instanceKlass com/sun/javafx/scene/control/skin/TabPaneSkin$TabContentRegion$$Lambda$1473
instanceKlass javafx/scene/control/TabPane$StyleableProperties
instanceKlass com/elikya/apps/rhoe/desk/controller/OptionsController$$Lambda$1472
instanceKlass com/elikya/apps/rhoe/desk/ui/ControlsHandler$$Lambda$1471
instanceKlass com/elikya/apps/rhoe/desk/controller/OptionsController$$Lambda$1470
instanceKlass com/elikya/apps/rhoe/desk/controller/OptionsController$$Lambda$1469
instanceKlass com/elikya/apps/rhoe/desk/controller/OptionsController$$Lambda$1468
instanceKlass com/elikya/apps/rhoe/desk/controller/OptionsController$$Lambda$1467
instanceKlass com/elikya/apps/rhoe/desk/controller/OptionsController$$Lambda$1466
instanceKlass com/elikya/apps/rhoe/desk/controller/OptionsController$$Lambda$1465
instanceKlass com/elikya/apps/rhoe/desk/controller/OptionsController$$Lambda$1464
instanceKlass com/elikya/apps/rhoe/desk/controller/OptionsController$$Lambda$1463
instanceKlass com/elikya/apps/rhoe/desk/controller/OptionsController$$Lambda$1462
instanceKlass com/elikya/apps/rhoe/desk/controller/OptionsController$$Lambda$1461
instanceKlass com/elikya/apps/rhoe/desk/controller/OptionsController$$Lambda$1460
instanceKlass com/elikya/apps/rhoe/desk/controller/OptionsController$$Lambda$1459
instanceKlass com/elikya/apps/rhoe/desk/controller/OptionsController$$Lambda$1458
instanceKlass com/elikya/apps/rhoe/desk/controller/OptionsController$$Lambda$1457
instanceKlass com/elikya/apps/rhoe/desk/controller/OptionsController$$Lambda$1456
instanceKlass com/elikya/apps/rhoe/desk/controller/OptionsController$$Lambda$1455
instanceKlass com/jfoenix/controls/JFXPasswordField$StyleableProperties
instanceKlass com/jfoenix/controls/JFXCheckBox$StyleableProperties
instanceKlass javafx/scene/control/Tab$$Lambda$1454
instanceKlass javafx/scene/control/TabPane$$Lambda$1453
instanceKlass javafx/scene/control/TabPane$TabPaneSelectionModel$$Lambda$1452
instanceKlass com/elikya/apps/rhoe/desk/controller/MenuController$$Lambda$1451
instanceKlass com/elikya/apps/rhoe/desk/controller/ProductsController$$Lambda$1450
instanceKlass com/elikya/apps/rhoe/desk/controller/ProductsController$$Lambda$1449
instanceKlass com/elikya/apps/rhoe/desk/controller/ProductsController$$Lambda$1448
instanceKlass com/elikya/apps/rhoe/desk/controller/ProductsController$$Lambda$1447
instanceKlass com/elikya/apps/rhoe/desk/controller/ProductsController$$Lambda$1446
instanceKlass com/elikya/apps/rhoe/desk/controller/ProductsController$$Lambda$1445
instanceKlass com/elikya/apps/rhoe/desk/controller/ProductsController$$Lambda$1444
instanceKlass com/elikya/apps/rhoe/desk/controller/ProductsController$$Lambda$1443
instanceKlass com/elikya/apps/rhoe/desk/controller/ProductsController$$Lambda$1442
instanceKlass com/elikya/apps/rhoe/desk/controller/ProductsController$$Lambda$1441
instanceKlass com/elikya/apps/rhoe/desk/chart/ProductsDataGrouper$$Lambda$1440
instanceKlass com/elikya/apps/rhoe/desk/controller/ProductsController$$Lambda$1439
instanceKlass com/elikya/apps/rhoe/desk/controller/ProductsController$$Lambda$1438
instanceKlass com/elikya/apps/rhoe/desk/controller/ProductsController$$Lambda$1437
instanceKlass com/elikya/apps/rhoe/desk/chart/ProductsCharter$$Lambda$1436
instanceKlass com/elikya/apps/rhoe/desk/chart/ProductsCharter$$Lambda$1435
instanceKlass java/util/stream/Sink$OfDouble
instanceKlass java/util/function/DoubleConsumer
instanceKlass java/util/stream/DoublePipeline$$Lambda$1434
instanceKlass java/util/stream/DoublePipeline$$Lambda$1433
instanceKlass java/util/stream/DoublePipeline$$Lambda$1432
instanceKlass java/util/function/ObjDoubleConsumer
instanceKlass java/lang/invoke/LambdaForm$DMH
instanceKlass java/util/stream/DoublePipeline$$Lambda$1431
instanceKlass com/elikya/apps/rhoe/desk/chart/ProductsDataGrouper$$Lambda$1430
instanceKlass com/elikya/apps/rhoe/desk/chart/ProductsDataGrouper$$Lambda$1429
instanceKlass com/elikya/apps/rhoe/desk/chart/ProductsDataGrouper$$Lambda$1428
instanceKlass com/elikya/apps/rhoe/desk/chart/ProductsDataGrouper
instanceKlass com/elikya/apps/rhoe/desk/chart/ProductsCharter$1
instanceKlass com/elikya/apps/rhoe/desk/chart/ProductsCharter
instanceKlass com/elikya/apps/rhoe/desk/controller/ProductsController$$Lambda$1427
instanceKlass com/elikya/apps/rhoe/desk/controller/ProductsController$$Lambda$1426
instanceKlass com/elikya/apps/rhoe/desk/controller/MenuController$$Lambda$1425
instanceKlass com/jfoenix/controls/JFXDrawer$$Lambda$39
instanceKlass com/sun/prism/impl/BaseResourcePool$$Lambda$1424
instanceKlass com/jfoenix/controls/JFXDrawer$$Lambda$38
instanceKlass com/elikya/apps/rhoe/desk/controller/MenuController$$Lambda$1423
instanceKlass com/elikya/apps/rhoe/desk/controller/MenuController$$Lambda$1422
instanceKlass com/elikya/apps/rhoe/desk/controller/MenuController$$Lambda$1421
instanceKlass com/elikya/apps/rhoe/desk/controller/MenuController$$Lambda$1420
instanceKlass com/elikya/apps/rhoe/desk/controller/MenuController$$Lambda$1419
instanceKlass com/elikya/apps/rhoe/desk/controller/MenuController
instanceKlass com/sun/prism/shader/DrawRoundRect_Color_Loader
instanceKlass com/elikya/apps/rhoe/desk/util/TaxComputer
instanceKlass javafx/scene/control/Separator$StyleableProperties
instanceKlass com/sun/javafx/scene/control/skin/SplitPaneSkin$$Lambda$1418
instanceKlass com/sun/javafx/scene/control/skin/SplitPaneSkin$$Lambda$1417
instanceKlass com/sun/javafx/scene/control/skin/SplitPaneSkin$$Lambda$1416
instanceKlass com/sun/javafx/scene/control/skin/SplitPaneSkin$PosPropertyListener
instanceKlass com/sun/javafx/scene/control/skin/SplitPaneSkin$$Lambda$1415
instanceKlass com/sun/javafx/scene/KeyboardShortcutsHandler$CopyOnWriteMap$1$1
instanceKlass com/elikya/apps/rhoe/desk/ui/Stages$1
instanceKlass com/elikya/apps/rhoe/desk/ui/Stages$$Lambda$1414
instanceKlass com/elikya/apps/rhoe/desk/ui/Stages$$Lambda$1413
instanceKlass javafx/scene/control/SplitPane$StyleableProperties
instanceKlass com/elikya/apps/rhoe/desk/controller/NewSaleController$$Lambda$1412
instanceKlass com/elikya/apps/rhoe/desk/controller/NewSaleController$$Lambda$1411
instanceKlass com/elikya/apps/rhoe/desk/controller/NewSaleController$$Lambda$1410
instanceKlass com/elikya/apps/rhoe/desk/controller/NewSaleController$$Lambda$1409
instanceKlass com/elikya/apps/rhoe/desk/controller/NewSaleController$$Lambda$1408
instanceKlass com/elikya/apps/rhoe/desk/controller/NewSaleController$$Lambda$1407
instanceKlass com/elikya/apps/rhoe/desk/controller/NewSaleController$$Lambda$1406
instanceKlass com/elikya/apps/rhoe/desk/controller/NewSaleController$$Lambda$1405
instanceKlass com/elikya/apps/rhoe/desk/controller/NewSaleController$$Lambda$1404
instanceKlass com/elikya/apps/rhoe/desk/controller/NewSaleController$$Lambda$1403
instanceKlass com/elikya/apps/rhoe/desk/util/ItemsNumbers$1
instanceKlass com/elikya/apps/rhoe/desk/util/ItemsNumbers
instanceKlass com/elikya/apps/rhoe/desk/controller/NewSaleController$$Lambda$1402
instanceKlass com/elikya/apps/rhoe/desk/controller/NewSaleController$$Lambda$1401
instanceKlass com/elikya/apps/rhoe/desk/controller/NewSaleController$$Lambda$1400
instanceKlass com/elikya/apps/rhoe/desk/controller/NewSaleController$$Lambda$1399
instanceKlass com/elikya/apps/rhoe/desk/ui/ControlsHandler$$Lambda$1398
instanceKlass com/elikya/apps/rhoe/desk/util/TableViewOperation$$Lambda$1397
instanceKlass com/elikya/apps/rhoe/desk/util/TableViewOperation$$Lambda$1396
instanceKlass java/lang/invoke/LambdaForm$MH
instanceKlass java/lang/invoke/LambdaForm$DMH
instanceKlass java/lang/invoke/LambdaForm$DMH
instanceKlass com/elikya/apps/rhoe/desk/ui/SplitPaneDividerManager$$Lambda$1395
instanceKlass java/lang/invoke/LambdaForm$DMH
instanceKlass com/elikya/apps/rhoe/desk/ui/SplitPaneDividerManager
instanceKlass javafx/scene/control/SplitPane$Divider
instanceKlass com/sun/javafx/fxml/builder/ProxyBuilder$AnnotationValue
instanceKlass com/sun/javafx/fxml/builder/ProxyBuilder$$Lambda$1394
instanceKlass javafx/beans/NamedArg
instanceKlass javafx/scene/control/SplitPane$1
instanceKlass com/elikya/apps/rhoe/desk/ui/Stages$$Lambda$1393
instanceKlass com/jfoenix/controls/JFXRippler$RippleGenerator$$Lambda$1
instanceKlass com/elikya/apps/rhoe/desk/ui/Stages$$Lambda$1392
instanceKlass com/sun/prism/shader/DrawCircle_Color_Loader
instanceKlass com/sun/prism/shader/FillCircle_Color_Loader
instanceKlass com/sun/scenario/effect/impl/state/RenderState$3
instanceKlass com/sun/scenario/effect/impl/state/RenderState$2
instanceKlass com/sun/scenario/effect/impl/state/RenderState$1
instanceKlass com/jfoenix/transitions/CachedTransition$1
instanceKlass com/jfoenix/utils/JFXNodeUtils
instanceKlass javafx/scene/Scene$ClickCounter$$Lambda$1391
instanceKlass javafx/scene/Scene$DnDGesture
instanceKlass com/jfoenix/transitions/CachedTransition$$Lambda$1
instanceKlass com/jfoenix/effects/JFXDepthManager
instanceKlass com/sun/prism/shader/Mask_TextureSuper_Loader
instanceKlass com/sun/javafx/font/freetype/FT_Matrix
instanceKlass javafx/scene/Node$$Lambda$1390
instanceKlass com/sun/javafx/scene/input/InputEventUtils
instanceKlass javafx/scene/input/PickResult
instanceKlass javafx/scene/input/MouseEvent$Flags
instanceKlass com/sun/javafx/tk/quantum/GlassViewEventHandler$$Lambda$1389
instanceKlass com/sun/prism/shader/Texture_LinearGradient_PAD_Loader
instanceKlass com/sun/scenario/effect/impl/BufferUtil$$Lambda$1388
instanceKlass com/sun/scenario/effect/impl/BufferUtil
instanceKlass com/sun/scenario/effect/impl/EffectPeer
instanceKlass com/sun/scenario/effect/impl/state/BoxRenderState$1
instanceKlass com/sun/javafx/sg/prism/NodeEffectInput$1
instanceKlass com/sun/scenario/effect/impl/state/LinearConvolveRenderState$$Lambda$1387
instanceKlass java/lang/invoke/LambdaForm$DMH
instanceKlass com/sun/scenario/effect/impl/state/LinearConvolveRenderState
instanceKlass com/sun/scenario/effect/impl/state/RenderState
instanceKlass com/sun/scenario/effect/impl/prism/PrRenderInfo
instanceKlass com/sun/scenario/effect/ImageDataRenderer
instanceKlass java/util/Collections$UnmodifiableList$1
instanceKlass com/sun/javafx/geom/AreaIterator
instanceKlass com/sun/javafx/geom/Edge
instanceKlass com/sun/javafx/geom/ChainEnd
instanceKlass com/sun/javafx/geom/CurveLink
instanceKlass com/sun/javafx/geom/AreaOp$$Lambda$1386
instanceKlass com/sun/javafx/geom/AreaOp
instanceKlass com/sun/javafx/geom/Curve
instanceKlass com/sun/prism/impl/ps/CachingShapeRepState$CSRDisposerRecord
instanceKlass com/sun/prism/impl/ps/CachingShapeRepState$MaskTexData
instanceKlass com/sun/prism/impl/ps/CachingShapeRepState$MaskCache$$Lambda$1385
instanceKlass com/sun/prism/impl/ps/CachingShapeRepState$CacheEntry
instanceKlass com/sun/prism/impl/ps/CachingShapeRepState$MaskCache
instanceKlass com/sun/prism/impl/ps/CachingShapeRepState
instanceKlass com/sun/prism/impl/ps/CachingShapeRep
instanceKlass com/sun/javafx/image/impl/ByteGray$Accessor
instanceKlass com/sun/javafx/image/impl/ByteGray
instanceKlass com/sun/prism/shader/Texture_Color_Loader
instanceKlass com/sun/openpisces/Renderer$ScanlineIterator
instanceKlass com/sun/prism/impl/shape/OpenPiscesRasterizer$Consumer
instanceKlass com/sun/openpisces/AlphaConsumer
instanceKlass com/sun/openpisces/Helpers
instanceKlass com/sun/openpisces/TransformingPathConsumer2D
instanceKlass com/sun/openpisces/TransformingPathConsumer2D$FilterSet
instanceKlass com/sun/openpisces/Dasher
instanceKlass com/sun/openpisces/Stroker$PolyStack
instanceKlass com/sun/openpisces/Stroker
instanceKlass com/sun/openpisces/Curve
instanceKlass com/sun/openpisces/Renderer
instanceKlass com/sun/prism/impl/shape/OpenPiscesPrismUtils
instanceKlass com/sun/prism/impl/shape/OpenPiscesRasterizer
instanceKlass com/sun/prism/impl/shape/ShapeRasterizer
instanceKlass com/sun/prism/impl/shape/ShapeUtil
instanceKlass com/sun/prism/shader/Solid_Color_Loader
instanceKlass com/sun/prism/impl/shape/BasicShapeRep
instanceKlass com/sun/prism/shape/ShapeRep
instanceKlass com/sun/prism/shader/FillPgram_LinearGradient_PAD_Loader
instanceKlass com/sun/prism/impl/ps/PaintHelper
instanceKlass com/sun/prism/paint/Stop
instanceKlass com/sun/javafx/sg/prism/RegionImageCache$CachedImage
instanceKlass com/sun/prism/impl/BaseResourceFactory$1
instanceKlass com/sun/javafx/sg/prism/RegionImageCache
instanceKlass com/sun/prism/impl/BufferUtil$$Lambda$1384
instanceKlass com/sun/prism/impl/BufferUtil
instanceKlass com/sun/prism/impl/packrect/Level
instanceKlass com/sun/prism/impl/shape/MaskData
instanceKlass com/sun/prism/impl/GlyphCache$GlyphData
instanceKlass com/sun/prism/shader/Solid_TextureSecondPassLCD_Loader
instanceKlass com/sun/prism/shader/Solid_TextureFirstPassLCD_Loader
instanceKlass com/sun/prism/impl/packrect/RectanglePacker
instanceKlass com/sun/prism/impl/GlyphCache
instanceKlass com/sun/scenario/effect/ImageData$$Lambda$1383
instanceKlass com/sun/prism/PrinterGraphics
instanceKlass com/sun/prism/shader/FillRoundRect_Color_Loader
instanceKlass com/sun/javafx/geom/transform/Affine2D$1
instanceKlass com/sun/javafx/sg/prism/EffectFilter
instanceKlass com/sun/scenario/effect/GaussianShadow$1
instanceKlass com/sun/javafx/tk/Toolkit$1
instanceKlass com/sun/scenario/effect/impl/state/LinearConvolveKernel
instanceKlass com/sun/scenario/effect/Color4f
instanceKlass com/sun/javafx/sg/prism/CacheFilter
instanceKlass javafx/scene/effect/Effect$1
instanceKlass com/jfoenix/concurrency/JFXUtilities
instanceKlass com/jfoenix/skins/JFXTextFieldSkin$$Lambda$15
instanceKlass com/sun/javafx/geometry/BoundsUtils
instanceKlass javafx/scene/control/TextInputControl$TextInputControlFromatterAccessor
instanceKlass javafx/animation/AnimationTimer$AnimationTimerReceiver$$Lambda$1382
instanceKlass javafx/scene/chart/Axis$TickMark
instanceKlass javafx/scene/chart/XYChart$9
instanceKlass javafx/geometry/Dimension2D
instanceKlass java/text/FieldPosition$Delegate
instanceKlass com/sun/javafx/tk/FontMetrics
instanceKlass com/sun/javafx/font/PrismFontUtils
instanceKlass java/time/format/DateTimeFormatterBuilder$3
instanceKlass java/time/LocalDate$1
instanceKlass java/time/format/DateTimePrintContext
instanceKlass sun/util/resources/LocaleData$2
instanceKlass com/sun/javafx/scene/control/skin/TableCellSkinBase$$Lambda$1381
instanceKlass com/sun/javafx/scene/control/skin/TableRowSkinBase$$Lambda$1380
instanceKlass com/sun/javafx/property/PropertyReference
instanceKlass javafx/scene/control/TableColumn$CellDataFeatures
instanceKlass javafx/scene/control/TableCell$$Lambda$1379
instanceKlass javafx/scene/control/TableCell$$Lambda$1378
instanceKlass javafx/scene/control/TableCell$$Lambda$1377
instanceKlass javafx/scene/control/TableCell$$Lambda$1376
instanceKlass javafx/scene/control/TableCell$$Lambda$1375
instanceKlass javafx/scene/control/TableCell$$Lambda$1374
instanceKlass javafx/scene/control/TableCell$$Lambda$1373
instanceKlass javafx/scene/control/TableCell$$Lambda$1372
instanceKlass com/sun/javafx/scene/control/skin/TableRowSkinBase$$Lambda$1371
instanceKlass com/sun/javafx/scene/control/skin/VirtualFlow$$Lambda$1370
instanceKlass javafx/scene/control/TableRow$$Lambda$1369
instanceKlass javafx/scene/control/TableRow$$Lambda$1368
instanceKlass javafx/scene/control/TableRow$$Lambda$1367
instanceKlass com/sun/javafx/scene/control/skin/TableColumnHeader$$Lambda$1366
instanceKlass javafx/scene/layout/Region$11
instanceKlass com/sun/javafx/scene/control/behavior/TextBinding
instanceKlass com/jfoenix/skins/JFXButtonSkin$$Lambda$9
instanceKlass com/sun/javafx/text/ScriptMapper
instanceKlass sun/text/bidi/BidiLine
instanceKlass sun/text/normalizer/UTF16
instanceKlass sun/text/normalizer/CharTrie$FriendAgent
instanceKlass sun/text/normalizer/Trie$DefaultGetFoldingOffset
instanceKlass sun/text/normalizer/Trie$DataManipulate
instanceKlass sun/text/normalizer/Trie
instanceKlass sun/text/normalizer/ICUBinary
instanceKlass sun/text/normalizer/UBiDiProps$IsAcceptable
instanceKlass sun/text/normalizer/ICUBinary$Authenticate
instanceKlass sun/text/normalizer/ICUData
instanceKlass sun/text/normalizer/UBiDiProps
instanceKlass sun/text/bidi/BidiBase$Point
instanceKlass sun/text/bidi/BidiBase$InsertPoints
instanceKlass sun/text/bidi/BidiRun
instanceKlass sun/text/bidi/BidiBase$ImpTabPair
instanceKlass sun/text/bidi/BidiBase
instanceKlass java/text/Bidi
instanceKlass javafx/scene/chart/Chart$StyleableProperties
instanceKlass javafx/scene/chart/XYChart$StyleableProperties
instanceKlass javafx/scene/chart/BarChart$StyleableProperties
instanceKlass javafx/scene/layout/TilePane$StyleableProperties
instanceKlass javafx/scene/chart/ValueAxis$StyleableProperties
instanceKlass javafx/scene/chart/NumberAxis$StyleableProperties
instanceKlass javafx/scene/chart/Axis$StyleableProperties
instanceKlass javafx/scene/chart/CategoryAxis$StyleableProperties
instanceKlass com/sun/javafx/scene/control/skin/ListViewSkin$$Lambda$1365
instanceKlass com/sun/javafx/scene/control/skin/ListViewSkin$$Lambda$1364
instanceKlass com/sun/javafx/scene/control/skin/ListViewSkin$$Lambda$1363
instanceKlass com/sun/javafx/scene/control/skin/ListViewSkin$$Lambda$1362
instanceKlass com/sun/javafx/scene/control/skin/ListViewSkin$$Lambda$1361
instanceKlass com/sun/javafx/scene/control/skin/ListViewSkin$$Lambda$1360
instanceKlass com/sun/javafx/scene/control/skin/ListViewSkin$$Lambda$1359
instanceKlass com/sun/javafx/scene/control/skin/ListViewSkin$$Lambda$1358
instanceKlass com/sun/javafx/scene/control/skin/ListViewSkin$$Lambda$1357
instanceKlass com/sun/javafx/scene/control/skin/ListViewSkin$$Lambda$1356
instanceKlass com/sun/javafx/scene/control/skin/ListViewSkin$1
instanceKlass com/sun/javafx/scene/control/skin/ListViewSkin$$Lambda$1355
instanceKlass com/sun/javafx/scene/control/skin/ListViewSkin$$Lambda$1354
instanceKlass com/sun/javafx/scene/control/behavior/ListViewBehavior$2
instanceKlass com/sun/javafx/scene/control/behavior/ListViewBehavior$1
instanceKlass com/sun/javafx/scene/control/behavior/ListViewBehavior$$Lambda$1353
instanceKlass com/sun/javafx/scene/control/behavior/ListViewBehavior$$Lambda$1352
instanceKlass com/sun/javafx/scene/control/skin/ListViewSkin$$Lambda$1351
instanceKlass com/jfoenix/skins/JFXComboBoxListViewSkin$StyleableProperties
instanceKlass com/jfoenix/skins/JFXComboBoxListViewSkin$$Lambda$20
instanceKlass com/jfoenix/skins/JFXComboBoxListViewSkin$$Lambda$19
instanceKlass com/jfoenix/skins/JFXComboBoxListViewSkin$$Lambda$18
instanceKlass com/jfoenix/skins/JFXComboBoxListViewSkin$$Lambda$17
instanceKlass com/jfoenix/skins/JFXComboBoxListViewSkin$$Lambda$16
instanceKlass com/jfoenix/skins/JFXComboBoxListViewSkin$$Lambda$15
instanceKlass com/jfoenix/skins/JFXComboBoxListViewSkin$$Lambda$14
instanceKlass com/jfoenix/skins/JFXComboBoxListViewSkin$$Lambda$12
instanceKlass com/jfoenix/skins/JFXComboBoxListViewSkin$$Lambda$11
instanceKlass com/jfoenix/skins/JFXComboBoxListViewSkin$$Lambda$10
instanceKlass com/jfoenix/skins/JFXComboBoxListViewSkin$$Lambda$9
instanceKlass com/jfoenix/skins/JFXComboBoxListViewSkin$$Lambda$8
instanceKlass com/jfoenix/skins/JFXComboBoxListViewSkin$$Lambda$7
instanceKlass com/jfoenix/skins/JFXComboBoxListViewSkin$$Lambda$6
instanceKlass com/jfoenix/skins/JFXComboBoxListViewSkin$$Lambda$5
instanceKlass com/jfoenix/skins/JFXComboBoxListViewSkin$$Lambda$4
instanceKlass com/jfoenix/skins/JFXComboBoxListViewSkin$$Lambda$3
instanceKlass com/jfoenix/skins/JFXComboBoxListViewSkin$$Lambda$2
instanceKlass com/jfoenix/skins/JFXComboBoxListViewSkin$$Lambda$1
instanceKlass com/sun/javafx/collections/MappingChange$1
instanceKlass com/sun/javafx/scene/control/skin/CellSkinBase$StyleableProperties
instanceKlass javafx/scene/control/ListView$StyleableProperties
instanceKlass com/sun/javafx/scene/control/skin/ComboBoxListViewSkin$$Lambda$1350
instanceKlass com/sun/javafx/scene/control/skin/ComboBoxListViewSkin$$Lambda$1349
instanceKlass com/sun/javafx/scene/control/skin/ComboBoxListViewSkin$$Lambda$1348
instanceKlass com/sun/javafx/scene/control/skin/ComboBoxListViewSkin$$Lambda$1347
instanceKlass javafx/scene/control/ListView$$Lambda$1346
instanceKlass javafx/scene/control/ListView$ListViewFocusModel$1
instanceKlass javafx/scene/control/ListView$ListViewFocusModel$$Lambda$1345
instanceKlass javafx/scene/control/ListView$ListViewBitSetSelectionModel$1
instanceKlass javafx/scene/control/ListView$ListViewBitSetSelectionModel$2
instanceKlass javafx/scene/control/ListView$$Lambda$1344
instanceKlass com/sun/javafx/scene/control/skin/ComboBoxListViewSkin$$Lambda$1343
instanceKlass com/sun/javafx/scene/control/skin/ComboBoxListViewSkin$1
instanceKlass com/jfoenix/skins/JFXTextFieldSkin$$Lambda$14
instanceKlass com/jfoenix/skins/JFXTextFieldSkin$$Lambda$13
instanceKlass com/jfoenix/skins/JFXTextFieldSkin$$Lambda$12
instanceKlass com/jfoenix/skins/JFXTextFieldSkin$$Lambda$11
instanceKlass com/jfoenix/skins/JFXTextFieldSkin$$Lambda$10
instanceKlass com/jfoenix/skins/JFXTextFieldSkin$$Lambda$9
instanceKlass com/jfoenix/skins/JFXTextFieldSkin$$Lambda$8
instanceKlass com/jfoenix/skins/JFXTextFieldSkin$$Lambda$7
instanceKlass com/jfoenix/skins/JFXTextFieldSkin$$Lambda$6
instanceKlass com/jfoenix/skins/JFXTextFieldSkin$$Lambda$5
instanceKlass com/jfoenix/skins/JFXTextFieldSkin$$Lambda$4
instanceKlass com/jfoenix/skins/JFXTextFieldSkin$$Lambda$3
instanceKlass com/jfoenix/skins/JFXTextFieldSkin$$Lambda$2
instanceKlass com/jfoenix/skins/JFXTextFieldSkin$$Lambda$1
instanceKlass com/sun/javafx/geom/Path2D$SVGParser
instanceKlass com/jfoenix/svg/SVGGlyph$$Lambda$2
instanceKlass com/jfoenix/svg/SVGGlyph$$Lambda$1
instanceKlass com/jfoenix/svg/SVGGlyph$StyleableProperties
instanceKlass com/jfoenix/skins/JFXDatePickerSkin$$Lambda$1
instanceKlass com/sun/javafx/scene/control/skin/ComboBoxPopupControl$3
instanceKlass com/sun/javafx/scene/control/skin/ComboBoxPopupControl$1
instanceKlass com/sun/javafx/scene/control/skin/ComboBoxPopupControl$$Lambda$1342
instanceKlass com/sun/javafx/scene/control/skin/ComboBoxPopupControl$$Lambda$1341
instanceKlass com/sun/javafx/scene/control/skin/ComboBoxPopupControl$$Lambda$1340
instanceKlass com/sun/javafx/scene/control/skin/ComboBoxPopupControl$$Lambda$1339
instanceKlass com/sun/javafx/scene/control/skin/ComboBoxPopupControl$$Lambda$1338
instanceKlass com/sun/javafx/scene/control/skin/ComboBoxBaseSkin$$Lambda$1337
instanceKlass com/sun/javafx/scene/control/skin/ComboBoxBaseSkin$$Lambda$1336
instanceKlass com/sun/javafx/scene/control/skin/ComboBoxBaseSkin$$Lambda$1335
instanceKlass com/sun/javafx/scene/control/skin/ComboBoxBaseSkin$$Lambda$1334
instanceKlass com/sun/javafx/scene/control/skin/ComboBoxBaseSkin$$Lambda$1333
instanceKlass com/sun/javafx/scene/control/skin/ScrollBarSkin$$Lambda$1332
instanceKlass com/sun/javafx/scene/control/skin/ScrollBarSkin$$Lambda$1331
instanceKlass com/sun/javafx/scene/control/skin/ScrollBarSkin$$Lambda$1330
instanceKlass com/sun/javafx/scene/control/skin/ScrollBarSkin$$Lambda$1329
instanceKlass com/sun/javafx/scene/control/skin/ScrollBarSkin$$Lambda$1328
instanceKlass com/sun/javafx/scene/control/skin/ScrollBarSkin$$Lambda$1327
instanceKlass com/sun/javafx/scene/control/skin/ScrollBarSkin$$Lambda$1326
instanceKlass com/sun/javafx/scene/control/skin/ScrollBarSkin$$Lambda$1325
instanceKlass com/sun/javafx/scene/control/skin/ScrollBarSkin$$Lambda$1324
instanceKlass com/sun/javafx/scene/control/skin/ScrollBarSkin$$Lambda$1323
instanceKlass com/sun/javafx/scene/control/skin/ScrollBarSkin$$Lambda$1322
instanceKlass javafx/scene/layout/BorderStroke
instanceKlass javafx/scene/layout/BorderStrokeStyle
instanceKlass com/sun/javafx/scene/layout/region/Margins
instanceKlass javafx/collections/FXCollections$UnmodifiableObservableSet$1
instanceKlass com/sun/javafx/scene/control/skin/TableViewSkin$$Lambda$1321
instanceKlass com/sun/javafx/scene/control/skin/TableViewSkin$$Lambda$1320
instanceKlass com/sun/javafx/scene/control/skin/TableViewSkin$$Lambda$1319
instanceKlass com/sun/javafx/scene/control/skin/TableViewSkin$$Lambda$1318
instanceKlass com/sun/javafx/scene/control/skin/TableViewSkin$$Lambda$1317
instanceKlass com/sun/javafx/scene/control/skin/TableViewSkin$$Lambda$1316
instanceKlass com/sun/javafx/scene/control/skin/TableViewSkin$$Lambda$1315
instanceKlass com/sun/javafx/scene/control/skin/TableViewSkin$$Lambda$1314
instanceKlass com/sun/javafx/scene/control/skin/TableViewSkin$$Lambda$1313
instanceKlass com/sun/javafx/scene/control/skin/TableViewSkin$$Lambda$1312
instanceKlass com/sun/javafx/scene/control/skin/TableViewSkin$$Lambda$1311
instanceKlass com/sun/javafx/scene/control/skin/TableViewSkinBase$$Lambda$1310
instanceKlass com/sun/javafx/scene/control/skin/TableViewSkinBase$$Lambda$1309
instanceKlass com/sun/javafx/scene/control/skin/TableViewSkinBase$1
instanceKlass com/sun/javafx/scene/control/skin/TableViewSkinBase$$Lambda$1308
instanceKlass com/sun/javafx/scene/control/skin/TableColumnHeader$StyleableProperties
instanceKlass com/sun/javafx/scene/control/skin/TableHeaderRow$$Lambda$1307
instanceKlass com/sun/javafx/scene/control/skin/TableHeaderRow$$Lambda$1306
instanceKlass com/sun/javafx/scene/control/skin/TableHeaderRow$$Lambda$1305
instanceKlass com/sun/javafx/scene/control/skin/NestedTableColumnHeader$$Lambda$1304
instanceKlass com/sun/javafx/scene/control/skin/TableColumnHeader$$Lambda$1303
instanceKlass com/sun/javafx/scene/control/skin/TableColumnHeader$$Lambda$1302
instanceKlass com/sun/javafx/scene/control/skin/TableColumnHeader$$Lambda$1301
instanceKlass com/sun/javafx/scene/control/skin/TableColumnHeader$$Lambda$1300
instanceKlass com/sun/javafx/scene/control/skin/NestedTableColumnHeader$4
instanceKlass com/sun/javafx/scene/control/skin/NestedTableColumnHeader$3
instanceKlass com/sun/javafx/scene/control/skin/NestedTableColumnHeader$2
instanceKlass com/sun/javafx/scene/control/skin/NestedTableColumnHeader$1
instanceKlass com/sun/javafx/scene/control/skin/TableColumnHeader$$Lambda$1299
instanceKlass com/sun/javafx/scene/control/skin/TableColumnHeader$$Lambda$1298
instanceKlass com/sun/javafx/scene/control/skin/TableColumnHeader$$Lambda$1297
instanceKlass com/sun/javafx/scene/control/skin/TableColumnHeader$$Lambda$1296
instanceKlass javafx/beans/value/WritableLongValue
instanceKlass javafx/beans/value/WritableFloatValue
instanceKlass com/sun/javafx/binding/BidirectionalBinding
instanceKlass com/sun/javafx/scene/control/skin/TableHeaderRow$$Lambda$1295
instanceKlass com/sun/javafx/scene/control/skin/TableHeaderRow$$Lambda$1294
instanceKlass com/sun/javafx/scene/control/skin/TableHeaderRow$3
instanceKlass com/sun/javafx/scene/control/skin/TableHeaderRow$$Lambda$1293
instanceKlass com/sun/javafx/scene/control/skin/TableHeaderRow$$Lambda$1292
instanceKlass com/sun/javafx/scene/control/skin/TableViewSkinBase$$Lambda$1291
instanceKlass com/sun/javafx/scene/control/skin/TableViewSkinBase$$Lambda$1290
instanceKlass com/sun/javafx/scene/control/skin/TableViewSkinBase$$Lambda$1289
instanceKlass com/sun/javafx/scene/control/skin/TableViewSkinBase$$Lambda$1288
instanceKlass com/sun/javafx/scene/control/skin/TableViewSkinBase$$Lambda$1287
instanceKlass com/sun/javafx/scene/control/skin/TableViewSkinBase$$Lambda$1286
instanceKlass com/sun/javafx/scene/control/skin/VirtualContainerBase$$Lambda$1285
instanceKlass com/sun/javafx/scene/control/skin/VirtualFlow$4
instanceKlass com/sun/javafx/scene/control/skin/VirtualFlow$$Lambda$1284
instanceKlass com/sun/javafx/scene/control/skin/VirtualFlow$$Lambda$1283
instanceKlass com/sun/javafx/scene/control/skin/VirtualFlow$$Lambda$1282
instanceKlass com/sun/javafx/scene/control/skin/VirtualFlow$$Lambda$1281
instanceKlass com/sun/javafx/scene/control/skin/VirtualFlow$$Lambda$1280
instanceKlass com/sun/javafx/scene/control/skin/VirtualFlow$$Lambda$1279
instanceKlass com/sun/javafx/scene/control/skin/VirtualFlow$$Lambda$1278
instanceKlass com/sun/javafx/scene/control/skin/VirtualFlow$$Lambda$1277
instanceKlass com/sun/javafx/scene/control/skin/VirtualFlow$$Lambda$1276
instanceKlass com/sun/javafx/scene/control/skin/VirtualFlow$3
instanceKlass com/sun/javafx/scene/control/skin/VirtualFlow$2
instanceKlass com/sun/javafx/scene/control/skin/VirtualFlow$$Lambda$1275
instanceKlass com/sun/javafx/scene/control/skin/VirtualFlow$$Lambda$1274
instanceKlass com/sun/javafx/scene/control/skin/VirtualFlow$$Lambda$1273
instanceKlass com/sun/javafx/scene/control/skin/VirtualFlow$ClippedContainer$$Lambda$1272
instanceKlass com/sun/javafx/scene/control/skin/VirtualFlow$ClippedContainer$$Lambda$1271
instanceKlass com/sun/javafx/scene/control/skin/VirtualScrollBar$$Lambda$1270
instanceKlass com/sun/javafx/scene/control/behavior/TableViewBehavior$$Lambda$1269
instanceKlass com/sun/javafx/scene/control/behavior/TableViewBehaviorBase$$Lambda$1268
instanceKlass com/sun/javafx/scene/control/SizeLimitedList
instanceKlass com/sun/javafx/scene/control/behavior/KeyBinding$1
instanceKlass com/sun/javafx/scene/control/skin/TableViewSkinBase$$Lambda$1267
instanceKlass com/sun/javafx/font/freetype/FT_Bitmap
instanceKlass com/sun/javafx/font/freetype/FT_Glyph_Metrics
instanceKlass com/sun/javafx/font/freetype/FT_GlyphSlotRec
instanceKlass com/sun/javafx/font/freetype/FTGlyph
instanceKlass com/sun/javafx/font/Glyph
instanceKlass com/sun/javafx/font/CMap
instanceKlass com/sun/javafx/font/PrismFontStrike
instanceKlass com/sun/javafx/geom/Path2D$Iterator
instanceKlass com/sun/javafx/geom/PathIterator
instanceKlass com/sun/javafx/geom/PathConsumer2D
instanceKlass com/sun/javafx/scene/shape/PathUtils
instanceKlass com/sun/javafx/scene/control/skin/TextFieldSkin$8
instanceKlass com/sun/javafx/scene/control/skin/TextInputControlSkin$StyleableProperties
instanceKlass com/sun/javafx/scene/control/skin/TextFieldSkin$$Lambda$1266
instanceKlass com/sun/javafx/scene/control/skin/TextFieldSkin$$Lambda$1265
instanceKlass com/sun/javafx/scene/control/skin/TextFieldSkin$$Lambda$1264
instanceKlass com/sun/javafx/scene/control/skin/TextFieldSkin$$Lambda$1263
instanceKlass com/sun/javafx/scene/control/skin/TextFieldSkin$$Lambda$1262
instanceKlass com/sun/javafx/scene/control/skin/TextFieldSkin$$Lambda$1261
instanceKlass com/sun/javafx/util/WeakReferenceQueue$1
instanceKlass javafx/scene/text/Text$9
instanceKlass com/sun/javafx/text/TextLine
instanceKlass com/sun/javafx/scene/text/TextLine
instanceKlass com/sun/javafx/font/CharToGlyphMapper
instanceKlass com/sun/javafx/font/PrismMetrics
instanceKlass com/sun/javafx/font/Metrics
instanceKlass com/sun/javafx/text/LayoutCache
instanceKlass com/sun/javafx/text/TextRun
instanceKlass com/sun/javafx/scene/text/GlyphList
instanceKlass javafx/scene/shape/Shape$StrokeAttributes
instanceKlass com/sun/javafx/scene/control/skin/TextFieldSkin$$Lambda$1260
instanceKlass javafx/beans/binding/Bindings$ShortCircuitAndInvalidator
instanceKlass javafx/beans/value/ObservableLongValue
instanceKlass javafx/beans/value/ObservableFloatValue
instanceKlass com/sun/javafx/scene/control/skin/TextFieldSkin$$Lambda$1259
instanceKlass com/sun/javafx/scene/control/skin/TextFieldSkin$$Lambda$1258
instanceKlass com/sun/javafx/scene/control/skin/TextFieldSkin$$Lambda$1257
instanceKlass com/sun/javafx/scene/control/skin/TextInputControlSkin$11
instanceKlass com/sun/javafx/scene/control/skin/TextInputControlSkin$$Lambda$1256
instanceKlass com/sun/javafx/scene/control/skin/TextInputControlSkin$ContextMenuItem$$Lambda$1255
instanceKlass com/sun/javafx/scene/control/skin/TextInputControlSkin$CaretBlinking$$Lambda$1254
instanceKlass com/sun/javafx/scene/control/skin/TextInputControlSkin$CaretBlinking$$Lambda$1253
instanceKlass com/sun/javafx/scene/control/skin/TextInputControlSkin$CaretBlinking
instanceKlass com/sun/javafx/scene/control/behavior/TextFieldBehavior$$Lambda$1252
instanceKlass com/sun/javafx/scene/control/behavior/TextFieldBehavior$$Lambda$1251
instanceKlass com/sun/javafx/scene/control/behavior/TextFieldBehavior$$Lambda$1250
instanceKlass com/sun/javafx/scene/control/behavior/TextInputControlBehavior$$Lambda$1249
instanceKlass com/sun/javafx/scene/control/behavior/TextInputControlBindings
instanceKlass com/sun/javafx/scene/control/skin/TextInputControlSkin$$Lambda$1248
instanceKlass com/sun/javafx/scene/control/skin/ScrollPaneSkin$$Lambda$1247
instanceKlass com/sun/javafx/scene/control/skin/ScrollPaneSkin$$Lambda$1246
instanceKlass com/sun/javafx/scene/control/skin/ScrollPaneSkin$$Lambda$1245
instanceKlass com/sun/javafx/scene/control/skin/ScrollPaneSkin$$Lambda$1244
instanceKlass com/sun/javafx/scene/control/skin/ScrollPaneSkin$$Lambda$1243
instanceKlass com/sun/javafx/scene/control/skin/ScrollPaneSkin$$Lambda$1242
instanceKlass com/sun/javafx/scene/control/skin/ScrollPaneSkin$$Lambda$1241
instanceKlass com/sun/javafx/scene/control/skin/ScrollPaneSkin$$Lambda$1240
instanceKlass com/sun/javafx/scene/control/skin/ScrollPaneSkin$$Lambda$1239
instanceKlass com/sun/javafx/scene/control/skin/ScrollPaneSkin$$Lambda$1238
instanceKlass com/sun/javafx/scene/control/skin/ScrollPaneSkin$$Lambda$1237
instanceKlass com/sun/javafx/scene/control/skin/ScrollPaneSkin$$Lambda$1236
instanceKlass javafx/scene/control/ScrollBar$StyleableProperties
instanceKlass com/sun/javafx/scene/control/skin/resources/ControlResources
instanceKlass javafx/scene/control/DatePicker$StyleableProperties
instanceKlass com/sun/javafx/scene/control/ControlAcceleratorSupport$$Lambda$1235
instanceKlass com/sun/javafx/scene/control/ControlAcceleratorSupport$$Lambda$1234
instanceKlass javafx/scene/control/TableView$StyleableProperties
instanceKlass javafx/scene/control/TextInputControl$StyleableProperties
instanceKlass javafx/scene/control/TextField$StyleableProperties
instanceKlass javafx/scene/shape/Rectangle$StyleableProperties
instanceKlass com/sun/javafx/scene/control/skin/ScrollPaneSkin$$Lambda$1233
instanceKlass com/sun/javafx/scene/control/skin/ScrollPaneSkin$2
instanceKlass com/sun/javafx/scene/control/skin/ScrollPaneSkin$1
instanceKlass com/sun/javafx/scene/traversal/TraverseListener
instanceKlass com/sun/javafx/css/BitSet$1
instanceKlass javafx/scene/control/SkinBase$StyleableProperties
instanceKlass com/sun/javafx/scene/control/Logging
instanceKlass com/jfoenix/skins/JFXButtonSkin$2
instanceKlass com/jfoenix/skins/JFXButtonSkin$$Lambda$8
instanceKlass com/jfoenix/skins/JFXButtonSkin$$Lambda$7
instanceKlass com/jfoenix/skins/JFXButtonSkin$$Lambda$6
instanceKlass com/jfoenix/skins/JFXButtonSkin$$Lambda$5
instanceKlass com/jfoenix/skins/JFXButtonSkin$$Lambda$4
instanceKlass com/jfoenix/skins/JFXButtonSkin$$Lambda$3
instanceKlass com/jfoenix/skins/JFXButtonSkin$$Lambda$2
instanceKlass com/jfoenix/skins/JFXButtonSkin$$Lambda$1
instanceKlass com/jfoenix/controls/JFXRippler$$Lambda$1
instanceKlass com/jfoenix/controls/JFXRippler$$Lambda$5
instanceKlass com/jfoenix/controls/JFXRippler$$Lambda$4
instanceKlass com/jfoenix/controls/JFXRippler$$Lambda$2
instanceKlass com/jfoenix/converters/RipplerMaskTypeConverter$Holder
instanceKlass com/jfoenix/controls/JFXRippler$StyleableProperties
instanceKlass com/sun/javafx/scene/control/skin/ButtonSkin$$Lambda$1232
instanceKlass com/sun/javafx/scene/control/skin/ButtonSkin$$Lambda$1231
instanceKlass com/sun/javafx/scene/control/MultiplePropertyChangeListenerHandler$1
instanceKlass com/sun/javafx/scene/control/skin/BehaviorSkinBase$$Lambda$1230
instanceKlass com/sun/javafx/scene/control/MultiplePropertyChangeListenerHandler
instanceKlass com/sun/javafx/font/Disposer$1
instanceKlass com/sun/javafx/font/Disposer
instanceKlass com/sun/javafx/font/CompositeStrikeDisposer
instanceKlass com/sun/javafx/font/DisposerRecord
instanceKlass com/sun/javafx/font/CompositeStrike
instanceKlass com/sun/javafx/font/FontStrike
instanceKlass com/sun/javafx/font/FontStrikeDesc
instanceKlass javafx/scene/text/Text$TextAttribute
instanceKlass javafx/scene/shape/Shape$StyleableProperties
instanceKlass javafx/scene/text/Text$StyleableProperties
instanceKlass com/sun/javafx/scene/control/skin/LabeledSkinBase$$Lambda$1229
instanceKlass com/sun/javafx/scene/control/skin/BehaviorSkinBase$2
instanceKlass com/sun/javafx/scene/control/skin/BehaviorSkinBase$1
instanceKlass com/sun/javafx/scene/control/behavior/BehaviorBase$$Lambda$1228
instanceKlass com/sun/javafx/scene/control/behavior/BehaviorBase$$Lambda$1227
instanceKlass com/sun/javafx/robot/impl/FXRobotHelper$FXRobotInputAccessor
instanceKlass com/sun/javafx/scene/control/behavior/KeyBinding
instanceKlass com/sun/javafx/scene/control/behavior/BehaviorBase
instanceKlass javafx/scene/control/SkinBase$$Lambda$1226
instanceKlass javafx/scene/paint/Stop
instanceKlass com/sun/javafx/css/parser/StopConverter$Holder
instanceKlass com/sun/javafx/css/parser/LadderConverter$Holder
instanceKlass com/sun/javafx/css/parser/DeriveColorConverter$Holder
instanceKlass javafx/scene/layout/HBox$StyleableProperties
instanceKlass javafx/scene/layout/StackPane$StyleableProperties
instanceKlass javafx/scene/layout/VBox$StyleableProperties
instanceKlass javafx/scene/control/ScrollPane$StyleableProperties
instanceKlass javafx/scene/control/Labeled$StyleableProperties
instanceKlass com/sun/javafx/css/converters/FontConverter$FontSizeConverter$Holder
instanceKlass com/elikya/apps/rhoe/desk/controller/SalesController$$Lambda$1225
instanceKlass com/elikya/apps/rhoe/desk/controller/SalesController$$Lambda$1224
instanceKlass com/elikya/apps/rhoe/desk/chart/SalesDataGrouper$$Lambda$1223
instanceKlass com/elikya/apps/rhoe/desk/chart/SalesDataGrouper$$Lambda$1222
instanceKlass org/hibernate/collection/internal/AbstractPersistentCollection$IteratorProxy
instanceKlass com/elikya/apps/rhoe/desk/chart/SalesDataGrouper$$Lambda$1221
instanceKlass com/elikya/apps/rhoe/desk/chart/SalesDataGrouper$$Lambda$1220
instanceKlass com/elikya/apps/rhoe/desk/controller/SalesController$$Lambda$1219
instanceKlass com/elikya/apps/rhoe/desk/controller/SalesController$$Lambda$1218
instanceKlass com/elikya/apps/rhoe/desk/controller/SalesController$$Lambda$1217
instanceKlass com/elikya/apps/rhoe/desk/chart/SalesCharter$$Lambda$1216
instanceKlass com/elikya/apps/rhoe/desk/chart/SalesCharter$$Lambda$1215
instanceKlass com/sun/javafx/charts/Legend$LegendItem
instanceKlass com/sun/javafx/charts/Legend$$Lambda$1214
instanceKlass javafx/scene/layout/TilePane$$Lambda$1213
instanceKlass javafx/scene/chart/XYChart$$Lambda$1212
instanceKlass javafx/scene/chart/XYChart$$Lambda$1211
instanceKlass javafx/scene/chart/XYChart$$Lambda$1210
instanceKlass javafx/scene/chart/XYChart$$Lambda$1209
instanceKlass javafx/beans/property/BooleanPropertyBase$Listener
instanceKlass javafx/scene/chart/CategoryAxis$$Lambda$1208
instanceKlass com/elikya/apps/rhoe/desk/chart/ChartsUtils$$Lambda$1207
instanceKlass java/util/function/BinaryOperator$$Lambda$1206
instanceKlass com/elikya/apps/rhoe/desk/chart/ChartsUtils$$Lambda$1205
instanceKlass com/elikya/apps/rhoe/desk/chart/ChartsUtils$$Lambda$1204
instanceKlass com/elikya/apps/rhoe/desk/chart/ChartsUtils
instanceKlass javafx/scene/chart/NumberAxis$DefaultFormatter$$Lambda$1203
instanceKlass javafx/scene/chart/XYChart$Series$1
instanceKlass java/text/DigitList$1
instanceKlass com/elikya/apps/rhoe/desk/util/FloatFormatter
instanceKlass java/util/stream/Collectors$$Lambda$1202
instanceKlass java/util/stream/Collectors$$Lambda$1201
instanceKlass java/util/stream/Collectors$$Lambda$1200
instanceKlass java/util/stream/Collectors$$Lambda$1199
instanceKlass com/elikya/apps/rhoe/desk/chart/SalesDataGrouper$$Lambda$1198
instanceKlass java/lang/invoke/LambdaForm$DMH
instanceKlass com/elikya/apps/rhoe/desk/ui/PeriodsNames
instanceKlass com/elikya/apps/rhoe/desk/chart/SalesDataGrouper$$Lambda$1197
instanceKlass java/util/stream/Collectors$$Lambda$1196
instanceKlass com/elikya/apps/rhoe/desk/chart/SalesDataGrouper$$Lambda$1195
instanceKlass com/elikya/apps/rhoe/desk/chart/SalesDataGrouper
instanceKlass com/elikya/apps/rhoe/desk/chart/SalesCharter$1
instanceKlass com/elikya/apps/rhoe/desk/chart/SalesCharter
instanceKlass com/elikya/apps/rhoe/desk/controller/SalesController$$Lambda$1194
instanceKlass com/elikya/apps/rhoe/desk/controller/SalesController$$Lambda$1193
instanceKlass javafx/collections/transformation/FilteredList$$Lambda$1192
instanceKlass com/elikya/apps/rhoe/desk/controller/SalesController$$Lambda$1191
instanceKlass com/elikya/apps/rhoe/desk/controller/SalesController$$Lambda$1190
instanceKlass com/elikya/apps/rhoe/desk/controller/SalesController$$Lambda$1189
instanceKlass com/elikya/apps/rhoe/desk/controller/SalesController$$Lambda$1188
instanceKlass com/elikya/apps/rhoe/desk/controller/SalesController$$Lambda$1187
instanceKlass com/elikya/apps/rhoe/desk/controller/SalesController$$Lambda$1186
instanceKlass com/elikya/apps/rhoe/desk/controller/SalesController$$Lambda$1185
instanceKlass com/elikya/apps/rhoe/desk/controller/SalesController$$Lambda$1184
instanceKlass com/elikya/apps/rhoe/desk/controller/SalesController$$Lambda$1183
instanceKlass com/elikya/apps/rhoe/desk/controller/SalesController$$Lambda$1182
instanceKlass com/elikya/apps/rhoe/desk/controller/SalesController$$Lambda$1181
instanceKlass com/elikya/apps/rhoe/desk/controller/SalesController$$Lambda$1180
instanceKlass javafx/scene/control/cell/PropertyValueFactory
instanceKlass com/elikya/apps/rhoe/desk/controller/SalesController$$Lambda$1179
instanceKlass org/springframework/data/jpa/repository/query/AbstractJpaQuery$TupleConverter
instanceKlass org/hibernate/internal/util/collections/IdentityMap$$Lambda$1178
instanceKlass org/hibernate/engine/internal/StatefulPersistenceContext$$Lambda$1177
instanceKlass org/hibernate/loader/entity/CacheEntityLoaderHelper$PersistenceContextEntry
instanceKlass org/hibernate/internal/SessionImpl$$Lambda$1176
instanceKlass org/hibernate/event/service/spi/EventActionWithParameter
instanceKlass org/hibernate/event/spi/LoadEventListener$LoadType
instanceKlass org/hibernate/loader/plan/exec/process/internal/HydratedEntityRegistration
instanceKlass org/hibernate/loader/plan/exec/process/internal/ResultSetProcessingContextImpl$1
instanceKlass org/hibernate/loader/plan/exec/process/spi/ResultSetProcessingContext$EntityReferenceProcessingState
instanceKlass org/hibernate/loader/plan/exec/process/internal/ResultSetProcessingContextImpl
instanceKlass org/hibernate/loader/plan/exec/process/spi/ResultSetProcessingContext
instanceKlass org/hibernate/loader/plan/exec/spi/LockModeResolver
instanceKlass org/hibernate/engine/loading/internal/LoadingCollectionEntry
instanceKlass org/hibernate/engine/loading/internal/CollectionLoadContext
instanceKlass org/hibernate/loader/plan/exec/internal/AbstractLoadPlanBasedLoader$1
instanceKlass org/hibernate/loader/plan/exec/query/spi/NamedParameterContext
instanceKlass org/hibernate/loader/plan/exec/internal/AbstractLoadPlanBasedLoader$SqlStatementWrapper
instanceKlass org/hibernate/internal/SessionImpl$$Lambda$1175
instanceKlass org/hibernate/collection/internal/AbstractPersistentCollection$4
instanceKlass org/hibernate/collection/internal/AbstractPersistentCollection$LazyInitializationWork
instanceKlass org/hibernate/type/TypeHelper
instanceKlass org/hibernate/internal/util/collections/IdentityMap$IdentityKey
instanceKlass org/hibernate/internal/util/collections/IdentityMap
instanceKlass org/hibernate/engine/spi/CollectionEntry
instanceKlass org/hibernate/collection/internal/AbstractPersistentCollection
instanceKlass org/hibernate/engine/loading/internal/LoadContexts
instanceKlass org/hibernate/engine/spi/CollectionKey
instanceKlass com/mysql/cj/protocol/InternalTime
instanceKlass com/mysql/cj/protocol/InternalDate
instanceKlass org/hibernate/type/descriptor/sql/BasicBinder
instanceKlass org/hibernate/type/descriptor/ValueBinder
instanceKlass org/hibernate/engine/spi/TypedValue$1
instanceKlass org/hibernate/engine/spi/TypedValue
instanceKlass org/springframework/data/jpa/repository/query/JpaQueryMethod$$Lambda$1174
instanceKlass org/hibernate/query/spi/QueryParameterBindingValidator
instanceKlass org/hibernate/query/internal/QueryParameterBindingImpl
instanceKlass org/hibernate/query/spi/QueryParameterBinding
instanceKlass org/hibernate/jpa/TypedParameterValue
instanceKlass org/springframework/data/jpa/repository/query/QueryParameterSetter$NamedOrIndexedQueryParameterSetter$$Lambda$1173
instanceKlass javax/persistence/criteria/ParameterExpression
instanceKlass org/springframework/data/jpa/repository/query/QueryParameterSetterFactory$ParameterImpl$$Lambda$1172
instanceKlass org/springframework/data/jpa/repository/query/QueryParameterSetterFactory$ParameterImpl
instanceKlass org/springframework/data/jpa/repository/query/QueryParameterSetterFactory$$Lambda$1171
instanceKlass org/springframework/data/jpa/repository/query/QueryParameterSetter$NamedOrIndexedQueryParameterSetter
instanceKlass org/springframework/data/jpa/repository/query/QueryParameterSetter
instanceKlass org/springframework/data/jpa/repository/query/QueryParameterSetterFactory$BasicQueryParameterSetterFactory$$Lambda$1170
instanceKlass org/springframework/data/jpa/repository/query/QueryParameterSetterFactory$BasicQueryParameterSetterFactory$$Lambda$1169
instanceKlass org/springframework/data/jpa/repository/query/QueryParameterSetterFactory
instanceKlass org/springframework/data/jpa/repository/query/ParameterBinderFactory
instanceKlass org/springframework/data/jpa/repository/query/QueryParameterSetter$QueryMetadata
instanceKlass org/hibernate/transform/ResultTransformer
instanceKlass org/springframework/orm/jpa/SharedEntityManagerCreator$DeferredQueryInvocationHandler
instanceKlass org/springframework/orm/jpa/SharedEntityManagerCreator$SharedEntityManagerInvocationHandler$$Lambda$1168
instanceKlass org/springframework/data/repository/query/ParametersParameterAccessor
instanceKlass org/springframework/data/repository/query/ParameterAccessor
instanceKlass org/springframework/data/repository/core/support/MethodLookups$RepositoryAwareMethodLookup$$Lambda$1167
instanceKlass org/springframework/data/repository/core/support/MethodLookups$RepositoryAwareMethodLookup$$Lambda$1166
instanceKlass org/springframework/data/repository/core/support/MethodLookups$RepositoryAwareMethodLookup$$Lambda$1165
instanceKlass java/time/zone/ZoneOffsetTransition
instanceKlass java/time/zone/ZoneOffsetTransitionRule
instanceKlass java/time/zone/ZoneRules
instanceKlass java/time/zone/Ser
instanceKlass java/time/zone/ZoneRulesProvider$1
instanceKlass java/time/zone/ZoneRulesProvider
instanceKlass java/time/Clock
instanceKlass javafx/scene/control/Tooltip$TooltipBehavior$$Lambda$1164
instanceKlass java/lang/invoke/LambdaForm$DMH
instanceKlass javafx/scene/control/Tooltip$TooltipBehavior$$Lambda$1163
instanceKlass javafx/scene/control/Tooltip$TooltipBehavior$$Lambda$1162
instanceKlass javafx/scene/control/Tooltip$TooltipBehavior$$Lambda$1161
instanceKlass javafx/scene/control/Tooltip$TooltipBehavior$$Lambda$1160
instanceKlass javafx/scene/control/Tooltip$TooltipBehavior$$Lambda$1159
instanceKlass javafx/scene/control/Tooltip$TooltipBehavior
instanceKlass javafx/scene/control/Label$$Lambda$1158
instanceKlass com/elikya/apps/rhoe/desk/ui/ControlsHandler$$Lambda$1157
instanceKlass com/elikya/apps/rhoe/desk/ui/ControlsHandler$$Lambda$1156
instanceKlass com/elikya/apps/rhoe/desk/util/TableViewOperation$$Lambda$1155
instanceKlass com/elikya/apps/rhoe/desk/util/TableViewOperation
instanceKlass org/hibernate/engine/internal/EntityEntryContext$EntityEntryCrossRefImpl
instanceKlass org/hibernate/engine/internal/EntityEntryContext$EntityEntryCrossRef
instanceKlass org/springframework/data/repository/util/ReactiveWrapperConverters$RegistryHolder
instanceKlass org/springframework/data/repository/util/ReactiveWrapperConverters
instanceKlass org/springframework/data/repository/core/support/QueryExecutionResultHandler$ReturnTypeDescriptor
instanceKlass org/hibernate/hql/internal/HolderInstantiator$$Lambda$1154
instanceKlass org/hibernate/hql/internal/HolderInstantiator$$Lambda$1153
instanceKlass org/hibernate/hql/internal/HolderInstantiator$$Lambda$1152
instanceKlass org/hibernate/hql/internal/HolderInstantiator
instanceKlass org/hibernate/engine/spi/SelfDirtinessTracker
instanceKlass org/hibernate/property/access/internal/PropertyAccessStrategyBackRefImpl$1
instanceKlass org/hibernate/property/access/internal/PropertyAccessStrategyBackRefImpl
instanceKlass org/hibernate/bytecode/enhance/spi/LazyPropertyInitializer$1
instanceKlass org/hibernate/secure/spi/PermissionCheckEntityInformation
instanceKlass org/hibernate/engine/internal/Versioning
instanceKlass org/hibernate/engine/internal/EntityEntryContext$ManagedEntityImpl
instanceKlass org/hibernate/engine/spi/ManagedEntity
instanceKlass org/hibernate/engine/internal/AbstractEntityEntry$EnumState
instanceKlass org/hibernate/engine/internal/AbstractEntityEntry
instanceKlass org/hibernate/engine/internal/TwoPhaseLoad
instanceKlass org/hibernate/type/descriptor/sql/BasicExtractor
instanceKlass org/hibernate/type/descriptor/ValueExtractor
instanceKlass org/hibernate/loader/Loader$SqlStatementWrapper
instanceKlass org/hibernate/engine/jdbc/internal/ResultSetReturnImpl
instanceKlass org/hibernate/engine/jdbc/spi/ResultSetReturn
instanceKlass org/hibernate/engine/jdbc/spi/JdbcWrapper
instanceKlass com/mysql/cj/ClientPreparedQueryBindValue
instanceKlass com/mysql/cj/BindValue
instanceKlass com/mysql/cj/AbstractQueryBindings
instanceKlass com/mysql/cj/QueryBindings
instanceKlass com/mysql/cj/ParseInfo
instanceKlass com/mysql/cj/PreparedQuery
instanceKlass com/mysql/cj/jdbc/JdbcPreparedStatement
instanceKlass org/hibernate/engine/jdbc/internal/StatementPreparerImpl$StatementPreparationTemplate
instanceKlass org/hibernate/engine/jdbc/internal/StatementPreparerImpl
instanceKlass org/hibernate/engine/jdbc/spi/StatementPreparer
instanceKlass org/hibernate/dialect/pagination/LimitHelper
instanceKlass org/hibernate/internal/SessionImpl$$Lambda$1151
instanceKlass org/hibernate/event/spi/AbstractEvent
instanceKlass org/springframework/data/util/Optionals$$Lambda$1150
instanceKlass org/springframework/data/util/Optionals$$Lambda$1149
instanceKlass org/springframework/data/jpa/repository/support/DefaultQueryHints$$Lambda$1148
instanceKlass org/springframework/data/jpa/repository/support/DefaultQueryHints
instanceKlass org/hibernate/query/criteria/internal/compile/CriteriaQueryTypeQueryAdapter
instanceKlass javax/persistence/Tuple
instanceKlass org/hibernate/query/criteria/internal/CriteriaQueryImpl$1$1$1
instanceKlass org/hibernate/jpa/spi/HibernateEntityManagerImplementor$QueryOptions$ResultMetadataValidator
instanceKlass org/hibernate/query/criteria/internal/CriteriaQueryImpl$1$1
instanceKlass org/hibernate/jpa/spi/HibernateEntityManagerImplementor$QueryOptions
instanceKlass org/hibernate/query/criteria/internal/compile/CriteriaCompiler$2
instanceKlass org/hibernate/query/criteria/internal/compile/InterpretedParameterMetadata
instanceKlass org/hibernate/query/criteria/internal/CriteriaQueryImpl$1
instanceKlass org/hibernate/query/criteria/internal/compile/CriteriaInterpretation
instanceKlass org/hibernate/internal/util/collections/StandardStack
instanceKlass org/hibernate/internal/util/collections/Stack
instanceKlass org/hibernate/query/criteria/internal/compile/CriteriaCompiler$1
instanceKlass org/hibernate/query/criteria/internal/compile/RenderingContext
instanceKlass org/hibernate/query/criteria/internal/compile/CriteriaCompiler
instanceKlass org/hibernate/query/criteria/internal/path/AbstractFromImpl$BasicJoinScope
instanceKlass org/hibernate/query/criteria/internal/path/AbstractFromImpl$JoinScope
instanceKlass org/hibernate/query/criteria/internal/ParameterContainer
instanceKlass org/hibernate/query/criteria/internal/FromImplementor
instanceKlass org/hibernate/query/criteria/internal/PathImplementor
instanceKlass org/hibernate/query/criteria/internal/PathSource
instanceKlass org/hibernate/query/criteria/internal/ExpressionImplementor
instanceKlass org/hibernate/query/criteria/internal/Renderable
instanceKlass org/hibernate/query/criteria/internal/SelectionImplementor
instanceKlass org/hibernate/query/criteria/internal/TupleElementImplementor
instanceKlass javax/persistence/criteria/Subquery
instanceKlass org/hibernate/query/criteria/internal/QueryStructure
instanceKlass org/hibernate/query/criteria/internal/AbstractNode
instanceKlass org/hibernate/query/criteria/internal/compile/CompilableCriteria
instanceKlass org/springframework/data/repository/core/support/RepositoryComposition$RepositoryFragments$$Lambda$1147
instanceKlass javax/persistence/criteria/Root
instanceKlass javax/persistence/criteria/From
instanceKlass javax/persistence/criteria/FetchParent
instanceKlass javax/persistence/criteria/Path
instanceKlass javax/persistence/criteria/Expression
instanceKlass javax/persistence/criteria/Selection
instanceKlass javax/persistence/TupleElement
instanceKlass org/springframework/data/jpa/repository/support/QueryHints
instanceKlass org/springframework/data/repository/core/support/RepositoryComposition$RepositoryFragments$$Lambda$1146
instanceKlass org/springframework/data/repository/core/support/RepositoryComposition$RepositoryFragments$$Lambda$1145
instanceKlass org/springframework/data/repository/core/support/RepositoryComposition$RepositoryFragments$$Lambda$1144
instanceKlass org/springframework/orm/jpa/vendor/HibernateJpaDialect$SessionTransactionData
instanceKlass org/hibernate/resource/transaction/backend/jdbc/internal/JdbcResourceLocalTransactionCoordinatorImpl$TransactionDriverControlImpl
instanceKlass org/hibernate/resource/transaction/spi/TransactionCoordinator$TransactionDriver
instanceKlass org/hibernate/engine/transaction/internal/TransactionImpl
instanceKlass org/hibernate/engine/transaction/spi/TransactionImplementor
instanceKlass org/hibernate/Transaction
instanceKlass org/hibernate/engine/spi/EntityKey
instanceKlass org/hibernate/query/spi/ScrollableResultsImplementor
instanceKlass org/hibernate/ScrollableResults
instanceKlass org/hibernate/engine/spi/QueryParameters
instanceKlass org/hibernate/collection/spi/PersistentCollection
instanceKlass org/hibernate/Criteria
instanceKlass org/hibernate/criterion/CriteriaSpecification
instanceKlass org/hibernate/procedure/ProcedureCall
instanceKlass org/hibernate/internal/SessionImpl$IdentifierLoadAccessImpl
instanceKlass org/hibernate/engine/spi/EntityEntry
instanceKlass org/hibernate/graph/spi/RootGraphImplementor
instanceKlass org/hibernate/graph/spi/GraphImplementor
instanceKlass org/hibernate/graph/spi/GraphNodeImplementor
instanceKlass org/springframework/orm/jpa/vendor/HibernateJpaDialect$HibernateConnectionHandle
instanceKlass org/springframework/jdbc/datasource/ConnectionHandle
instanceKlass org/springframework/transaction/support/ResourceTransactionDefinition
instanceKlass org/springframework/transaction/support/ResourceHolderSupport
instanceKlass org/springframework/transaction/support/ResourceHolder
instanceKlass org/springframework/transaction/support/DelegatingTransactionDefinition
instanceKlass org/springframework/transaction/support/CallbackPreferringPlatformTransactionManager
instanceKlass org/springframework/beans/factory/annotation/BeanFactoryAnnotationUtils$$Lambda$1143
instanceKlass org/springframework/data/repository/core/support/TransactionalRepositoryProxyPostProcessor$AbstractFallbackTransactionAttributeSource$DefaultCacheKey
instanceKlass org/springframework/transaction/interceptor/TransactionInterceptor$$Lambda$1142
instanceKlass org/springframework/data/jpa/repository/EntityGraph
instanceKlass org/springframework/data/jpa/repository/support/CrudMethodMetadataPostProcessor$DefaultCrudMethodMetadata$$Lambda$1141
instanceKlass javax/persistence/QueryHint
instanceKlass org/springframework/data/jpa/repository/support/CrudMethodMetadataPostProcessor$DefaultCrudMethodMetadata$$Lambda$1140
instanceKlass org/springframework/data/jpa/repository/Lock
instanceKlass org/springframework/data/jpa/repository/support/CrudMethodMetadataPostProcessor$DefaultCrudMethodMetadata
instanceKlass org/springframework/aop/framework/InterceptorAndDynamicMethodMatcher
instanceKlass org/springframework/aop/framework/ReflectiveMethodInvocation
instanceKlass org/springframework/aop/ProxyMethodInvocation
instanceKlass org/springframework/aop/ThrowsAdvice
instanceKlass org/springframework/aop/AfterReturningAdvice
instanceKlass org/springframework/aop/AfterAdvice
instanceKlass org/springframework/aop/MethodBeforeAdvice
instanceKlass org/springframework/aop/BeforeAdvice
instanceKlass org/springframework/aop/framework/AdvisedSupport$MethodCacheKey
instanceKlass javafx/scene/layout/VBox$$Lambda$1139
instanceKlass com/jfoenix/controls/JFXComboBox$2$$Lambda$1
instanceKlass javafx/scene/control/ListCell$3
instanceKlass javafx/scene/control/ListCell$$Lambda$1138
instanceKlass javafx/scene/control/ListCell$2
instanceKlass javafx/scene/control/ListCell$$Lambda$1137
instanceKlass javafx/scene/control/ListCell$1
instanceKlass javafx/scene/control/ListCell$$Lambda$1136
instanceKlass javafx/scene/control/ListCell$$Lambda$1135
instanceKlass javafx/scene/control/Cell$1
instanceKlass com/jfoenix/controls/JFXComboBox$$Lambda$1
instanceKlass com/jfoenix/controls/JFXComboBox$StyleableProperties
instanceKlass com/jfoenix/converters/base/NodeConverter
instanceKlass javafx/scene/control/ComboBox$$Lambda$1134
instanceKlass javafx/scene/control/ComboBox$$Lambda$1133
instanceKlass javafx/scene/control/ComboBox$ComboBoxSelectionModel$1
instanceKlass javafx/scene/control/ComboBox$ComboBoxSelectionModel$$Lambda$1132
instanceKlass javafx/scene/control/ComboBox$ComboBoxSelectionModel$2
instanceKlass javafx/scene/control/ComboBox$3
instanceKlass com/jfoenix/controls/JFXDatePicker$$Lambda$1
instanceKlass com/jfoenix/controls/JFXTextField$StyleableProperties
instanceKlass com/jfoenix/controls/JFXDatePicker$StyleableProperties
instanceKlass javafx/scene/control/DatePicker$$Lambda$1131
instanceKlass javafx/scene/control/DatePicker$$Lambda$1130
instanceKlass javafx/util/StringConverter
instanceKlass javafx/scene/control/ComboBoxBase$$Lambda$1129
instanceKlass com/sun/javafx/scene/control/ControlAcceleratorSupport$1
instanceKlass com/sun/javafx/scene/control/ControlAcceleratorSupport
instanceKlass javafx/stage/PopupWindow$2
instanceKlass javafx/beans/value/WeakChangeListener
instanceKlass javafx/stage/PopupWindow$$Lambda$1128
instanceKlass javafx/stage/PopupWindow$1
instanceKlass javafx/scene/control/TableUtil
instanceKlass javafx/scene/control/ResizeFeaturesBase
instanceKlass javafx/scene/control/TableColumn$$Lambda$1127
instanceKlass javafx/scene/control/TableColumn$$Lambda$1126
instanceKlass javafx/scene/control/TableColumn$$Lambda$1125
instanceKlass javafx/scene/control/TableColumn$1
instanceKlass javafx/scene/control/TableColumnBase$$Lambda$1124
instanceKlass javafx/scene/control/TableView$4
instanceKlass javafx/collections/MapChangeListener
instanceKlass javafx/scene/control/TableView$$Lambda$1123
instanceKlass javafx/scene/control/TableView$TableViewFocusModel$1
instanceKlass javafx/scene/control/TableView$TableViewFocusModel$$Lambda$1122
instanceKlass javafx/scene/control/FocusModel$$Lambda$1121
instanceKlass javafx/scene/control/FocusModel
instanceKlass javafx/scene/control/TableView$TableViewArrayListSelectionModel$$Lambda$1120
instanceKlass com/sun/javafx/scene/control/SelectedCellsMap$$Lambda$1119
instanceKlass javafx/collections/transformation/SortedList$ElementComparator
instanceKlass javafx/collections/transformation/SortedList$Element
instanceKlass com/sun/javafx/collections/SortHelper
instanceKlass javafx/collections/transformation/TransformationList$$Lambda$1118
instanceKlass com/sun/javafx/scene/control/SelectedCellsMap$$Lambda$1117
instanceKlass javafx/scene/control/TableView$TableViewArrayListSelectionModel$$Lambda$1116
instanceKlass com/sun/javafx/scene/control/SelectedCellsMap
instanceKlass javafx/scene/control/TableView$TableViewArrayListSelectionModel$1
instanceKlass javafx/scene/control/TableView$TableViewArrayListSelectionModel$$Lambda$1115
instanceKlass javafx/scene/control/TableView$TableViewArrayListSelectionModel$$Lambda$1114
instanceKlass javafx/scene/control/TableView$TableViewArrayListSelectionModel$$Lambda$1113
instanceKlass javafx/scene/control/TablePositionBase
instanceKlass javafx/scene/control/MultipleSelectionModelBase$1
instanceKlass javafx/scene/control/MultipleSelectionModelBase$$Lambda$1112
instanceKlass com/sun/javafx/collections/MappingChange$Map
instanceKlass com/sun/javafx/scene/control/ReadOnlyUnbackedObservableList
instanceKlass javafx/scene/control/MultipleSelectionModelBase$$Lambda$1111
instanceKlass javafx/scene/control/TableView$$Lambda$1110
instanceKlass javafx/scene/control/TableView$$Lambda$1109
instanceKlass javafx/scene/control/TableView$$Lambda$1108
instanceKlass javafx/scene/control/TableView$$Lambda$1107
instanceKlass javafx/scene/control/TableView$$Lambda$1106
instanceKlass javafx/scene/control/TableView$5
instanceKlass javafx/scene/control/TableView$3
instanceKlass javafx/scene/control/TableView$2
instanceKlass javafx/scene/control/TableView$1
instanceKlass javafx/scene/control/TextFormatter
instanceKlass javafx/scene/control/TextFormatter$Change
instanceKlass com/sun/javafx/scene/control/FormatterAccessor
instanceKlass javafx/scene/control/TextInputControl$$Lambda$1105
instanceKlass javafx/beans/property/StringPropertyBase$Listener
instanceKlass javafx/beans/property/IntegerPropertyBase$Listener
instanceKlass javafx/scene/control/TextInputControl$$Lambda$1104
instanceKlass javafx/scene/control/TextInputControl$UndoRedoChange
instanceKlass javafx/scene/control/IndexRange
instanceKlass javafx/scene/control/TextField$TextFieldContent
instanceKlass javafx/scene/control/TextInputControl$Content
instanceKlass com/elikya/apps/rhoe/desk/ui/Stages$$Lambda$1103
instanceKlass java/util/Locale$LocaleNameGetter
instanceKlass com/elikya/apps/rhoe/desk/controller/MainController$$Lambda$1102
instanceKlass com/elikya/apps/rhoe/desk/controller/MainController$$Lambda$1101
instanceKlass com/elikya/apps/rhoe/desk/ui/ControlsHandler
instanceKlass com/elikya/apps/rhoe/desk/util/Observer$$Lambda$1100
instanceKlass com/elikya/apps/rhoe/desk/util/Observer$1
instanceKlass com/elikya/apps/rhoe/desk/util/Observer
instanceKlass com/jfoenix/controls/JFXDrawer$$Lambda$35
instanceKlass com/jfoenix/controls/JFXDrawer$$Lambda$34
instanceKlass com/jfoenix/controls/JFXDrawer$$Lambda$33
instanceKlass com/jfoenix/controls/JFXDrawer$$Lambda$32
instanceKlass com/jfoenix/controls/JFXDrawer$$Lambda$31
instanceKlass com/jfoenix/controls/JFXDrawer$$Lambda$30
instanceKlass com/jfoenix/controls/JFXDrawer$$Lambda$29
instanceKlass com/jfoenix/controls/JFXDrawer$$Lambda$28
instanceKlass com/jfoenix/controls/JFXDrawer$$Lambda$27
instanceKlass javafx/beans/property/DoublePropertyBase$Listener
instanceKlass com/sun/javafx/binding/BindingHelperObserver
instanceKlass javafx/beans/binding/NumberBinding
instanceKlass javafx/beans/binding/Binding
instanceKlass javafx/beans/binding/Bindings
instanceKlass com/jfoenix/controls/JFXDrawer$$Lambda$26
instanceKlass javafx/scene/layout/HBox$$Lambda$1099
instanceKlass com/jfoenix/controls/JFXDrawer$5
instanceKlass javafx/beans/property/ObjectPropertyBase$Listener
instanceKlass com/jfoenix/transitions/CacheMomento
instanceKlass com/jfoenix/controls/JFXDrawer$$Lambda$25
instanceKlass com/jfoenix/controls/JFXDrawer$$Lambda$24
instanceKlass com/jfoenix/controls/JFXDrawer$$Lambda$23
instanceKlass com/jfoenix/controls/JFXDrawer$$Lambda$22
instanceKlass com/jfoenix/controls/JFXDrawer$$Lambda$21
instanceKlass com/jfoenix/controls/JFXDrawer$$Lambda$20
instanceKlass com/jfoenix/controls/JFXDrawer$$Lambda$19
instanceKlass com/jfoenix/transitions/JFXAnimationTimer$AnimationHandler
instanceKlass javafx/animation/AnimationTimer$AnimationTimerReceiver
instanceKlass com/jfoenix/controls/JFXDrawer$$Lambda$18
instanceKlass com/jfoenix/controls/JFXDrawer$$Lambda$17
instanceKlass com/jfoenix/controls/JFXDrawer$$Lambda$16
instanceKlass com/jfoenix/controls/JFXDrawer$$Lambda$15
instanceKlass com/jfoenix/controls/JFXDrawer$$Lambda$14
instanceKlass com/jfoenix/controls/JFXDrawer$$Lambda$13
instanceKlass com/jfoenix/controls/JFXDrawer$$Lambda$12
instanceKlass com/jfoenix/controls/JFXDrawer$$Lambda$11
instanceKlass com/jfoenix/controls/JFXDrawer$$Lambda$10
instanceKlass com/jfoenix/controls/JFXDrawer$$Lambda$9
instanceKlass com/jfoenix/controls/JFXDrawer$$Lambda$8
instanceKlass com/jfoenix/controls/JFXDrawer$$Lambda$7
instanceKlass com/jfoenix/controls/JFXDrawer$$Lambda$6
instanceKlass com/jfoenix/controls/JFXDrawer$$Lambda$5
instanceKlass com/jfoenix/controls/JFXDrawer$$Lambda$4
instanceKlass com/jfoenix/controls/JFXDrawer$$Lambda$3
instanceKlass com/jfoenix/transitions/JFXKeyValue$$Lambda$1
instanceKlass com/jfoenix/controls/JFXDrawer$$Lambda$2
instanceKlass com/jfoenix/controls/JFXDrawer$$Lambda$1
instanceKlass com/jfoenix/transitions/JFXKeyValue$JFXKeyValueBuilder$$Lambda$1
instanceKlass com/jfoenix/transitions/JFXKeyValue$JFXKeyValueBuilder
instanceKlass com/jfoenix/transitions/JFXKeyValue
instanceKlass com/jfoenix/transitions/JFXKeyFrame
instanceKlass javafx/animation/AnimationTimer
instanceKlass javafx/scene/layout/StackPane$$Lambda$1098
instanceKlass javafx/scene/paint/Color$NamedColors
instanceKlass com/sun/javafx/font/FallbackResource
instanceKlass com/sun/javafx/font/PrismCompositeFontResource
instanceKlass java/io/RandomAccessFile$1
instanceKlass com/sun/javafx/font/PrismFontFile$DirectoryEntry
instanceKlass com/sun/javafx/font/FontFileReader$Buffer
instanceKlass com/sun/javafx/font/FontFileReader$$Lambda$1097
instanceKlass java/io/RandomAccessFile
instanceKlass com/sun/javafx/font/FontFileReader
instanceKlass com/sun/javafx/font/PrismFontFile
instanceKlass com/sun/javafx/font/FontConstants
instanceKlass com/sun/javafx/font/freetype/OSPango$$Lambda$1096
instanceKlass com/sun/javafx/font/freetype/OSPango
instanceKlass com/sun/javafx/font/PrismFontFactory$TTFilter
instanceKlass com/sun/javafx/font/PrismFontFactory$$Lambda$1095
instanceKlass javafx/scene/control/Label$$Lambda$1094
instanceKlass javafx/beans/value/ChangeListener
instanceKlass sun/reflect/misc/FieldUtil
instanceKlass javafx/fxml/FXMLLoader$ControllerAccessor$1
instanceKlass javafx/scene/control/SkinBase
instanceKlass javafx/scene/control/Skin
instanceKlass javafx/beans/DefaultProperty
instanceKlass com/sun/javafx/beans/IDProperty
instanceKlass javafx/scene/control/Control$StyleableProperties
instanceKlass com/jfoenix/converters/ButtonTypeConverter$Holder
instanceKlass com/jfoenix/controls/JFXButton$StyleableProperties
instanceKlass com/sun/javafx/event/CompositeEventHandler$EventProcessorRecord
instanceKlass javafx/event/WeakEventHandler
instanceKlass com/sun/javafx/event/CompositeEventHandler
instanceKlass javafx/scene/control/Control$$Lambda$1093
instanceKlass com/sun/javafx/css/StyleManager$RefList
instanceKlass com/sun/javafx/css/SelectorPartitioning$Slot
instanceKlass com/sun/javafx/css/SelectorPartitioning$Partition
instanceKlass com/sun/javafx/css/SelectorPartitioning$$Lambda$1092
instanceKlass com/sun/javafx/css/SelectorPartitioning$PartitionKey
instanceKlass com/sun/javafx/css/SelectorPartitioning
instanceKlass com/sun/javafx/css/StyleManager$StylesheetContainer
instanceKlass com/sun/javafx/css/StringStore
instanceKlass com/sun/javafx/scene/text/HitInfo
instanceKlass com/sun/javafx/text/PrismTextLayout
instanceKlass com/sun/javafx/scene/text/TextLayout
instanceKlass com/sun/javafx/text/PrismTextLayoutFactory
instanceKlass com/sun/javafx/scene/text/TextLayoutFactory
instanceKlass javafx/scene/text/Text$$Lambda$1091
instanceKlass javafx/scene/text/Text$$Lambda$1090
instanceKlass javafx/scene/shape/PathElement
instanceKlass com/sun/javafx/scene/control/skin/Utils
instanceKlass com/sun/javafx/css/StyleManager$$Lambda$1089
instanceKlass com/sun/javafx/application/PlatformImpl$$Lambda$1088
instanceKlass com/sun/javafx/application/PlatformImpl$$Lambda$1087
instanceKlass com/sun/javafx/application/PlatformImpl$$Lambda$1086
instanceKlass com/elikya/apps/rhoe/desk/controller/MainController
instanceKlass com/sun/javafx/tk/quantum/WindowStage$$Lambda$1085
instanceKlass com/sun/javafx/tk/quantum/ViewScene$$Lambda$1084
instanceKlass com/sun/javafx/tk/quantum/QuantumRenderer$$Lambda$1083
instanceKlass com/sun/javafx/tk/quantum/WindowStage$$Lambda$1082
instanceKlass com/sun/javafx/application/PlatformImpl$$Lambda$1081
instanceKlass org/apache/tomcat/PeriodicEventListener
instanceKlass org/apache/catalina/webresources/Cache$EvictionOrder
instanceKlass sun/net/ResourceManager
instanceKlass com/fasterxml/jackson/databind/deser/std/NumberDeserializers
instanceKlass com/fasterxml/jackson/databind/deser/ContextualKeyDeserializer
instanceKlass com/fasterxml/jackson/databind/util/LinkedNode
instanceKlass com/fasterxml/jackson/databind/deser/impl/NullsConstantProvider
instanceKlass com/fasterxml/jackson/databind/deser/ValueInstantiator$Gettable
instanceKlass com/fasterxml/jackson/databind/deser/ResolvableDeserializer
instanceKlass com/fasterxml/jackson/databind/deser/impl/JDKValueInstantiators
instanceKlass com/fasterxml/jackson/databind/annotation/JsonValueInstantiator
instanceKlass com/fasterxml/jackson/databind/deser/BasicDeserializerFactory$ContainerDefaultMappings
instanceKlass com/fasterxml/jackson/core/JsonLocation
instanceKlass com/fasterxml/jackson/databind/annotation/JacksonStdImpl
instanceKlass com/fasterxml/jackson/databind/ser/std/NumberSerializers$1
instanceKlass org/springframework/boot/actuate/health/Health$1
instanceKlass com/fasterxml/jackson/databind/ser/impl/PropertySerializerMap$SerializerAndMapResult
instanceKlass com/fasterxml/jackson/databind/ser/std/MapSerializer$1
instanceKlass com/fasterxml/jackson/databind/ser/std/StdKeySerializers
instanceKlass com/fasterxml/jackson/databind/ser/ResolvableSerializer
instanceKlass com/fasterxml/jackson/annotation/JsonFilter
instanceKlass com/fasterxml/jackson/annotation/JsonIgnoreProperties$Value
instanceKlass com/fasterxml/jackson/annotation/JsonIgnoreProperties
instanceKlass com/fasterxml/jackson/databind/annotation/JsonAppend
instanceKlass com/fasterxml/jackson/databind/util/NameTransformer
instanceKlass com/fasterxml/jackson/databind/ser/impl/PropertySerializerMap
instanceKlass com/fasterxml/jackson/databind/introspect/POJOPropertyBuilder$1
instanceKlass com/fasterxml/jackson/databind/ser/PropertyBuilder$1
instanceKlass com/fasterxml/jackson/databind/annotation/JsonTypeResolver
instanceKlass com/fasterxml/jackson/databind/PropertyMetadata
instanceKlass com/fasterxml/jackson/databind/introspect/POJOPropertyBuilder$7
instanceKlass com/fasterxml/jackson/databind/introspect/POJOPropertyBuilder$6
instanceKlass com/fasterxml/jackson/annotation/JsonPropertyDescription
instanceKlass com/fasterxml/jackson/databind/introspect/POJOPropertyBuilder$5
instanceKlass com/fasterxml/jackson/databind/introspect/POJOPropertyBuilder$4
instanceKlass com/fasterxml/jackson/databind/BeanProperty$Std
instanceKlass com/fasterxml/jackson/databind/introspect/POJOPropertyBuilder$2
instanceKlass com/fasterxml/jackson/annotation/JsonTypeId
instanceKlass com/fasterxml/jackson/databind/introspect/POJOPropertyBuilder$3
instanceKlass com/fasterxml/jackson/databind/ser/PropertyBuilder
instanceKlass com/fasterxml/jackson/annotation/JsonIgnoreType
instanceKlass com/fasterxml/jackson/databind/introspect/AnnotationCollector$OneAnnotation
instanceKlass com/fasterxml/jackson/databind/introspect/ConcreteBeanPropertyBase
instanceKlass com/fasterxml/jackson/databind/BeanProperty
instanceKlass com/fasterxml/jackson/databind/ser/BeanSerializerBuilder
instanceKlass com/fasterxml/jackson/databind/ext/Java7Handlers
instanceKlass org/w3c/dom/Document
instanceKlass org/w3c/dom/Node
instanceKlass com/fasterxml/jackson/databind/ext/OptionalHandlerFactory
instanceKlass com/fasterxml/jackson/annotation/JsonPropertyOrder
instanceKlass com/fasterxml/jackson/databind/annotation/JsonNaming
instanceKlass com/fasterxml/jackson/databind/introspect/POJOPropertyBuilder$10
instanceKlass com/fasterxml/jackson/databind/introspect/POJOPropertyBuilder$9
instanceKlass com/fasterxml/jackson/databind/introspect/POJOPropertyBuilder$WithMember
instanceKlass com/fasterxml/jackson/annotation/JacksonInject
instanceKlass com/fasterxml/jackson/annotation/JsonCreator
instanceKlass com/fasterxml/jackson/annotation/JsonSetter
instanceKlass com/fasterxml/jackson/databind/util/BeanUtil
instanceKlass com/fasterxml/jackson/annotation/JsonAnyGetter
instanceKlass com/fasterxml/jackson/databind/introspect/AnnotatedMethodMap
instanceKlass com/fasterxml/jackson/databind/introspect/AnnotatedMethodCollector$MethodBuilder
instanceKlass com/fasterxml/jackson/annotation/JacksonAnnotationsInside
instanceKlass com/fasterxml/jackson/annotation/JacksonAnnotation
instanceKlass com/fasterxml/jackson/annotation/JsonInclude
instanceKlass com/fasterxml/jackson/databind/introspect/MemberKey
instanceKlass com/fasterxml/jackson/databind/introspect/POJOPropertyBuilder$Linked
instanceKlass com/fasterxml/jackson/databind/AnnotationIntrospector$ReferenceProperty
instanceKlass com/fasterxml/jackson/databind/introspect/BeanPropertyDefinition
instanceKlass com/fasterxml/jackson/databind/util/Named
instanceKlass com/fasterxml/jackson/annotation/JsonIgnore
instanceKlass com/fasterxml/jackson/annotation/JsonAutoDetect$1
instanceKlass com/fasterxml/jackson/annotation/JsonProperty
instanceKlass com/fasterxml/jackson/annotation/JsonGetter
instanceKlass com/fasterxml/jackson/annotation/JsonAnySetter
instanceKlass com/fasterxml/jackson/annotation/JsonValue
instanceKlass com/fasterxml/jackson/databind/introspect/AnnotatedFieldCollector$FieldBuilder
instanceKlass com/fasterxml/jackson/databind/introspect/TypeResolutionContext$Basic
instanceKlass com/fasterxml/jackson/databind/introspect/AnnotationMap
instanceKlass com/fasterxml/jackson/databind/introspect/CollectorBase
instanceKlass java/util/stream/DoubleStream
instanceKlass java/util/stream/LongStream
instanceKlass com/fasterxml/jackson/databind/util/ArrayIterator
instanceKlass com/fasterxml/jackson/annotation/JsonIdentityInfo
instanceKlass com/fasterxml/jackson/annotation/JsonAutoDetect
instanceKlass com/fasterxml/jackson/databind/introspect/POJOPropertiesCollector
instanceKlass com/fasterxml/jackson/databind/util/TypeKey
instanceKlass com/fasterxml/jackson/databind/ser/impl/ReadOnlyClassToSerializerMap$Bucket
instanceKlass com/fasterxml/jackson/databind/ser/impl/ReadOnlyClassToSerializerMap
instanceKlass com/fasterxml/jackson/databind/util/TokenBuffer$Segment
instanceKlass com/fasterxml/jackson/core/JsonStreamContext
instanceKlass java/util/stream/ReduceOps$2ReducingSink
instanceKlass java/util/function/BinaryOperator$$Lambda$1080
instanceKlass org/springframework/boot/actuate/health/SimpleStatusAggregator$$Lambda$1079
instanceKlass org/springframework/boot/actuate/health/HealthEndpointSupport$$Lambda$1078
instanceKlass org/springframework/dao/support/DataAccessUtils
instanceKlass com/mysql/cj/jdbc/result/ResultSetImpl$1
instanceKlass java/sql/Types
instanceKlass org/springframework/jdbc/support/JdbcUtils
instanceKlass com/mysql/cj/jdbc/result/ResultSetMetaData
instanceKlass java/sql/ResultSetMetaData
instanceKlass org/springframework/jdbc/core/JdbcTemplate$1QueryStatementCallback
instanceKlass org/springframework/jdbc/core/SqlProvider
instanceKlass org/springframework/jdbc/core/RowMapperResultSetExtractor
instanceKlass org/springframework/boot/actuate/jdbc/DataSourceHealthIndicator$SingleColumnRowMapper
instanceKlass org/springframework/jdbc/datasource/SmartDataSource
instanceKlass org/springframework/jdbc/core/JdbcTemplate$CloseSuppressingInvocationHandler
instanceKlass org/springframework/jdbc/datasource/ConnectionProxy
instanceKlass org/springframework/jdbc/datasource/DataSourceUtils
instanceKlass org/springframework/boot/actuate/jdbc/DataSourceHealthIndicator$$Lambda$1077
instanceKlass org/springframework/boot/actuate/health/NamedContributor$1
instanceKlass org/springframework/boot/actuate/health/DefaultContributorRegistry$1
instanceKlass java/util/stream/ReferencePipeline$$Lambda$1076
instanceKlass org/springframework/boot/actuate/endpoint/invoke/reflect/ReflectiveOperationInvoker$$Lambda$1075
instanceKlass org/springframework/boot/actuate/endpoint/invoke/reflect/ReflectiveOperationInvoker$$Lambda$1074
instanceKlass org/springframework/boot/actuate/endpoint/SecurityContext$1
instanceKlass org/springframework/boot/actuate/endpoint/InvocationContext
instanceKlass org/springframework/boot/actuate/endpoint/jmx/EndpointMBean$$Lambda$1073
instanceKlass org/springframework/boot/actuate/endpoint/jmx/EndpointMBean$$Lambda$1072
instanceKlass javax/management/remote/rmi/RMIConnectionImpl$7
instanceKlass java/util/concurrent/locks/ReentrantReadWriteLock$Sync$HoldCounter
instanceKlass javax/management/remote/rmi/RMIConnectionImpl$6
instanceKlass javax/management/remote/rmi/RMIConnectionImpl$SetCcl
instanceKlass com/sun/javafx/geom/transform/TransformHelper
instanceKlass com/sun/prism/es2/GLContext$1
instanceKlass com/sun/prism/shader/Solid_TextureRGB_Loader
instanceKlass com/sun/prism/impl/ps/BaseShaderContext$1
instanceKlass com/sun/prism/MultiTexture
instanceKlass com/sun/prism/es2/BufferFactory
instanceKlass com/sun/prism/es2/ES2Texture$1
instanceKlass com/sun/prism/es2/ES2Context$1
instanceKlass com/sun/prism/es2/ES2Shader$Uniform
instanceKlass com/sun/prism/es2/ES2Shader$ES2ShaderDisposerRecord
instanceKlass com/sun/prism/impl/BaseGraphicsResource
instanceKlass com/sun/prism/shader/FillPgram_Color_Loader
instanceKlass com/sun/javafx/geom/transform/AffineBase$1
instanceKlass com/sun/prism/es2/ES2ResourceFactory$1
instanceKlass com/sun/scenario/effect/impl/prism/ps/PPSRenderer$1
instanceKlass com/sun/prism/ResourceFactoryListener
instanceKlass com/sun/scenario/effect/impl/ImagePool$$Lambda$1071
instanceKlass com/sun/scenario/effect/impl/ImagePool
instanceKlass com/sun/scenario/effect/impl/es2/ES2ShaderSource
instanceKlass com/sun/scenario/effect/impl/hw/ShaderSource
instanceKlass com/sun/scenario/effect/FloatMap
instanceKlass com/sun/scenario/effect/ImageData
instanceKlass com/sun/prism/es2/ES2Pipeline$1
instanceKlass com/sun/scenario/effect/impl/prism/PrTexture
instanceKlass com/sun/scenario/effect/impl/PoolFilterable
instanceKlass com/sun/scenario/effect/Filterable
instanceKlass com/sun/scenario/effect/LockableResource
instanceKlass com/sun/scenario/effect/impl/RendererFactory$$Lambda$1070
instanceKlass com/sun/scenario/effect/impl/RendererFactory
instanceKlass com/sun/scenario/effect/impl/Renderer$$Lambda$1069
instanceKlass com/sun/scenario/effect/impl/Renderer
instanceKlass com/sun/scenario/effect/impl/prism/PrEffectHelper
instanceKlass com/sun/scenario/effect/FilterContext
instanceKlass com/sun/javafx/geom/transform/Affine3D$1
instanceKlass com/sun/prism/impl/Disposer$Target
instanceKlass com/sun/prism/impl/Disposer
instanceKlass com/sun/prism/impl/PrismTrace
instanceKlass com/sun/prism/es2/ES2TextureData
instanceKlass com/sun/prism/impl/Disposer$Record
instanceKlass com/sun/prism/impl/BaseResourcePool$WeakLinkedList
instanceKlass com/sun/prism/impl/BaseResourcePool$$Lambda$1068
instanceKlass com/sun/prism/impl/BaseResourcePool$$Lambda$1067
instanceKlass com/sun/prism/impl/BaseResourcePool$$Lambda$1066
instanceKlass com/sun/prism/impl/BaseResourcePool$$Lambda$1065
instanceKlass com/sun/prism/impl/BaseResourcePool$$Lambda$1064
instanceKlass com/sun/prism/impl/BaseResourcePool$$Lambda$1063
instanceKlass com/sun/prism/impl/ManagedResource
instanceKlass com/sun/prism/impl/BaseResourcePool$Predicate
instanceKlass com/sun/prism/impl/BaseResourcePool
instanceKlass com/sun/prism/impl/TextureResourcePool
instanceKlass com/sun/prism/impl/ResourcePool
instanceKlass com/sun/prism/es2/ES2RTTexture$1
instanceKlass com/sun/prism/impl/BaseTexture
instanceKlass com/sun/prism/ReadbackRenderTarget
instanceKlass com/sun/prism/RTTexture
instanceKlass com/sun/prism/impl/ps/BaseShaderGraphics$$Lambda$1062
instanceKlass com/sun/prism/impl/BaseGraphics
instanceKlass com/sun/prism/RectShadowGraphics
instanceKlass com/sun/prism/MaskTextureGraphics
instanceKlass com/sun/prism/ReadbackGraphics
instanceKlass com/sun/prism/ps/ShaderGraphics
instanceKlass com/sun/prism/Graphics
instanceKlass com/sun/javafx/tk/quantum/CursorUtils$1
instanceKlass com/sun/javafx/tk/quantum/CursorUtils
instanceKlass com/sun/prism/es2/ES2SwapChain
instanceKlass com/sun/prism/Presentable
instanceKlass com/sun/prism/RenderTarget
instanceKlass com/sun/prism/Surface
instanceKlass com/sun/prism/es2/ES2RenderTarget
instanceKlass com/sun/javafx/tk/quantum/ViewScene$$Lambda$1061
instanceKlass com/sun/javafx/cursor/CursorFrame
instanceKlass com/sun/javafx/scene/traversal/TabOrderHelper
instanceKlass com/sun/javafx/tk/Toolkit$$Lambda$1060
instanceKlass java/lang/invoke/LambdaForm$MH
instanceKlass java/lang/invoke/LambdaForm$DMH
instanceKlass java/lang/invoke/LambdaForm$DMH
instanceKlass javafx/animation/Animation$1$$Lambda$1059
instanceKlass java/lang/invoke/LambdaForm$DMH
instanceKlass com/sun/scenario/animation/AnimationPulse$PulseData$$Lambda$1058
instanceKlass com/sun/scenario/animation/AnimationPulse$PulseData$$Lambda$1057
instanceKlass com/sun/scenario/animation/AnimationPulse$PulseData$$Lambda$1056
instanceKlass com/sun/scenario/animation/AnimationPulse$PulseData$$Lambda$1055
instanceKlass com/sun/scenario/animation/AnimationPulse$PulseData$$Lambda$1054
instanceKlass com/sun/scenario/animation/AnimationPulse$PulseData$$Lambda$1053
instanceKlass com/sun/scenario/animation/AnimationPulse$PulseData$$Lambda$1052
instanceKlass com/sun/scenario/animation/AnimationPulse$PulseData$$Lambda$1051
instanceKlass java/lang/invoke/LambdaForm$DMH
instanceKlass java/lang/invoke/LambdaForm$DMH
instanceKlass com/sun/scenario/animation/AnimationPulse$PulseData
instanceKlass com/sun/scenario/animation/AnimationPulse$PulseData$Accessor
instanceKlass com/sun/scenario/animation/AnimationPulse$AnimationPulseHolder
instanceKlass com/sun/scenario/animation/AnimationPulse
instanceKlass com/sun/scenario/animation/AnimationPulseMBean
instanceKlass com/elikya/apps/rhoe/desk/ui/ScreenUtils$$Lambda$1050
instanceKlass com/elikya/apps/rhoe/desk/ui/ScreenUtils
instanceKlass com/sun/javafx/tk/Toolkit$$Lambda$1049
instanceKlass java/lang/invoke/LambdaForm$MH
instanceKlass java/lang/invoke/LambdaForm$DMH
instanceKlass com/sun/javafx/tk/quantum/WindowStage$$Lambda$1048
instanceKlass com/sun/javafx/tk/quantum/GlassWindowEventHandler$$Lambda$1047
instanceKlass javafx/scene/Parent$4
instanceKlass com/sun/javafx/util/TempState
instanceKlass javafx/scene/layout/BackgroundFill
instanceKlass com/sun/javafx/css/CssError
instanceKlass com/sun/javafx/css/StyleCacheEntry
instanceKlass com/sun/javafx/css/Style
instanceKlass com/sun/javafx/css/Rule$Observables
instanceKlass com/sun/javafx/css/Match
instanceKlass com/sun/javafx/css/CalculatedValue
instanceKlass com/sun/javafx/css/StyleCacheEntry$Key
instanceKlass com/sun/javafx/css/StyleCache
instanceKlass javafx/scene/Node$20
instanceKlass com/sun/glass/ui/Window$TrackingRectangle
instanceKlass com/sun/glass/ui/Window$UndecoratedMoveResizeHelper
instanceKlass com/sun/javafx/tk/quantum/GlassViewEventHandler$ViewEventNotification$$Lambda$1046
instanceKlass com/sun/javafx/tk/quantum/GlassViewEventHandler$$Lambda$1045
instanceKlass com/oracle/jrockit/jfr/FlightRecorder
instanceKlass com/oracle/jrockit/jfr/EventToken
instanceKlass com/oracle/jrockit/jfr/EventInfo
instanceKlass com/sun/javafx/logging/PrintLogger$$Lambda$1044
instanceKlass com/sun/javafx/logging/PrintLogger$$Lambda$1043
instanceKlass com/sun/javafx/logging/PrintLogger$$Lambda$1042
instanceKlass com/sun/javafx/logging/Logger
instanceKlass com/sun/javafx/logging/PulseLogger
instanceKlass com/sun/javafx/tk/quantum/WindowStage$$Lambda$1041
instanceKlass com/sun/javafx/geom/DirtyRegionContainer
instanceKlass com/sun/javafx/geom/DirtyRegionPool
instanceKlass com/sun/javafx/sg/prism/NodePath
instanceKlass com/sun/javafx/tk/quantum/ViewPainter
instanceKlass javafx/scene/Scene$InputMethodRequestsDelegate
instanceKlass com/sun/javafx/scene/input/ExtendedInputMethodRequests
instanceKlass javafx/scene/Scene$DropTargetListener
instanceKlass com/sun/javafx/tk/TKDropTargetListener
instanceKlass com/sun/javafx/scene/transform/TransformUtils
instanceKlass javafx/scene/Camera$$Lambda$1040
instanceKlass com/sun/javafx/scene/CameraHelper
instanceKlass javafx/scene/Camera$3
instanceKlass com/sun/javafx/scene/CameraHelper$CameraAccessor
instanceKlass com/sun/prism/paint/Paint
instanceKlass com/sun/scenario/effect/impl/state/AccessHelper
instanceKlass com/sun/scenario/effect/Effect$$Lambda$1039
instanceKlass com/sun/scenario/effect/impl/state/AccessHelper$StateAccessor
instanceKlass com/sun/scenario/effect/Effect
instanceKlass com/sun/javafx/geom/Rectangle
instanceKlass javafx/scene/Scene$ScenePeerPaintListener
instanceKlass com/sun/javafx/tk/TKScenePaintListener
instanceKlass javafx/scene/Scene$ScenePeerListener
instanceKlass com/sun/javafx/tk/TKSceneListener
instanceKlass com/sun/javafx/tk/quantum/GlassScene$$Lambda$1038
instanceKlass com/sun/javafx/tk/quantum/GestureRecognizers
instanceKlass com/sun/javafx/tk/quantum/GestureRecognizer
instanceKlass com/sun/javafx/tk/quantum/GlassTouchEventListener
instanceKlass com/sun/javafx/tk/quantum/GlassSceneDnDEventHandler
instanceKlass com/sun/javafx/tk/quantum/GlassViewEventHandler$ViewEventNotification
instanceKlass com/sun/javafx/tk/quantum/GlassViewEventHandler$MouseEventNotification
instanceKlass com/sun/javafx/tk/quantum/GlassViewEventHandler$KeyEventNotification
instanceKlass com/sun/javafx/tk/quantum/GlassViewEventHandler$$Lambda$1037
instanceKlass com/sun/glass/ui/View$EventHandler
instanceKlass com/sun/prism/PresentableState
instanceKlass com/sun/javafx/tk/quantum/QuantumToolkit$6
instanceKlass com/sun/javafx/stage/WindowPeerListener
instanceKlass com/sun/javafx/tk/TKStageListener
instanceKlass com/sun/glass/ui/Window$EventHandler
instanceKlass com/sun/javafx/tk/quantum/WindowStage$1
instanceKlass com/sun/javafx/tk/quantum/GlassStage$$Lambda$1036
instanceKlass javafx/scene/input/KeyCombination$Modifier
instanceKlass com/sun/javafx/tk/quantum/GlassStage
instanceKlass com/sun/javafx/tk/TKStage
instanceKlass com/sun/javafx/event/EventUtil
instanceKlass javafx/event/Event$$Lambda$1035
instanceKlass javafx/scene/Scene$KeyHandler$$Lambda$1034
instanceKlass javafx/scene/Scene$KeyHandler
instanceKlass com/sun/javafx/scene/layout/region/BorderImageSlices
instanceKlass com/sun/javafx/scene/layout/region/Margins$Holder
instanceKlass javafx/scene/layout/BackgroundSize
instanceKlass javafx/scene/layout/BackgroundPosition
instanceKlass com/sun/javafx/scene/layout/region/RepeatStruct
instanceKlass com/sun/javafx/css/converters/InsetsConverter$Holder
instanceKlass javafx/scene/layout/Region$StyleableProperties
instanceKlass com/sun/javafx/css/StyleCache$Key
instanceKlass javafx/scene/CssStyleHelper$CacheContainer
instanceKlass com/sun/javafx/css/Rule
instanceKlass com/sun/javafx/css/Declaration
instanceKlass com/sun/javafx/css/converters/PaintConverter$Holder
instanceKlass com/sun/javafx/css/parser/CSSParser$Term
instanceKlass com/sun/javafx/css/parser/Token
instanceKlass com/sun/javafx/css/parser/CSSLexer$UnitsState$$Lambda$1033
instanceKlass com/sun/javafx/css/parser/LexerState
instanceKlass com/sun/javafx/css/parser/CSSLexer$$Lambda$1032
instanceKlass com/sun/javafx/css/parser/CSSLexer$$Lambda$1031
instanceKlass com/sun/javafx/css/parser/CSSLexer$$Lambda$1030
instanceKlass com/sun/javafx/css/parser/CSSLexer$$Lambda$1029
instanceKlass com/sun/javafx/css/parser/CSSLexer$$Lambda$1028
instanceKlass com/sun/javafx/css/parser/CSSLexer$$Lambda$1027
instanceKlass com/sun/javafx/css/parser/CSSLexer$$Lambda$1026
instanceKlass com/sun/javafx/css/parser/CSSLexer$$Lambda$1025
instanceKlass com/sun/javafx/css/parser/CSSLexer$$Lambda$1024
instanceKlass com/sun/javafx/css/parser/CSSLexer$$Lambda$1023
instanceKlass com/sun/javafx/css/parser/CSSLexer$$Lambda$1022
instanceKlass com/sun/javafx/css/parser/CSSLexer$$Lambda$1021
instanceKlass com/sun/javafx/css/parser/CSSLexer$$Lambda$1020
instanceKlass com/sun/javafx/css/parser/CSSLexer$$Lambda$1019
instanceKlass com/sun/javafx/css/parser/CSSLexer$$Lambda$1018
instanceKlass com/sun/javafx/css/parser/CSSLexer$$Lambda$1017
instanceKlass com/sun/javafx/css/parser/CSSLexer$$Lambda$1016
instanceKlass com/sun/javafx/css/parser/CSSLexer$$Lambda$1015
instanceKlass com/sun/javafx/css/parser/CSSLexer$$Lambda$1014
instanceKlass com/sun/javafx/css/parser/CSSLexer$$Lambda$1013
instanceKlass com/sun/javafx/css/parser/CSSLexer$$Lambda$1012
instanceKlass com/sun/javafx/css/parser/CSSLexer$$Lambda$1011
instanceKlass com/sun/javafx/css/parser/CSSLexer$$Lambda$1010
instanceKlass com/sun/javafx/css/parser/CSSLexer$$Lambda$1009
instanceKlass com/sun/javafx/css/parser/CSSLexer$$Lambda$1008
instanceKlass com/sun/javafx/css/parser/CSSLexer$$Lambda$1007
instanceKlass com/sun/javafx/css/parser/CSSLexer$$Lambda$1006
instanceKlass com/sun/javafx/css/parser/CSSLexer$$Lambda$1005
instanceKlass com/sun/javafx/css/parser/CSSLexer$$Lambda$1004
instanceKlass com/sun/javafx/css/parser/CSSLexer$$Lambda$1003
instanceKlass com/sun/javafx/css/parser/CSSLexer$$Lambda$1002
instanceKlass com/sun/javafx/css/parser/CSSLexer$$Lambda$1001
instanceKlass com/sun/javafx/css/parser/CSSLexer$$Lambda$1000
instanceKlass com/sun/javafx/css/parser/CSSLexer$$Lambda$999
instanceKlass com/sun/javafx/css/parser/CSSLexer$$Lambda$998
instanceKlass com/sun/javafx/css/parser/CSSLexer$$Lambda$997
instanceKlass com/sun/javafx/css/parser/CSSLexer$$Lambda$996
instanceKlass com/sun/javafx/css/parser/CSSLexer$$Lambda$995
instanceKlass com/sun/javafx/css/parser/CSSLexer$$Lambda$994
instanceKlass com/sun/javafx/css/parser/CSSLexer$$Lambda$993
instanceKlass com/sun/javafx/css/parser/CSSLexer$$Lambda$992
instanceKlass com/sun/javafx/css/parser/CSSLexer$$Lambda$991
instanceKlass com/sun/javafx/css/parser/CSSLexer$$Lambda$990
instanceKlass com/sun/javafx/css/parser/CSSLexer$$Lambda$989
instanceKlass com/sun/javafx/css/parser/CSSLexer$$Lambda$988
instanceKlass com/sun/javafx/css/parser/CSSLexer$$Lambda$987
instanceKlass com/sun/javafx/css/parser/CSSLexer$$Lambda$986
instanceKlass com/sun/javafx/css/parser/Recognizer
instanceKlass com/sun/javafx/css/parser/CSSLexer
instanceKlass com/sun/javafx/css/Stylesheet
instanceKlass com/sun/javafx/css/Size
instanceKlass javafx/css/ParsedValue
instanceKlass com/sun/javafx/css/parser/CSSParser
instanceKlass com/sun/javafx/css/StyleManager$Cache$Key
instanceKlass com/sun/javafx/css/StyleManager$Cache
instanceKlass com/sun/javafx/css/StyleClass
instanceKlass com/sun/javafx/css/StyleManager$Key
instanceKlass com/sun/javafx/css/converters/BooleanConverter$Holder
instanceKlass com/sun/javafx/css/converters/EffectConverter$Holder
instanceKlass com/sun/javafx/css/converters/CursorConverter$Holder
instanceKlass javafx/scene/Node$StyleableProperties
instanceKlass com/sun/javafx/css/converters/URLConverter$Holder
instanceKlass javafx/scene/image/ImageView$StyleableProperties
instanceKlass com/sun/javafx/css/StyleMap$$Lambda$985
instanceKlass com/sun/javafx/css/CascadingStyle
instanceKlass com/sun/javafx/css/StyleMap
instanceKlass com/sun/javafx/css/StyleManager$CacheContainer
instanceKlass com/sun/javafx/css/StyleManager$InstanceHolder
instanceKlass com/sun/javafx/css/StyleManager
instanceKlass com/sun/javafx/css/converters/FontConverter$FontWeightConverter$Holder
instanceKlass com/sun/javafx/css/converters/FontConverter$FontStyleConverter$Holder
instanceKlass com/sun/javafx/css/converters/SizeConverter$Holder
instanceKlass com/sun/javafx/css/converters/StringConverter$Holder
instanceKlass com/sun/javafx/css/converters/FontConverter$Holder
instanceKlass javafx/css/StyleConverter
instanceKlass com/sun/javafx/font/PrismFont
instanceKlass com/sun/javafx/font/PGFont
instanceKlass com/sun/javafx/font/FontConfigManager$FontConfigFont
instanceKlass com/sun/javafx/font/FontConfigManager$FcCompFont
instanceKlass com/sun/javafx/font/FontConfigManager$$Lambda$984
instanceKlass com/sun/javafx/font/FontConfigManager
instanceKlass com/sun/javafx/font/LogicalFont
instanceKlass com/sun/javafx/font/CompositeFontResource
instanceKlass com/sun/javafx/font/FontResource
instanceKlass com/sun/javafx/font/freetype/OSFreetype$$Lambda$983
instanceKlass com/sun/javafx/font/freetype/OSFreetype
instanceKlass com/sun/javafx/text/GlyphLayout
instanceKlass com/sun/javafx/font/PrismFontFactory$$Lambda$982
instanceKlass com/sun/javafx/font/PrismFontFactory
instanceKlass com/sun/javafx/font/FontFactory
instanceKlass com/sun/javafx/tk/FontLoader
instanceKlass com/sun/javafx/util/Logging
instanceKlass javafx/scene/CssStyleHelper
instanceKlass javafx/scene/Scene$ClickCounter
instanceKlass javafx/scene/Scene$ClickGenerator
instanceKlass javafx/scene/Scene$MouseHandler$1
instanceKlass com/sun/javafx/event/EventQueue
instanceKlass javafx/scene/Scene$MouseHandler
instanceKlass com/sun/javafx/scene/traversal/TraversalEngine$BaseEngineContext
instanceKlass com/sun/javafx/scene/traversal/TraversalContext
instanceKlass com/sun/javafx/scene/traversal/ContainerTabOrder
instanceKlass com/sun/javafx/scene/traversal/Algorithm
instanceKlass javafx/scene/Scene$TouchMap
instanceKlass javafx/scene/Scene$TouchGesture
instanceKlass javafx/scene/Scene$TargetWrapper
instanceKlass javafx/scene/Scene$ScenePulseListener
instanceKlass javafx/scene/SceneAntialiasing
instanceKlass javafx/scene/paint/Paint$1
instanceKlass com/sun/javafx/tk/Toolkit$PaintAccessor
instanceKlass javafx/scene/paint/Paint
instanceKlass javafx/animation/Interpolatable
instanceKlass javafx/scene/Scene$$Lambda$981
instanceKlass com/sun/javafx/scene/SceneHelper
instanceKlass javafx/scene/Scene$3
instanceKlass com/sun/javafx/scene/SceneHelper$SceneAccessor
instanceKlass com/sun/javafx/robot/impl/FXRobotHelper$FXRobotSceneAccessor
instanceKlass com/sun/javafx/perf/PerformanceTracker$SceneAccessor
instanceKlass javafx/scene/input/KeyCombination
instanceKlass sun/misc/FloatingDecimal$ASCIIToBinaryBuffer
instanceKlass com/sun/scenario/animation/shared/InterpolationInterval$1
instanceKlass javafx/animation/Animation$5
instanceKlass javafx/collections/ModifiableObservableListBase$SubObservableList
instanceKlass javafx/animation/Interpolator
instanceKlass javafx/animation/KeyValue
instanceKlass com/sun/scenario/animation/shared/InterpolationInterval
instanceKlass com/sun/scenario/animation/shared/ClipInterpolator
instanceKlass com/sun/scenario/animation/shared/TimelineClipCore$$Lambda$980
instanceKlass javafx/animation/KeyFrame
instanceKlass com/sun/scenario/animation/shared/TimelineClipCore
instanceKlass com/sun/scenario/animation/shared/ClipEnvelope
instanceKlass javafx/animation/Animation$1
instanceKlass javafx/util/Duration
instanceKlass com/sun/scenario/animation/shared/AnimationAccessor
instanceKlass javafx/animation/Animation
instanceKlass javafx/beans/value/ObservableIntegerValue
instanceKlass javafx/beans/value/WritableIntegerValue
instanceKlass javafx/scene/image/Image$Animation
instanceKlass com/sun/javafx/image/impl/ByteRgba$Accessor
instanceKlass com/sun/javafx/image/impl/ByteRgba
instanceKlass com/sun/javafx/image/impl/ByteBgraPre$Accessor
instanceKlass com/sun/javafx/image/impl/ByteBgraPre
instanceKlass com/sun/javafx/image/impl/BaseByteToByteConverter
instanceKlass com/sun/javafx/image/ByteToBytePixelConverter
instanceKlass com/sun/javafx/image/PixelConverter
instanceKlass com/sun/javafx/image/impl/ByteBgra$Accessor
instanceKlass com/sun/javafx/image/BytePixelAccessor
instanceKlass com/sun/javafx/image/BytePixelSetter
instanceKlass com/sun/javafx/image/PixelSetter
instanceKlass com/sun/javafx/image/BytePixelGetter
instanceKlass com/sun/javafx/image/PixelGetter
instanceKlass com/sun/javafx/image/impl/ByteBgra
instanceKlass com/sun/prism/Image$1
instanceKlass javafx/scene/image/PixelFormat
instanceKlass com/sun/prism/Image
instanceKlass com/sun/javafx/tk/PlatformImage
instanceKlass com/sun/javafx/iio/ImageFrame
instanceKlass com/sun/javafx/iio/gif/GIFImageLoader2$LZWDecoder
instanceKlass com/sun/javafx/iio/ImageMetadata
instanceKlass com/sun/javafx/iio/common/ImageLoaderImpl
instanceKlass com/sun/javafx/iio/ImageLoader
instanceKlass com/sun/javafx/iio/common/ImageTools
instanceKlass com/sun/javafx/iio/ImageFormatDescription$Signature
instanceKlass com/sun/javafx/iio/common/ImageDescriptor
instanceKlass com/sun/javafx/iio/ImageFormatDescription
instanceKlass com/sun/javafx/iio/bmp/BMPImageLoaderFactory
instanceKlass com/sun/javafx/iio/png/PNGImageLoaderFactory
instanceKlass com/sun/javafx/iio/jpeg/JPEGImageLoaderFactory
instanceKlass com/sun/javafx/iio/gif/GIFImageLoaderFactory
instanceKlass com/sun/javafx/iio/ImageLoaderFactory
instanceKlass com/sun/javafx/iio/ImageStorage
instanceKlass com/sun/javafx/tk/quantum/PrismImageLoader2$PrismLoadListener
instanceKlass com/sun/javafx/iio/ImageLoadListener
instanceKlass com/sun/javafx/tk/quantum/PrismImageLoader2
instanceKlass com/sun/javafx/tk/ImageLoader
instanceKlass javafx/scene/image/Image$1
instanceKlass com/sun/javafx/tk/Toolkit$ImageAccessor
instanceKlass javafx/beans/WeakInvalidationListener
instanceKlass com/sun/javafx/beans/event/AbstractNotifyListener
instanceKlass com/sun/glass/ui/Accessible
instanceKlass javafx/event/EventType
instanceKlass javafx/scene/Node$AccessibilityProperties
instanceKlass javafx/css/CssMetaData
instanceKlass com/sun/javafx/scene/EventHandlerProperties
instanceKlass javafx/scene/Node$NodeTransformation
instanceKlass javafx/scene/input/Clipboard
instanceKlass javafx/scene/SnapshotParameters
instanceKlass javafx/scene/Cursor
instanceKlass javafx/beans/binding/StringExpression
instanceKlass javafx/beans/value/ObservableStringValue
instanceKlass javafx/beans/value/WritableStringValue
instanceKlass javafx/geometry/Point2D
instanceKlass com/sun/javafx/geom/Point2D
instanceKlass javafx/scene/Node$MiscProperties
instanceKlass javafx/scene/input/InputMethodRequests
instanceKlass javafx/scene/effect/Effect
instanceKlass javafx/event/EventHandler
instanceKlass com/sun/javafx/jmx/MXNodeAlgorithmContext
instanceKlass com/sun/javafx/jmx/MXNodeAlgorithm
instanceKlass com/sun/javafx/scene/traversal/TraversalEngine
instanceKlass com/sun/javafx/css/Selector
instanceKlass javafx/scene/layout/BorderWidths
instanceKlass javafx/geometry/Bounds
instanceKlass com/sun/javafx/scene/input/PickResultChooser
instanceKlass com/sun/javafx/geom/PickRay
instanceKlass javafx/scene/layout/CornerRadii
instanceKlass com/sun/javafx/geom/Shape
instanceKlass com/sun/javafx/sg/prism/NGNode
instanceKlass javafx/scene/layout/Border
instanceKlass javafx/scene/layout/Background
instanceKlass com/sun/javafx/fxml/BeanAdapter$MethodCache
instanceKlass com/sun/javafx/fxml/BeanAdapter$1
instanceKlass javafx/util/Builder
instanceKlass javafx/geometry/Insets
instanceKlass javafx/css/StyleableProperty
instanceKlass javafx/scene/layout/Region$$Lambda$979
instanceKlass com/sun/javafx/collections/VetoableListDecorator$$Lambda$978
instanceKlass com/sun/javafx/collections/VetoableListDecorator
instanceKlass javafx/scene/Node$$Lambda$977
instanceKlass javafx/scene/Node$$Lambda$976
instanceKlass com/sun/javafx/geom/Vec2d
instanceKlass javafx/scene/PropertyHelper$$Lambda$975
instanceKlass javafx/scene/PropertyHelper
instanceKlass com/sun/javafx/scene/NodeHelper
instanceKlass javafx/scene/Node$18
instanceKlass com/sun/javafx/scene/NodeHelper$NodeAccessor
instanceKlass javafx/scene/Node$$Lambda$974
instanceKlass com/sun/javafx/scene/BoundsAccessor
instanceKlass com/sun/javafx/geom/BaseBounds
instanceKlass com/sun/javafx/css/BitSet
instanceKlass javafx/css/PseudoClass
instanceKlass javafx/geometry/Point3D
instanceKlass javafx/scene/transform/Transform
instanceKlass sun/reflect/misc/ConstructorUtil
instanceKlass javafx/scene/shape/Mesh
instanceKlass javafx/scene/text/Font
instanceKlass javafx/scene/Scene
instanceKlass javafx/fxml/FXMLLoader$Attribute
instanceKlass javafx/fxml/FXMLLoader$Element
instanceKlass javafx/scene/image/Image
instanceKlass com/sun/org/apache/xerces/internal/util/XMLChar
instanceKlass com/sun/xml/internal/stream/util/BufferAllocator
instanceKlass com/sun/xml/internal/stream/util/ThreadLocalBufferAllocator
instanceKlass com/sun/xml/internal/stream/Entity
instanceKlass com/sun/org/apache/xerces/internal/util/XMLSymbols
instanceKlass com/sun/org/apache/xerces/internal/utils/XMLLimitAnalyzer
instanceKlass com/sun/org/apache/xerces/internal/impl/msg/XMLMessageFormatter
instanceKlass com/sun/org/apache/xerces/internal/util/MessageFormatter
instanceKlass com/sun/org/apache/xerces/internal/impl/XMLErrorReporter
instanceKlass com/sun/org/apache/xerces/internal/impl/XMLEntityScanner
instanceKlass com/sun/org/apache/xerces/internal/xni/XMLLocator
instanceKlass com/sun/xml/internal/stream/XMLEntityStorage
instanceKlass com/sun/org/apache/xerces/internal/impl/XMLEntityManager$CharacterBuffer
instanceKlass com/sun/org/apache/xerces/internal/impl/XMLEntityManager$CharacterBufferPool
instanceKlass com/sun/org/apache/xerces/internal/impl/XMLEntityManager
instanceKlass com/sun/org/apache/xerces/internal/xni/parser/XMLEntityResolver
instanceKlass com/sun/org/apache/xerces/internal/util/NamespaceContextWrapper
instanceKlass javax/xml/namespace/NamespaceContext
instanceKlass com/sun/org/apache/xerces/internal/xni/grammars/XMLDTDDescription
instanceKlass com/sun/org/apache/xerces/internal/xni/grammars/XMLGrammarDescription
instanceKlass com/sun/org/apache/xerces/internal/impl/XMLDocumentScannerImpl$TrailingMiscDriver
instanceKlass com/sun/org/apache/xerces/internal/impl/XMLDocumentScannerImpl$PrologDriver
instanceKlass com/sun/org/apache/xerces/internal/impl/XMLDocumentScannerImpl$XMLDeclDriver
instanceKlass com/sun/org/apache/xerces/internal/util/NamespaceSupport
instanceKlass com/sun/org/apache/xerces/internal/xni/NamespaceContext
instanceKlass com/sun/org/apache/xerces/internal/util/AugmentationsImpl$AugmentationsItemsContainer
instanceKlass com/sun/org/apache/xerces/internal/util/AugmentationsImpl
instanceKlass com/sun/org/apache/xerces/internal/xni/Augmentations
instanceKlass com/sun/org/apache/xerces/internal/util/XMLAttributesImpl$Attribute
instanceKlass com/sun/org/apache/xerces/internal/util/XMLAttributesImpl
instanceKlass com/sun/org/apache/xerces/internal/xni/XMLAttributes
instanceKlass com/sun/org/apache/xerces/internal/impl/XMLDocumentFragmentScannerImpl$FragmentContentDriver
instanceKlass com/sun/org/apache/xerces/internal/impl/XMLDocumentFragmentScannerImpl$Driver
instanceKlass com/sun/org/apache/xerces/internal/impl/XMLDocumentFragmentScannerImpl$ElementStack2
instanceKlass com/sun/org/apache/xerces/internal/xni/QName
instanceKlass com/sun/org/apache/xerces/internal/impl/XMLDocumentFragmentScannerImpl$ElementStack
instanceKlass com/sun/org/apache/xerces/internal/util/XMLResourceIdentifierImpl
instanceKlass com/sun/org/apache/xerces/internal/xni/XMLResourceIdentifier
instanceKlass com/sun/org/apache/xerces/internal/xni/XMLString
instanceKlass com/sun/org/apache/xerces/internal/impl/XMLScanner
instanceKlass com/sun/xml/internal/stream/XMLBufferListener
instanceKlass com/sun/org/apache/xerces/internal/impl/XMLEntityHandler
instanceKlass com/sun/org/apache/xerces/internal/xni/parser/XMLComponent
instanceKlass com/sun/org/apache/xerces/internal/xni/parser/XMLDocumentScanner
instanceKlass com/sun/org/apache/xerces/internal/xni/parser/XMLDocumentSource
instanceKlass com/sun/org/apache/xerces/internal/util/SymbolTable$Entry
instanceKlass com/sun/org/apache/xerces/internal/util/SymbolTable
instanceKlass com/sun/org/apache/xerces/internal/impl/XMLStreamReaderImpl
instanceKlass com/sun/org/apache/xerces/internal/xni/parser/XMLInputSource
instanceKlass javax/xml/stream/util/StreamReaderDelegate
instanceKlass javax/xml/stream/XMLStreamReader
instanceKlass javax/xml/stream/XMLStreamConstants
instanceKlass com/sun/org/apache/xerces/internal/utils/XMLSecurityPropertyManager
instanceKlass com/sun/org/apache/xerces/internal/utils/SecuritySupport$8
instanceKlass com/sun/org/apache/xerces/internal/utils/SecuritySupport$4
instanceKlass com/sun/org/apache/xerces/internal/utils/SecuritySupport
instanceKlass com/sun/org/apache/xerces/internal/utils/XMLSecurityManager
instanceKlass com/sun/org/apache/xerces/internal/impl/PropertyManager
instanceKlass javax/xml/stream/XMLInputFactory
instanceKlass javafx/collections/MapChangeListener$Change
instanceKlass javafx/fxml/FXMLLoader$ControllerAccessor
instanceKlass com/sun/javafx/collections/ObservableMapWrapper
instanceKlass javafx/fxml/FXMLLoader$1
instanceKlass com/sun/javafx/application/PlatformImpl$2
instanceKlass javafx/application/Platform
instanceKlass javafx/fxml/JavaFXBuilder
instanceKlass javafx/fxml/JavaFXBuilderFactory
instanceKlass javafx/util/BuilderFactory
instanceKlass javafx/fxml/FXMLLoader
instanceKlass com/sun/javafx/collections/TrackableObservableList$$Lambda$973
instanceKlass com/sun/javafx/event/EventDispatchChainImpl
instanceKlass javafx/event/EventDispatchChain
instanceKlass com/sun/javafx/event/BasicEventDispatcher
instanceKlass javafx/event/EventDispatcher
instanceKlass javafx/beans/binding/ObjectExpression
instanceKlass javafx/beans/binding/NumberExpressionBase
instanceKlass javafx/beans/binding/NumberExpression
instanceKlass javafx/beans/value/ObservableDoubleValue
instanceKlass javafx/beans/value/ObservableNumberValue
instanceKlass javafx/beans/value/WritableDoubleValue
instanceKlass javafx/beans/value/WritableNumberValue
instanceKlass javafx/stage/Window$TKBoundsConfigurator
instanceKlass com/sun/javafx/tk/TKPulseListener
instanceKlass javafx/stage/Stage$3
instanceKlass com/sun/javafx/stage/StagePeerListener$StageAccessor
instanceKlass com/sun/javafx/stage/StageHelper
instanceKlass javafx/stage/Stage$2
instanceKlass com/sun/javafx/stage/StageHelper$StageAccessor
instanceKlass com/sun/javafx/robot/impl/FXRobotHelper
instanceKlass com/sun/javafx/robot/impl/FXRobotHelper$FXRobotStageAccessor
instanceKlass com/sun/javafx/stage/WindowHelper
instanceKlass javafx/stage/Window$1
instanceKlass com/sun/javafx/stage/WindowHelper$WindowAccessor
instanceKlass com/sun/javafx/util/WeakReferenceQueue
instanceKlass com/sun/javafx/application/LauncherImpl$$Lambda$972
instanceKlass com/elikya/apps/rhoe/desk/ui/Stages
instanceKlass org/springframework/boot/CommandLineRunner
instanceKlass org/springframework/boot/ApplicationRunner
instanceKlass io/micrometer/core/instrument/binder/tomcat/TomcatMetrics$$Lambda$971
instanceKlass io/micrometer/core/instrument/binder/tomcat/TomcatMetrics$$Lambda$970
instanceKlass io/micrometer/core/instrument/binder/tomcat/TomcatMetrics$$Lambda$969
instanceKlass io/micrometer/core/instrument/binder/tomcat/TomcatMetrics$$Lambda$968
instanceKlass io/micrometer/core/instrument/binder/tomcat/TomcatMetrics$$Lambda$967
instanceKlass io/micrometer/core/instrument/binder/tomcat/TomcatMetrics$$Lambda$966
instanceKlass io/micrometer/core/instrument/binder/tomcat/TomcatMetrics$$Lambda$965
instanceKlass io/micrometer/core/instrument/binder/tomcat/TomcatMetrics$$Lambda$964
instanceKlass io/micrometer/core/instrument/binder/tomcat/TomcatMetrics$$Lambda$963
instanceKlass javax/management/NotificationBroadcasterSupport$ListenerInfo
instanceKlass com/sun/jmx/interceptor/DefaultMBeanServerInterceptor$ListenerWrapper
instanceKlass io/micrometer/core/instrument/binder/tomcat/TomcatMetrics$$Lambda$962
instanceKlass io/micrometer/core/instrument/binder/tomcat/TomcatMetrics$1
instanceKlass io/micrometer/core/instrument/binder/tomcat/TomcatMetrics$$Lambda$961
instanceKlass org/springframework/boot/devtools/restart/MainMethod
instanceKlass org/springframework/boot/devtools/restart/SilentExitExceptionHandler
instanceKlass org/springframework/boot/devtools/restart/classloader/ClassLoaderFiles
instanceKlass org/springframework/boot/devtools/restart/classloader/ClassLoaderFileRepository
instanceKlass org/springframework/boot/devtools/log4j2/Log4J2RestartListener
instanceKlass org/springframework/boot/devtools/restart/RestartListener
instanceKlass org/springframework/boot/devtools/restart/AgentReloader
instanceKlass org/springframework/boot/devtools/restart/DefaultRestartInitializer
instanceKlass org/springframework/boot/devtools/restart/RestartInitializer
instanceKlass org/springframework/beans/CachedIntrospectionResults$$Lambda$960
instanceKlass org/springframework/beans/CachedIntrospectionResults$$Lambda$959
instanceKlass org/springframework/beans/CachedIntrospectionResults$$Lambda$958
instanceKlass org/springframework/boot/web/embedded/tomcat/TomcatWebServer$$Lambda$957
instanceKlass org/springframework/boot/web/embedded/tomcat/TomcatWebServer$$Lambda$956
instanceKlass org/springframework/boot/web/embedded/tomcat/TomcatWebServer$$Lambda$955
instanceKlass javax/servlet/SingleThreadModel
instanceKlass org/springframework/boot/web/embedded/tomcat/TomcatEmbeddedContext$$Lambda$954
instanceKlass org/springframework/boot/web/embedded/tomcat/TomcatEmbeddedContext$$Lambda$953
instanceKlass org/springframework/boot/web/embedded/tomcat/TomcatEmbeddedContext$$Lambda$952
instanceKlass org/apache/coyote/AbstractProtocol$2
instanceKlass org/springframework/boot/web/embedded/tomcat/TomcatEmbeddedContext$$Lambda$951
instanceKlass org/apache/coyote/AbstractProtocol$1
instanceKlass org/apache/tomcat/util/net/Acceptor
instanceKlass org/apache/tomcat/util/net/NioEndpoint$Poller
instanceKlass org/apache/tomcat/util/threads/ThreadPoolExecutor$RejectHandler
instanceKlass java/nio/channels/spi/AbstractSelector$1
instanceKlass org/apache/tomcat/util/collections/SynchronizedQueue
instanceKlass org/apache/tomcat/util/net/NioBlockingSelector
instanceKlass sun/nio/ch/NativeObject
instanceKlass sun/nio/ch/EPollArrayWrapper
instanceKlass sun/nio/ch/Util$3
instanceKlass java/nio/channels/Selector
instanceKlass sun/nio/ch/Net$3
instanceKlass sun/nio/ch/Net$1
instanceKlass java/net/ProtocolFamily
instanceKlass sun/nio/ch/Net
instanceKlass sun/nio/ch/SelChImpl
instanceKlass sun/nio/ch/DefaultSelectorProvider
instanceKlass java/nio/channels/spi/SelectorProvider$1
instanceKlass java/nio/channels/spi/SelectorProvider
instanceKlass java/nio/channels/NetworkChannel
instanceKlass org/springframework/context/support/LiveBeansView
instanceKlass org/springframework/context/support/LiveBeansViewMBean
instanceKlass org/springframework/boot/autoconfigure/condition/ConditionEvaluationReport$$Lambda$950
instanceKlass org/springframework/boot/autoconfigure/condition/ConditionEvaluationReport$$Lambda$949
instanceKlass java/lang/invoke/LambdaForm$MH
instanceKlass java/lang/invoke/LambdaForm$DMH
instanceKlass java/lang/invoke/LambdaForm$DMH
instanceKlass org/springframework/context/support/DefaultLifecycleProcessor$$Lambda$948
instanceKlass java/lang/invoke/LambdaForm$DMH
instanceKlass org/springframework/context/support/DefaultLifecycleProcessor
instanceKlass org/springframework/context/LifecycleProcessor
instanceKlass org/springframework/jmx/export/naming/SelfNaming
instanceKlass org/springframework/jmx/export/MBeanExporter$$Lambda$947
instanceKlass org/springframework/jmx/export/annotation/ManagedResource
instanceKlass org/springframework/jmx/export/MBeanExporter$$Lambda$946
instanceKlass org/springframework/jmx/export/MBeanExporter$$Lambda$945
instanceKlass javax/servlet/descriptor/JspConfigDescriptor
instanceKlass javax/servlet/RequestDispatcher
instanceKlass org/springframework/context/event/EventListenerMethodProcessor$$Lambda$944
instanceKlass org/springframework/context/event/EventListener
instanceKlass org/springframework/boot/actuate/endpoint/web/jersey/JerseyEndpointResourceFactory$EndpointLinksInflector
instanceKlass org/glassfish/jersey/server/model/Resource$$Lambda$943
instanceKlass org/glassfish/jersey/server/model/ResourceMethod$$Lambda$942
instanceKlass org/glassfish/jersey/internal/util/collection/Values$LazyValueImpl
instanceKlass org/glassfish/jersey/internal/util/collection/Values$2
instanceKlass org/glassfish/jersey/internal/util/collection/LazyUnsafeValue
instanceKlass org/glassfish/jersey/internal/util/collection/UnsafeValue
instanceKlass org/glassfish/jersey/internal/util/collection/Values$1
instanceKlass org/glassfish/jersey/internal/util/collection/LazyValue
instanceKlass org/glassfish/jersey/internal/util/collection/Values
instanceKlass org/glassfish/jersey/server/model/Resource$1
instanceKlass org/glassfish/jersey/internal/util/collection/Value
instanceKlass org/glassfish/jersey/uri/PathPattern$1
instanceKlass org/glassfish/jersey/uri/UriComponent
instanceKlass org/glassfish/jersey/uri/internal/CharacterIterator
instanceKlass org/glassfish/jersey/uri/internal/UriTemplateParser
instanceKlass org/glassfish/jersey/uri/UriTemplate$1
instanceKlass org/glassfish/jersey/uri/UriTemplate
instanceKlass org/glassfish/jersey/uri/PatternWithGroups$EmptyStringMatchResult
instanceKlass org/glassfish/jersey/uri/PatternWithGroups
instanceKlass org/glassfish/jersey/server/model/Resource$Data
instanceKlass org/glassfish/jersey/server/model/Resource$2
instanceKlass org/glassfish/jersey/internal/util/ReflectionHelper$17
instanceKlass javax/ws/rs/DefaultValue
instanceKlass javax/ws/rs/Encoded
instanceKlass javax/ws/rs/Consumes
instanceKlass javax/ws/rs/Produces
instanceKlass javax/ws/rs/Path
instanceKlass javax/ws/rs/HttpMethod
instanceKlass org/glassfish/jersey/model/AnnotatedMethod
instanceKlass org/glassfish/jersey/model/Parameter$ParameterService$9
instanceKlass javax/ws/rs/BeanParam
instanceKlass org/glassfish/jersey/model/Parameter$ParameterService$8
instanceKlass javax/ws/rs/container/Suspended
instanceKlass org/glassfish/jersey/model/Parameter$ParameterService$7
instanceKlass javax/ws/rs/QueryParam
instanceKlass org/glassfish/jersey/model/Parameter$ParameterService$6
instanceKlass javax/ws/rs/PathParam
instanceKlass org/glassfish/jersey/model/Parameter$ParameterService$5
instanceKlass javax/ws/rs/MatrixParam
instanceKlass org/glassfish/jersey/model/Parameter$ParameterService$4
instanceKlass javax/ws/rs/HeaderParam
instanceKlass org/glassfish/jersey/model/Parameter$ParameterService$3
instanceKlass javax/ws/rs/FormParam
instanceKlass org/glassfish/jersey/model/Parameter$ParameterService$2
instanceKlass javax/ws/rs/CookieParam
instanceKlass org/glassfish/jersey/model/Parameter$ParameterService$1
instanceKlass javax/ws/rs/core/Context
instanceKlass org/glassfish/jersey/server/model/Parameter$ServerParameterService$1
instanceKlass org/glassfish/jersey/model/Parameter$ParamAnnotationHelper
instanceKlass org/glassfish/jersey/server/Uri
instanceKlass org/glassfish/jersey/model/Parameter$$Lambda$941
instanceKlass org/glassfish/jersey/model/Parameter$$Lambda$940
instanceKlass org/glassfish/jersey/model/Parameter$$Lambda$939
instanceKlass org/glassfish/jersey/model/Parameter$$Lambda$938
instanceKlass org/glassfish/jersey/model/Parameter$ParameterService$10
instanceKlass org/glassfish/jersey/server/model/Parameter$ServerParameterService$2
instanceKlass org/glassfish/jersey/model/Parameter$$Lambda$937
instanceKlass org/glassfish/jersey/model/Parameter$ParamCreationFactory
instanceKlass org/glassfish/jersey/model/Parameter$ParameterService
instanceKlass org/glassfish/jersey/server/model/Parameter$ServerParameterService
instanceKlass org/glassfish/jersey/internal/util/ReflectionHelper$7
instanceKlass org/glassfish/jersey/internal/guava/Iterators$2
instanceKlass org/glassfish/jersey/internal/guava/UnmodifiableIterator
instanceKlass org/glassfish/jersey/internal/guava/Iterators
instanceKlass org/glassfish/jersey/internal/ServiceFinder$AbstractLazyIterator
instanceKlass org/glassfish/jersey/internal/ServiceFinder$ServiceIteratorProvider
instanceKlass org/glassfish/jersey/internal/guava/Preconditions
instanceKlass org/glassfish/jersey/internal/guava/Lists
instanceKlass org/glassfish/jersey/internal/ServiceFinder
instanceKlass org/glassfish/jersey/model/internal/spi/ParameterServiceProvider
instanceKlass org/glassfish/jersey/model/Parameter
instanceKlass org/glassfish/jersey/internal/util/collection/ClassTypePair
instanceKlass javax/ws/rs/core/Response
instanceKlass javax/ws/rs/container/ContainerRequestContext
instanceKlass org/glassfish/jersey/internal/util/ReflectionHelper$18
instanceKlass org/glassfish/jersey/server/model/MethodHandler
instanceKlass org/glassfish/jersey/server/model/ResourceMethod$Data
instanceKlass org/glassfish/jersey/server/model/Invocable
instanceKlass org/glassfish/jersey/server/model/Parameterized
instanceKlass org/springframework/boot/actuate/endpoint/web/jersey/JerseyEndpointResourceFactory$ResourceBodyConverter
instanceKlass org/springframework/boot/actuate/endpoint/web/jersey/JerseyEndpointResourceFactory$OperationInflector
instanceKlass org/glassfish/jersey/message/internal/MediaTypes$$Lambda$936
instanceKlass org/glassfish/jersey/message/internal/QualitySourceMediaType$1
instanceKlass org/glassfish/jersey/message/internal/AcceptableMediaType$1
instanceKlass org/glassfish/jersey/message/internal/Qualified
instanceKlass org/glassfish/jersey/message/internal/MediaTypes$2
instanceKlass org/glassfish/jersey/message/internal/MediaTypes$1
instanceKlass javax/ws/rs/core/MediaType$1
instanceKlass org/glassfish/jersey/message/internal/GrammarUtil
instanceKlass org/glassfish/jersey/message/internal/HttpHeaderReader$7
instanceKlass org/glassfish/jersey/message/internal/HttpHeaderReader$6
instanceKlass org/glassfish/jersey/message/internal/HttpHeaderReader$4
instanceKlass org/glassfish/jersey/message/internal/HttpHeaderReader$3
instanceKlass org/glassfish/jersey/message/internal/HttpHeaderReader$2
instanceKlass org/glassfish/jersey/message/internal/HttpHeaderReader$1
instanceKlass org/glassfish/jersey/message/internal/HttpHeaderReader$ListElementCreator
instanceKlass org/glassfish/jersey/message/internal/HttpHeaderReader
instanceKlass org/glassfish/jersey/message/internal/Utils
instanceKlass javax/ws/rs/core/CacheControl
instanceKlass javax/ws/rs/core/Cookie
instanceKlass javax/ws/rs/core/EntityTag
instanceKlass org/glassfish/jersey/message/internal/UriProvider
instanceKlass org/glassfish/jersey/message/internal/StringHeaderProvider
instanceKlass org/glassfish/jersey/message/internal/NewCookieProvider
instanceKlass org/glassfish/jersey/internal/l10n/LocalizableMessage
instanceKlass org/glassfish/jersey/internal/l10n/Localizable
instanceKlass org/glassfish/jersey/internal/l10n/Localizer
instanceKlass org/glassfish/jersey/internal/LocalizationMessages$BundleSupplier
instanceKlass org/glassfish/jersey/internal/l10n/LocalizableMessageFactory$ResourceBundleSupplier
instanceKlass org/glassfish/jersey/internal/l10n/LocalizableMessageFactory
instanceKlass org/glassfish/jersey/internal/LocalizationMessages
instanceKlass org/glassfish/jersey/message/internal/MediaTypeProvider
instanceKlass org/glassfish/jersey/message/internal/LocaleProvider
instanceKlass org/glassfish/jersey/message/internal/LinkProvider
instanceKlass org/glassfish/jersey/message/internal/EntityTagProvider
instanceKlass org/glassfish/jersey/message/internal/DateProvider
instanceKlass org/glassfish/jersey/message/internal/CookieProvider
instanceKlass org/glassfish/jersey/message/internal/CacheControlProvider
instanceKlass org/glassfish/jersey/spi/HeaderDelegateProvider
instanceKlass javax/ws/rs/ext/RuntimeDelegate$HeaderDelegate
instanceKlass org/glassfish/jersey/internal/inject/AbstractBinder
instanceKlass javax/ws/rs/ext/FactoryFinder$$Lambda$935
instanceKlass javax/ws/rs/ext/FactoryFinder
instanceKlass javax/ws/rs/ext/RuntimeDelegate
instanceKlass javax/ws/rs/core/MediaType$2
instanceKlass javax/ws/rs/core/MediaType
instanceKlass org/glassfish/jersey/message/internal/MediaTypes
instanceKlass org/glassfish/jersey/server/model/ResourceMethod
instanceKlass org/glassfish/jersey/server/model/Suspendable
instanceKlass org/glassfish/jersey/server/model/Consuming
instanceKlass org/glassfish/jersey/server/model/Producing
instanceKlass org/glassfish/jersey/server/model/ResourceMethod$Builder
instanceKlass org/glassfish/jersey/server/model/Resource$Builder
instanceKlass org/springframework/boot/actuate/endpoint/web/jersey/JerseyEndpointResourceFactory$$Lambda$934
instanceKlass org/springframework/boot/actuate/endpoint/web/jersey/JerseyEndpointResourceFactory$$Lambda$933
instanceKlass org/springframework/boot/actuate/endpoint/web/jersey/JerseyEndpointResourceFactory$$Lambda$932
instanceKlass org/springframework/boot/actuate/endpoint/web/jersey/JerseyEndpointResourceFactory
instanceKlass org/springframework/boot/actuate/endpoint/web/EndpointMapping
instanceKlass org/springframework/boot/actuate/endpoint/web/EndpointLinksResolver
instanceKlass org/springframework/web/multipart/MultipartHttpServletRequest
instanceKlass org/springframework/web/multipart/MultipartRequest
instanceKlass org/springframework/validation/beanvalidation/LocalValidatorFactoryBean$$Lambda$931
instanceKlass java/lang/invoke/LambdaForm$DMH
instanceKlass org/springframework/validation/beanvalidation/LocalValidatorFactoryBean$1
instanceKlass org/springframework/validation/beanvalidation/SpringConstraintValidatorFactory
instanceKlass org/springframework/validation/beanvalidation/LocaleContextMessageInterpolator
instanceKlass org/springframework/context/MessageSourceResolvable
instanceKlass org/springframework/validation/BindingResult
instanceKlass org/springframework/validation/Errors
instanceKlass javax/validation/ConstraintViolation
instanceKlass javax/validation/ValidatorContext
instanceKlass org/springframework/boot/validation/MessageInterpolatorFactory
instanceKlass org/springframework/transaction/support/TransactionCallback
instanceKlass org/springframework/boot/task/TaskSchedulerBuilder$$Lambda$930
instanceKlass org/springframework/boot/task/TaskSchedulerCustomizer
instanceKlass org/springframework/scheduling/annotation/SchedulingConfigurer
instanceKlass org/springframework/jdbc/core/PreparedStatementCreatorFactory
instanceKlass org/springframework/jdbc/core/namedparam/ParsedSql
instanceKlass org/springframework/jdbc/core/namedparam/SqlParameterSource
instanceKlass org/springframework/jdbc/support/SQLExceptionTranslator
instanceKlass org/springframework/jdbc/core/ResultSetExtractor
instanceKlass org/springframework/jdbc/core/RowCallbackHandler
instanceKlass org/springframework/jdbc/core/CallableStatementCallback
instanceKlass org/springframework/jdbc/core/PreparedStatementCallback
instanceKlass org/springframework/jdbc/core/StatementCallback
instanceKlass org/springframework/jdbc/core/ConnectionCallback
instanceKlass org/springframework/jdbc/core/PreparedStatementCreator
instanceKlass org/springframework/jdbc/core/CallableStatementCreator
instanceKlass org/springframework/jdbc/support/KeyHolder
instanceKlass org/springframework/jdbc/core/SqlParameter
instanceKlass org/springframework/jdbc/core/ParameterizedPreparedStatementSetter
instanceKlass org/springframework/jdbc/core/BatchPreparedStatementSetter
instanceKlass org/springframework/jdbc/support/rowset/SqlRowSet
instanceKlass org/springframework/jdbc/core/RowMapper
instanceKlass org/springframework/jdbc/core/PreparedStatementSetter
instanceKlass org/springframework/data/jpa/repository/support/JpaEvaluationContextExtension$JpaRootObject
instanceKlass org/springframework/boot/task/TaskExecutorBuilder$$Lambda$929
instanceKlass org/springframework/boot/autoconfigure/task/TaskExecutionAutoConfiguration$$Lambda$928
instanceKlass org/springframework/boot/task/TaskExecutorCustomizer
instanceKlass org/springframework/boot/actuate/autoconfigure/web/servlet/ServletManagementContextAutoConfiguration$$Lambda$927
instanceKlass org/springframework/boot/autoconfigure/web/client/RestTemplateAutoConfiguration$$Lambda$926
instanceKlass org/springframework/boot/actuate/metrics/web/client/MetricsClientHttpRequestInterceptor
instanceKlass org/springframework/http/client/ClientHttpRequestInterceptor
instanceKlass org/springframework/http/client/ClientHttpResponse
instanceKlass org/springframework/boot/autoconfigure/web/client/RestTemplateAutoConfiguration$$Lambda$925
instanceKlass org/springframework/boot/web/client/RestTemplateRequestCustomizer
instanceKlass org/springframework/web/util/DefaultUriBuilderFactory
instanceKlass org/springframework/web/util/UriBuilderFactory
instanceKlass org/springframework/web/client/RestTemplate$HeadersExtractor
instanceKlass org/springframework/web/client/ResponseExtractor
instanceKlass org/springframework/web/client/DefaultResponseErrorHandler
instanceKlass org/springframework/http/client/SimpleClientHttpRequestFactory
instanceKlass org/springframework/http/client/AsyncClientHttpRequestFactory
instanceKlass org/springframework/http/client/ClientHttpRequestFactory
instanceKlass org/springframework/http/HttpOutputMessage
instanceKlass org/springframework/http/HttpHeaders
instanceKlass io/micrometer/core/instrument/binder/jpa/HibernateMetrics
instanceKlass org/springframework/boot/actuate/autoconfigure/metrics/orm/jpa/HibernateMetricsAutoConfiguration$$Lambda$924
instanceKlass org/springframework/boot/actuate/metrics/jdbc/DataSourcePoolMetrics$$Lambda$923
instanceKlass org/springframework/boot/actuate/metrics/jdbc/DataSourcePoolMetrics$$Lambda$922
instanceKlass org/springframework/boot/actuate/metrics/jdbc/DataSourcePoolMetrics$$Lambda$921
instanceKlass org/springframework/boot/actuate/metrics/jdbc/DataSourcePoolMetrics$$Lambda$920
instanceKlass org/springframework/boot/actuate/metrics/jdbc/DataSourcePoolMetrics$CachingDataSourcePoolMetadataProvider$$Lambda$919
instanceKlass org/springframework/boot/actuate/metrics/jdbc/DataSourcePoolMetrics$$Lambda$918
instanceKlass org/springframework/boot/actuate/metrics/jdbc/DataSourcePoolMetrics$CachingDataSourcePoolMetadataProvider
instanceKlass org/springframework/boot/actuate/metrics/jdbc/DataSourcePoolMetrics
instanceKlass org/springframework/boot/actuate/autoconfigure/metrics/jdbc/DataSourcePoolMetricsAutoConfiguration$DataSourcePoolMetadataMetricsConfiguration$$Lambda$917
instanceKlass com/zaxxer/hikari/metrics/micrometer/MicrometerMetricsTracker$$Lambda$916
instanceKlass com/zaxxer/hikari/metrics/micrometer/MicrometerMetricsTracker$$Lambda$915
instanceKlass com/zaxxer/hikari/metrics/micrometer/MicrometerMetricsTracker$$Lambda$914
instanceKlass com/zaxxer/hikari/metrics/micrometer/MicrometerMetricsTracker$$Lambda$913
instanceKlass com/zaxxer/hikari/metrics/micrometer/MicrometerMetricsTracker$$Lambda$912
instanceKlass com/zaxxer/hikari/metrics/micrometer/MicrometerMetricsTracker$$Lambda$911
instanceKlass com/zaxxer/hikari/metrics/micrometer/MicrometerMetricsTracker
instanceKlass com/zaxxer/hikari/metrics/IMetricsTracker
instanceKlass com/zaxxer/hikari/metrics/PoolStats
instanceKlass com/zaxxer/hikari/pool/PoolBase$MetricsTrackerDelegate
instanceKlass com/zaxxer/hikari/metrics/micrometer/MicrometerMetricsTrackerFactory
instanceKlass org/springframework/boot/actuate/health/AbstractHealthAggregator
instanceKlass org/springframework/boot/actuate/endpoint/web/annotation/RestControllerEndpoint
instanceKlass org/springframework/boot/actuate/endpoint/web/annotation/ControllerEndpoint
instanceKlass org/springframework/boot/actuate/endpoint/web/annotation/WebEndpointDiscoverer$$Lambda$910
instanceKlass org/springframework/boot/actuate/endpoint/web/annotation/DiscoveredWebOperation$$Lambda$909
instanceKlass org/springframework/boot/actuate/endpoint/web/annotation/DiscoveredWebOperation$$Lambda$908
instanceKlass org/springframework/boot/actuate/endpoint/web/WebOperationRequestPredicate
instanceKlass org/springframework/boot/actuate/endpoint/web/annotation/RequestPredicateFactory$$Lambda$907
instanceKlass org/springframework/boot/actuate/endpoint/web/annotation/RequestPredicateFactory$$Lambda$906
instanceKlass org/springframework/boot/actuate/endpoint/annotation/EndpointDiscoverer$$Lambda$905
instanceKlass org/springframework/boot/actuate/endpoint/web/PathMappedEndpoints$$Lambda$904
instanceKlass org/springframework/boot/actuate/endpoint/web/PathMappedEndpoints$$Lambda$903
instanceKlass org/springframework/boot/actuate/autoconfigure/endpoint/web/WebEndpointAutoConfiguration$$Lambda$902
instanceKlass org/springframework/boot/actuate/endpoint/web/WebOperation
instanceKlass org/springframework/boot/actuate/endpoint/web/annotation/RequestPredicateFactory
instanceKlass org/springframework/boot/actuate/endpoint/jmx/EndpointMBean$$Lambda$901
instanceKlass javax/management/modelmbean/DescriptorSupport
instanceKlass org/springframework/boot/actuate/endpoint/jmx/MBeanInfoFactory$$Lambda$900
instanceKlass org/springframework/boot/actuate/endpoint/jmx/MBeanInfoFactory$$Lambda$899
instanceKlass org/springframework/boot/actuate/endpoint/jmx/MBeanInfoFactory$$Lambda$898
instanceKlass org/springframework/boot/actuate/endpoint/jmx/MBeanInfoFactory$$Lambda$897
instanceKlass javax/management/DescriptorAccess
instanceKlass org/springframework/boot/actuate/endpoint/jmx/MBeanInfoFactory
instanceKlass org/springframework/boot/actuate/endpoint/jmx/EndpointMBean
instanceKlass org/springframework/jmx/support/ObjectNameManager
instanceKlass com/sun/jmx/mbeanserver/Repository$ObjectNamePattern
instanceKlass org/springframework/boot/actuate/endpoint/jmx/JmxEndpointExporter$$Lambda$896
instanceKlass sun/reflect/annotation/AnnotationSupport
instanceKlass org/springframework/boot/actuate/endpoint/annotation/Selector
instanceKlass org/springframework/boot/actuate/endpoint/jmx/annotation/DiscoveredJmxOperation$$Lambda$895
instanceKlass org/springframework/boot/actuate/endpoint/jmx/annotation/DiscoveredJmxOperation$$Lambda$894
instanceKlass org/springframework/boot/actuate/endpoint/jmx/annotation/DiscoveredJmxOperation$DiscoveredJmxOperationParameter
instanceKlass org/springframework/boot/actuate/endpoint/jmx/JmxOperationParameter
instanceKlass org/springframework/jmx/export/metadata/ManagedOperationParameter
instanceKlass org/springframework/jmx/export/annotation/AnnotationJmxAttributeSource$$Lambda$893
instanceKlass org/springframework/core/annotation/MergedAnnotationPredicates$FirstRunOfPredicate
instanceKlass org/springframework/jmx/export/annotation/AnnotationJmxAttributeSource$$Lambda$892
instanceKlass org/springframework/jmx/export/annotation/ManagedOperationParameters
instanceKlass org/springframework/jmx/export/annotation/ManagedOperationParameter
instanceKlass org/springframework/boot/actuate/endpoint/invoke/reflect/OperationMethodParameter
instanceKlass org/springframework/boot/actuate/endpoint/annotation/EndpointDiscoverer$$Lambda$891
instanceKlass org/springframework/boot/actuate/endpoint/annotation/EndpointDiscoverer$$Lambda$890
instanceKlass org/springframework/boot/actuate/endpoint/annotation/EndpointDiscoverer$$Lambda$889
instanceKlass org/springframework/boot/actuate/endpoint/annotation/EndpointDiscoverer$$Lambda$888
instanceKlass org/springframework/boot/actuate/endpoint/annotation/EndpointDiscoverer$$Lambda$887
instanceKlass org/springframework/boot/actuate/endpoint/jmx/annotation/JmxEndpointDiscoverer$$Lambda$886
instanceKlass org/springframework/jmx/export/metadata/AbstractJmxAttribute
instanceKlass org/springframework/jmx/export/annotation/ManagedOperation
instanceKlass org/springframework/boot/actuate/endpoint/jmx/annotation/DiscoveredJmxOperation$$Lambda$885
instanceKlass org/springframework/boot/actuate/endpoint/jmx/annotation/DiscoveredJmxOperation$JmxType
instanceKlass org/springframework/boot/actuate/endpoint/annotation/AbstractDiscoveredOperation
instanceKlass org/springframework/boot/actuate/autoconfigure/endpoint/EndpointIdTimeToLivePropertyFunction$$Lambda$884
instanceKlass org/springframework/boot/actuate/endpoint/invoke/reflect/ReflectiveOperationInvoker
instanceKlass org/springframework/boot/actuate/endpoint/invoke/reflect/OperationMethodParameters$$Lambda$883
instanceKlass org/springframework/boot/actuate/endpoint/invoke/reflect/OperationMethodParameters
instanceKlass java/util/EnumMap$EntryIterator$Entry
instanceKlass org/springframework/boot/actuate/endpoint/annotation/DiscoveredOperationsFactory$$Lambda$882
instanceKlass org/springframework/boot/actuate/endpoint/annotation/DiscoveredOperationsFactory$$Lambda$881
instanceKlass org/springframework/core/MethodIntrospector$$Lambda$880
instanceKlass org/springframework/core/MethodIntrospector
instanceKlass org/springframework/boot/actuate/endpoint/annotation/DiscoveredOperationsFactory$$Lambda$879
instanceKlass org/springframework/core/MethodIntrospector$MetadataLookup
instanceKlass org/springframework/boot/util/LambdaSafe$Callback$$Lambda$878
instanceKlass org/springframework/boot/actuate/endpoint/annotation/EndpointDiscoverer$$Lambda$877
instanceKlass org/springframework/boot/actuate/endpoint/AbstractExposableEndpoint
instanceKlass org/springframework/boot/actuate/endpoint/annotation/DiscoveredEndpoint
instanceKlass com/fasterxml/jackson/databind/type/ClassStack
instanceKlass com/fasterxml/jackson/databind/type/TypeBindings$AsKey
instanceKlass com/fasterxml/jackson/databind/type/TypeBindings$TypeParamStash
instanceKlass org/springframework/boot/actuate/endpoint/jmx/JacksonJmxOperationResponseMapper
instanceKlass org/springframework/boot/actuate/autoconfigure/endpoint/jmx/DefaultEndpointObjectNameFactory
instanceKlass org/springframework/boot/actuate/endpoint/jmx/JmxOperation
instanceKlass org/springframework/boot/actuate/endpoint/invoke/OperationParameters
instanceKlass org/springframework/boot/actuate/autoconfigure/endpoint/EndpointIdTimeToLivePropertyFunction
instanceKlass org/springframework/boot/actuate/endpoint/invoke/convert/ConversionServiceParameterValueMapper
instanceKlass org/springframework/boot/actuate/endpoint/annotation/EndpointConverter
instanceKlass org/springframework/transaction/support/AbstractPlatformTransactionManager$SuspendedResourcesHolder
instanceKlass org/springframework/jdbc/datasource/JdbcTransactionObjectSupport
instanceKlass org/springframework/transaction/support/SmartTransactionObject
instanceKlass org/springframework/transaction/support/AbstractTransactionStatus
instanceKlass org/springframework/boot/autoconfigure/transaction/TransactionManagerCustomizers$$Lambda$876
instanceKlass org/springframework/boot/convert/DurationUnit
instanceKlass org/springframework/boot/autoconfigure/orm/jpa/JpaBaseConfiguration$$Lambda$875
instanceKlass com/fasterxml/jackson/databind/deser/DeserializationProblemHandler
instanceKlass com/fasterxml/jackson/core/io/CharacterEscapes
instanceKlass com/fasterxml/jackson/databind/jsonFormatVisitors/JsonFormatVisitorWrapper
instanceKlass com/fasterxml/jackson/databind/jsonFormatVisitors/JsonFormatVisitorWithSerializerProvider
instanceKlass com/fasterxml/jackson/databind/jsonschema/JsonSchema
instanceKlass com/fasterxml/jackson/databind/MappingIterator
instanceKlass com/fasterxml/jackson/core/JsonParser
instanceKlass com/fasterxml/jackson/databind/ObjectWriter
instanceKlass com/fasterxml/jackson/core/FormatSchema
instanceKlass com/fasterxml/jackson/annotation/JsonAutoDetect$Value
instanceKlass com/fasterxml/jackson/core/type/TypeReference
instanceKlass com/fasterxml/jackson/databind/InjectableValues
instanceKlass com/fasterxml/jackson/module/paramnames/ParameterExtractor
instanceKlass org/springframework/http/converter/json/Jackson2ObjectMapperBuilder$$Lambda$874
instanceKlass com/fasterxml/jackson/databind/cfg/HandlerInstantiator
instanceKlass com/fasterxml/jackson/databind/ser/FilterProvider
instanceKlass com/fasterxml/jackson/databind/jsontype/TypeResolverBuilder
instanceKlass org/springframework/boot/jackson/JsonComponent
instanceKlass org/springframework/beans/factory/annotation/InitDestroyAnnotationBeanPostProcessor$LifecycleElement
instanceKlass java/util/EnumMap$EnumMapIterator
instanceKlass org/springframework/boot/autoconfigure/jackson/JacksonAutoConfiguration$Jackson2ObjectMapperBuilderCustomizerConfiguration$StandardJackson2ObjectMapperBuilderCustomizer$$Lambda$873
instanceKlass org/springframework/boot/autoconfigure/jackson/JacksonAutoConfiguration$Jackson2ObjectMapperBuilderCustomizerConfiguration$StandardJackson2ObjectMapperBuilderCustomizer$$Lambda$872
instanceKlass com/fasterxml/jackson/databind/deser/ValueInstantiator
instanceKlass com/fasterxml/jackson/databind/jsontype/NamedType
instanceKlass com/fasterxml/jackson/databind/PropertyNamingStrategy
instanceKlass com/fasterxml/jackson/module/paramnames/PackageVersion
instanceKlass javafx/scene/chart/XYChart$Series
instanceKlass javafx/scene/chart/XYChart$Data
instanceKlass javafx/scene/control/SelectionModel
instanceKlass org/hibernate/engine/internal/JoinSequence$Join
instanceKlass sun/reflect/misc/Trampoline
instanceKlass sun/reflect/misc/MethodUtil$1
instanceKlass org/springframework/data/jpa/repository/query/StringQuery$ParameterBindingParser$$Lambda$871
instanceKlass org/springframework/data/jpa/repository/query/StringQuery$ParameterBindingParser$$Lambda$870
instanceKlass org/hibernate/engine/query/spi/AbstractParameterDescriptor
instanceKlass org/hibernate/query/QueryParameter
instanceKlass javax/persistence/Parameter
instanceKlass org/hibernate/hql/internal/ast/NamedParameterInformationImpl
instanceKlass org/hibernate/hql/spi/NamedParameterInformation
instanceKlass org/hibernate/hql/spi/ParameterInformation
instanceKlass org/hibernate/param/AbstractExplicitParameterSpecification
instanceKlass org/hibernate/param/ExplicitParameterSpecification
instanceKlass org/hibernate/param/ParameterSpecification
instanceKlass org/hibernate/param/ParameterBinder
instanceKlass org/springframework/data/jpa/repository/query/StringQuery$1
instanceKlass org/springframework/data/jpa/repository/query/StringQuery$ParameterBindingParser$$Lambda$869
instanceKlass org/springframework/data/repository/query/SpelQueryContext$QuotationMap$$Lambda$868
instanceKlass org/springframework/data/domain/Range
instanceKlass org/springframework/data/jpa/repository/Temporal
instanceKlass org/springframework/data/repository/query/Parameter$$Lambda$867
instanceKlass org/springframework/data/repository/query/Parameter
instanceKlass com/elikya/apps/rhoe/desk/controller/NewSaleController$$Lambda$866
instanceKlass org/springframework/data/mapping/model/AbstractPersistentProperty$$Lambda$865
instanceKlass org/springframework/data/mapping/model/AbstractPersistentProperty$$Lambda$864
instanceKlass org/springframework/data/mapping/model/AbstractPersistentProperty$$Lambda$863
instanceKlass org/springframework/data/mapping/model/AbstractPersistentProperty$$Lambda$862
instanceKlass java/util/WeakHashMap$HashIterator
instanceKlass org/springframework/data/mapping/model/AbstractPersistentProperty$$Lambda$861
instanceKlass javafx/scene/control/Tab
instanceKlass com/elikya/apps/rhoe/desk/controller/MoreController$$Lambda$860
instanceKlass com/elikya/apps/rhoe/desk/util/PropertiesUtil
instanceKlass org/springframework/data/domain/Sort$Order
instanceKlass org/springframework/data/repository/core/support/RepositoryFactorySupport$ImplementationMethodExecutionInterceptor
instanceKlass org/springframework/data/repository/core/support/RepositoryFragment$ImplementedRepositoryFragment$$Lambda$859
instanceKlass org/springframework/data/repository/core/support/RepositoryFragment$ImplementedRepositoryFragment
instanceKlass org/hibernate/query/internal/QueryParameterBindingsImpl
instanceKlass org/hibernate/query/spi/QueryParameterBindings
instanceKlass org/hibernate/engine/spi/RowSelection
instanceKlass org/hibernate/engine/query/spi/ReturnMetadata
instanceKlass org/hibernate/hql/internal/ast/ParameterTranslationsImpl
instanceKlass org/hibernate/hql/spi/ParameterTranslations
instanceKlass org/hibernate/hql/internal/ast/SqlGenerator$StandardFunctionArguments
instanceKlass org/hibernate/hql/internal/ast/SqlGenerator$FunctionArgumentsCollectingWriter
instanceKlass org/hibernate/hql/internal/ast/SqlGenerator$DefaultWriter
instanceKlass org/hibernate/hql/internal/ast/SqlGenerator$SqlWriter
instanceKlass org/hibernate/hql/internal/ast/tree/ExpectedTypeAwareNode
instanceKlass org/hibernate/hql/internal/ast/util/JoinProcessor$1
instanceKlass org/hibernate/engine/internal/JoinSequence$Selector
instanceKlass org/hibernate/engine/internal/JoinSequence
instanceKlass org/hibernate/hql/internal/ast/util/ASTIterator
instanceKlass org/hibernate/hql/internal/ast/util/SyntheticAndFactory
instanceKlass org/hibernate/hql/internal/ast/util/JoinProcessor
instanceKlass org/hibernate/hql/internal/NameGenerator
instanceKlass org/hibernate/hql/internal/ast/util/ASTAppender
instanceKlass org/hibernate/hql/internal/ast/tree/AggregatedSelectExpression
instanceKlass org/hibernate/hql/internal/ast/tree/FunctionNode
instanceKlass org/hibernate/hql/internal/ast/util/PathHelper
instanceKlass org/hibernate/hql/internal/CollectionProperties
instanceKlass org/hibernate/persister/entity/Queryable$Declarer
instanceKlass org/hibernate/hql/internal/ast/tree/BinaryOperatorNode
instanceKlass org/hibernate/hql/internal/ast/tree/OperatorNode
instanceKlass org/hibernate/hql/internal/ast/util/ASTUtil$CollectingNodeVisitor
instanceKlass org/hibernate/hql/internal/ast/tree/FromElementType
instanceKlass org/hibernate/hql/internal/ast/tree/ParameterContainer
instanceKlass org/hibernate/hql/internal/ast/tree/FromElementFactory
instanceKlass org/hibernate/hql/internal/antlr/SqlTokenTypes
instanceKlass org/hibernate/hql/internal/ast/tree/DotNode$1
instanceKlass org/hibernate/hql/internal/ast/tree/DotNode$IllegalCollectionDereferenceExceptionBuilder
instanceKlass org/hibernate/hql/internal/ast/tree/PathNode
instanceKlass org/hibernate/hql/internal/ast/tree/ResolvableNode
instanceKlass org/hibernate/hql/internal/ast/tree/TableReferenceNode
instanceKlass org/hibernate/hql/internal/ast/util/ASTUtil$IncludePredicate
instanceKlass org/hibernate/hql/internal/ast/util/ASTUtil$FilterPredicate
instanceKlass org/hibernate/hql/internal/ast/tree/SessionFactoryAwareNode
instanceKlass org/hibernate/hql/internal/ast/tree/InitializeableNode
instanceKlass org/hibernate/hql/internal/ast/tree/DisplayableNode
instanceKlass org/hibernate/hql/internal/ast/tree/RestrictableStatement
instanceKlass org/hibernate/hql/internal/ast/tree/Statement
instanceKlass org/hibernate/hql/internal/ast/tree/SelectExpression
instanceKlass org/hibernate/hql/internal/ast/util/LiteralProcessor
instanceKlass org/hibernate/hql/internal/ast/util/SessionFactoryHelper
instanceKlass org/hibernate/hql/internal/ast/util/AliasGenerator
instanceKlass antlr/TreeParserSharedInputState
instanceKlass antlr/ASTNULLType
instanceKlass antlr/TreeParser
instanceKlass org/hibernate/hql/internal/antlr/HqlSqlTokenTypes
instanceKlass org/hibernate/engine/internal/ParameterBinder$NamedParameterSource
instanceKlass org/hibernate/hql/internal/ast/util/ASTUtil
instanceKlass org/hibernate/hql/internal/ast/QueryTranslatorImpl$JavaConstantConverter
instanceKlass org/hibernate/hql/internal/ast/util/NodeTraverser$VisitationStrategy
instanceKlass org/hibernate/hql/internal/ast/util/NodeTraverser
instanceKlass antlr/collections/impl/ASTArray
instanceKlass antlr/BaseAST
instanceKlass antlr/collections/AST
instanceKlass antlr/ASTPair
instanceKlass org/hibernate/hql/internal/ast/ErrorTracker
instanceKlass org/hibernate/hql/internal/ast/ParseErrorHandler
instanceKlass org/hibernate/hql/internal/ast/ErrorReporter
instanceKlass antlr/ASTFactory
instanceKlass antlr/TokenQueue
instanceKlass antlr/TokenBuffer
instanceKlass antlr/ParserSharedInputState
instanceKlass antlr/Token
instanceKlass antlr/ANTLRHashString
instanceKlass antlr/ANTLRStringBuffer
instanceKlass antlr/LexerSharedInputState
instanceKlass antlr/CharQueue
instanceKlass antlr/InputBuffer
instanceKlass antlr/CharScanner
instanceKlass antlr/TokenStream
instanceKlass antlr/collections/impl/BitSet
instanceKlass antlr/Parser
instanceKlass org/hibernate/hql/internal/antlr/HqlTokenTypes
instanceKlass org/hibernate/hql/internal/ast/QueryTranslatorImpl
instanceKlass org/hibernate/hql/spi/FilterTranslator
instanceKlass org/hibernate/engine/query/spi/EntityGraphQueryHint
instanceKlass org/hibernate/hql/internal/ast/ASTQueryTranslatorFactory
instanceKlass org/hibernate/hql/spi/QueryTranslator
instanceKlass org/hibernate/hql/internal/classic/ParserHelper
instanceKlass org/hibernate/hql/internal/QuerySplitter
instanceKlass org/hibernate/engine/query/spi/HQLQueryPlan
instanceKlass org/hibernate/engine/query/spi/QueryPlanCache$HQLQueryPlanKey
instanceKlass org/hibernate/query/Query$1
instanceKlass org/hibernate/Query$1
instanceKlass org/hibernate/query/internal/AbstractProducedQuery
instanceKlass org/hibernate/query/spi/QueryImplementor
instanceKlass org/springframework/data/jpa/repository/query/Procedure
instanceKlass org/springframework/data/jpa/repository/query/QueryParameterSetter$QueryMetadataCache
instanceKlass org/springframework/data/jpa/repository/query/AbstractJpaQuery$$Lambda$858
instanceKlass org/springframework/data/jpa/repository/query/JpaQueryExecution
instanceKlass org/springframework/data/jpa/repository/query/AbstractJpaQuery$$Lambda$857
instanceKlass org/springframework/data/jpa/repository/query/ParameterBinder
instanceKlass org/springframework/data/jpa/repository/query/AbstractJpaQuery
instanceKlass org/springframework/data/repository/query/RepositoryQuery
instanceKlass org/springframework/data/jpa/repository/query/StringQuery$$Lambda$856
instanceKlass org/springframework/data/jpa/repository/query/StringQuery$ParameterBinding
instanceKlass org/springframework/data/repository/query/SpelQueryContext$QuotationMap
instanceKlass org/springframework/data/repository/query/SpelQueryContext$SpelExtractor
instanceKlass org/springframework/data/repository/query/SpelQueryContext
instanceKlass org/springframework/data/jpa/repository/query/StringQuery$ParameterBindingParser$$Lambda$855
instanceKlass org/springframework/data/jpa/repository/query/StringQuery$ParameterBindingParser$$Lambda$854
instanceKlass java/util/regex/Pattern$CharPropertyNames$CharPropertyFactory
instanceKlass java/util/regex/Pattern$CharPropertyNames
instanceKlass org/springframework/data/jpa/repository/query/QueryUtils
instanceKlass org/springframework/data/jpa/repository/query/StringQuery$Metadata
instanceKlass org/springframework/data/jpa/repository/query/StringQuery
instanceKlass org/springframework/data/jpa/repository/query/DeclaredQuery
instanceKlass org/springframework/data/jpa/repository/query/JpaQueryMethod$$Lambda$853
instanceKlass org/springframework/data/jpa/repository/query/JpaQueryMethod$$Lambda$852
instanceKlass org/springframework/data/jpa/repository/query/JpaQueryMethod$$Lambda$851
instanceKlass org/springframework/data/jpa/repository/query/JpaQueryMethod$$Lambda$850
instanceKlass org/springframework/data/jpa/repository/query/JpaQueryMethod$$Lambda$849
instanceKlass org/springframework/data/jpa/repository/query/JpaEntityGraph
instanceKlass org/springframework/data/jpa/repository/query/JpaQueryMethod$$Lambda$848
instanceKlass org/springframework/data/jpa/repository/Modifying
instanceKlass org/springframework/data/jpa/repository/query/JpaQueryMethod$$Lambda$847
instanceKlass org/springframework/data/jpa/repository/QueryHints
instanceKlass org/springframework/data/jpa/repository/query/JpaQueryMethod$$Lambda$846
instanceKlass org/springframework/data/repository/query/QueryMethod$$Lambda$845
instanceKlass org/springframework/data/repository/query/ResultProcessor$ProjectingConverter
instanceKlass org/springframework/data/repository/query/ReturnedType$$Lambda$844
instanceKlass org/springframework/data/repository/query/ReturnedType$CacheKey
instanceKlass org/springframework/data/repository/query/ReturnedType
instanceKlass org/springframework/data/geo/GeoResults
instanceKlass org/springframework/data/repository/query/ResultProcessor
instanceKlass org/springframework/data/repository/query/QueryMethod$$Lambda$843
instanceKlass org/springframework/data/repository/query/QueryMethod$$Lambda$842
instanceKlass org/springframework/data/repository/query/Parameters$$Lambda$841
instanceKlass org/springframework/data/repository/query/Parameters$$Lambda$840
instanceKlass org/springframework/data/repository/util/QueryExecutionConverters$$Lambda$839
instanceKlass org/springframework/data/repository/query/QueryMethod$$Lambda$838
instanceKlass org/springframework/data/repository/query/QueryMethod$$Lambda$837
instanceKlass org/springframework/data/repository/query/Param
instanceKlass org/springframework/data/repository/query/Parameters
instanceKlass org/springframework/data/util/Pair$$Lambda$836
instanceKlass org/springframework/data/util/Pair$$Lambda$835
instanceKlass org/springframework/data/repository/core/support/RepositoryFactorySupport$QueryExecutorMethodInterceptor$$Lambda$834
instanceKlass org/springframework/data/repository/core/support/RepositoryFactorySupport$QueryExecutorMethodInterceptor$$Lambda$833
instanceKlass org/springframework/data/repository/core/support/RepositoryFactorySupport$QueryExecutorMethodInterceptor$$Lambda$832
instanceKlass org/springframework/data/jpa/repository/query/JpaQueryLookupStrategy$AbstractQueryLookupStrategy
instanceKlass org/springframework/data/repository/query/QueryLookupStrategy
instanceKlass org/springframework/data/jpa/repository/query/JpaQueryLookupStrategy$1
instanceKlass org/springframework/data/jpa/repository/query/JpaQueryLookupStrategy
instanceKlass org/springframework/data/repository/core/support/QueryExecutionResultHandler
instanceKlass org/springframework/data/repository/core/support/RepositoryFactorySupport$QueryExecutorMethodInterceptor
instanceKlass org/springframework/data/projection/MethodInterceptorFactory
instanceKlass org/springframework/data/projection/ProxyProjectionFactory
instanceKlass org/springframework/data/projection/ProjectionFactory
instanceKlass org/springframework/data/projection/DefaultMethodInvokingMethodInterceptor$MethodHandleLookup$2$$Lambda$831
instanceKlass org/springframework/data/projection/DefaultMethodInvokingMethodInterceptor
instanceKlass org/springframework/data/repository/core/support/EventPublishingRepositoryProxyPostProcessor$EventPublishingMethod$$Lambda$830
instanceKlass org/springframework/data/util/AnnotationDetectionMethodCallback
instanceKlass org/springframework/data/domain/DomainEvents
instanceKlass org/springframework/data/repository/core/support/EventPublishingRepositoryProxyPostProcessor$EventPublishingMethod
instanceKlass org/springframework/data/repository/core/support/TransactionalRepositoryProxyPostProcessor$AbstractFallbackTransactionAttributeSource
instanceKlass org/springframework/aop/DynamicIntroductionAdvice
instanceKlass org/springframework/data/repository/core/support/DefaultRepositoryInformation$$Lambda$829
instanceKlass org/springframework/data/jpa/domain/Specification
instanceKlass org/springframework/core/annotation/AnnotationUtils$$Lambda$828
instanceKlass org/springframework/data/jpa/repository/support/CrudMethodMetadataPostProcessor$CrudMethodMetadataPopulatingMethodInterceptor$$Lambda$827
instanceKlass org/springframework/data/jpa/repository/support/CrudMethodMetadataPostProcessor$CrudMethodMetadataPopulatingMethodInterceptor$$Lambda$826
instanceKlass org/springframework/data/jpa/repository/support/CrudMethodMetadataPostProcessor$CrudMethodMetadataPopulatingMethodInterceptor
instanceKlass org/springframework/data/repository/core/support/RepositoryFactorySupport$$Lambda$825
instanceKlass org/springframework/aop/interceptor/ExposeInvocationInterceptor
instanceKlass java/lang/Package$1PackageInfoProxy
instanceKlass org/springframework/lang/NonNullApi
instanceKlass org/springframework/data/util/NullableUtils$$Lambda$824
instanceKlass org/springframework/data/util/NullableUtils$$Lambda$823
instanceKlass org/springframework/data/util/NullableUtils$$Lambda$822
instanceKlass org/springframework/data/util/NullableUtils
instanceKlass org/springframework/data/repository/core/support/MethodInvocationValidator
instanceKlass org/springframework/aop/target/SingletonTargetSource
instanceKlass org/springframework/data/jpa/repository/support/CrudMethodMetadataPostProcessor$ThreadBoundTargetSource
instanceKlass org/springframework/data/jpa/repository/support/CrudMethodMetadata
instanceKlass org/springframework/data/repository/core/support/RepositoryFactorySupport$$Lambda$821
instanceKlass org/springframework/data/repository/core/support/RepositoryFactorySupport$$Lambda$820
instanceKlass org/springframework/data/util/ReflectionUtils$$Lambda$819
instanceKlass org/springframework/data/jpa/repository/support/JpaMetamodelEntityInformation$IdMetadata
instanceKlass org/springframework/data/jpa/repository/query/DefaultJpaEntityMetadata
instanceKlass org/springframework/data/domain/Persistable
instanceKlass org/springframework/data/repository/core/support/AbstractEntityInformation
instanceKlass org/springframework/data/jpa/repository/support/JpaEntityInformation
instanceKlass org/springframework/data/jpa/repository/query/JpaEntityMetadata
instanceKlass org/springframework/data/repository/core/support/RepositoryComposition$RepositoryFragments$$Lambda$818
instanceKlass org/springframework/data/repository/core/support/RepositoryComposition$RepositoryFragments$$Lambda$817
instanceKlass org/springframework/data/repository/core/support/MethodLookups$RepositoryAwareMethodLookup$$Lambda$816
instanceKlass org/springframework/data/repository/core/support/RepositoryComposition$$Lambda$815
instanceKlass org/springframework/data/repository/core/support/RepositoryComposition$$Lambda$814
instanceKlass org/springframework/data/repository/core/support/RepositoryFragment$StructuralRepositoryFragment
instanceKlass org/springframework/data/repository/core/support/DefaultRepositoryInformation
instanceKlass org/springframework/data/jpa/repository/support/SimpleJpaRepository
instanceKlass org/springframework/data/jpa/repository/support/JpaRepositoryImplementation
instanceKlass org/springframework/data/jpa/repository/JpaSpecificationExecutor
instanceKlass org/springframework/data/repository/core/support/RepositoryFactorySupport$$Lambda$813
instanceKlass org/springframework/util/ConcurrentReferenceHashMap$EntryIterator
instanceKlass org/springframework/data/repository/core/support/RepositoryFactorySupport$RepositoryInformationCacheKey
instanceKlass org/springframework/data/querydsl/QuerydslUtils
instanceKlass org/springframework/data/repository/core/support/MethodLookup$$Lambda$812
instanceKlass org/springframework/data/repository/core/support/MethodLookups$RepositoryAwareMethodLookup
instanceKlass org/springframework/data/repository/core/support/MethodLookups$$Lambda$811
instanceKlass org/springframework/data/repository/core/support/MethodLookups$$Lambda$810
instanceKlass org/springframework/data/repository/core/support/MethodLookups
instanceKlass org/springframework/data/repository/core/support/RepositoryComposition$$Lambda$809
instanceKlass org/springframework/data/repository/core/support/RepositoryComposition
instanceKlass org/springframework/data/repository/core/support/RepositoryFactoryBeanSupport$$Lambda$808
instanceKlass org/springframework/data/mapping/model/ClassGeneratingPropertyAccessorFactory$$Lambda$807
instanceKlass org/springframework/data/mapping/SimpleAssociationHandler
instanceKlass org/springframework/data/mapping/model/ClassGeneratingPropertyAccessorFactory$$Lambda$806
instanceKlass org/springframework/data/mapping/SimplePropertyHandler
instanceKlass org/springframework/data/mapping/PersistentPropertyAccessor
instanceKlass org/springframework/data/mapping/context/AbstractMappingContext$PersistentPropertyFilter$$Lambda$805
instanceKlass org/springframework/data/util/TypeDiscoverer$$Lambda$804
instanceKlass org/springframework/data/mapping/context/AbstractMappingContext$PersistentPropertyCreator$$Lambda$803
instanceKlass org/springframework/data/mapping/context/AbstractMappingContext$PersistentPropertyCreator$$Lambda$802
instanceKlass org/springframework/data/mapping/context/AbstractMappingContext$PersistentPropertyCreator$$Lambda$801
instanceKlass org/springframework/data/mapping/context/AbstractMappingContext$PersistentPropertyCreator$$Lambda$800
instanceKlass org/springframework/data/jpa/util/JpaMetamodel$$Lambda$799
instanceKlass org/springframework/data/jpa/util/JpaMetamodel$$Lambda$798
instanceKlass org/springframework/data/jpa/util/JpaMetamodel$$Lambda$797
instanceKlass org/springframework/data/jpa/util/JpaMetamodel$$Lambda$796
instanceKlass org/springframework/data/jpa/util/JpaMetamodel$$Lambda$795
instanceKlass org/springframework/data/mapping/context/AbstractMappingContext$PersistentPropertyCreator$$Lambda$794
instanceKlass org/springframework/data/jpa/util/JpaMetamodel$$Lambda$793
instanceKlass org/springframework/data/jpa/util/JpaMetamodel$$Lambda$792
instanceKlass org/springframework/data/jpa/mapping/JpaPersistentPropertyImpl$$Lambda$791
instanceKlass org/springframework/data/mapping/model/BasicPersistentEntity$$Lambda$790
instanceKlass org/springframework/data/annotation/Transient
instanceKlass org/springframework/data/jpa/mapping/JpaPersistentPropertyImpl$$Lambda$789
instanceKlass org/springframework/data/jpa/mapping/JpaPersistentPropertyImpl$$Lambda$788
instanceKlass org/springframework/data/jpa/mapping/JpaPersistentPropertyImpl$$Lambda$787
instanceKlass java/lang/invoke/LambdaForm$DMH
instanceKlass org/springframework/data/mapping/model/BasicPersistentEntity$$Lambda$786
instanceKlass org/springframework/data/annotation/AccessType
instanceKlass org/springframework/data/jpa/mapping/JpaPersistentPropertyImpl$$Lambda$785
instanceKlass org/springframework/data/mapping/model/AnnotationBasedPersistentProperty$$Lambda$784
instanceKlass org/springframework/data/mapping/model/AnnotationBasedPersistentProperty$$Lambda$783
instanceKlass org/springframework/data/mapping/model/AnnotationBasedPersistentProperty$$Lambda$782
instanceKlass org/springframework/core/annotation/AnnotatedElementUtils$$Lambda$781
instanceKlass org/springframework/data/mapping/model/AnnotationBasedPersistentProperty$$Lambda$780
instanceKlass org/springframework/data/util/Optionals$$Lambda$779
instanceKlass org/springframework/data/util/Optionals$$Lambda$778
instanceKlass org/springframework/data/mapping/model/AnnotationBasedPersistentProperty$$Lambda$777
instanceKlass org/springframework/data/util/Optionals$$Lambda$776
instanceKlass org/springframework/data/mapping/model/AnnotationBasedPersistentProperty$$Lambda$775
instanceKlass org/springframework/data/mapping/model/AnnotationBasedPersistentProperty$$Lambda$774
instanceKlass org/springframework/data/mapping/model/AnnotationBasedPersistentProperty$$Lambda$773
instanceKlass org/springframework/data/mapping/model/AnnotationBasedPersistentProperty$$Lambda$772
instanceKlass org/springframework/data/mapping/model/AnnotationBasedPersistentProperty$$Lambda$771
instanceKlass org/springframework/data/mapping/model/AnnotationBasedPersistentProperty$$Lambda$770
instanceKlass org/springframework/data/mapping/model/Property$$Lambda$769
instanceKlass org/springframework/data/mapping/model/Property$$Lambda$768
instanceKlass org/springframework/data/mapping/model/AbstractPersistentProperty$$Lambda$767
instanceKlass org/springframework/data/mapping/model/AbstractPersistentProperty$$Lambda$766
instanceKlass org/springframework/data/mapping/model/AbstractPersistentProperty$$Lambda$765
instanceKlass org/springframework/data/mapping/model/AbstractPersistentProperty$$Lambda$764
instanceKlass org/springframework/data/mapping/Association
instanceKlass org/springframework/data/mapping/model/Property$$Lambda$763
instanceKlass org/springframework/data/mapping/model/Property$$Lambda$762
instanceKlass org/springframework/data/mapping/model/AbstractPersistentProperty
instanceKlass org/springframework/data/mapping/context/AbstractMappingContext$PersistentPropertyCreator$$Lambda$761
instanceKlass org/springframework/data/mapping/model/Property$$Lambda$760
instanceKlass org/springframework/data/util/TypeDiscoverer$$Lambda$759
instanceKlass org/springframework/data/mapping/model/Property$$Lambda$758
instanceKlass org/springframework/data/mapping/model/Property$$Lambda$757
instanceKlass org/springframework/data/mapping/model/Property$$Lambda$756
instanceKlass org/springframework/data/mapping/model/Property$$Lambda$755
instanceKlass org/springframework/data/mapping/model/Property$$Lambda$754
instanceKlass org/springframework/data/mapping/model/Property$$Lambda$753
instanceKlass org/springframework/data/mapping/model/Property$$Lambda$752
instanceKlass org/springframework/data/mapping/model/Property$$Lambda$751
instanceKlass org/springframework/data/mapping/model/Property$$Lambda$750
instanceKlass org/springframework/data/mapping/model/Property$$Lambda$749
instanceKlass org/springframework/data/util/TypeDiscoverer$$Lambda$748
instanceKlass org/springframework/data/util/Optionals$$Lambda$747
instanceKlass org/springframework/data/util/Optionals$$Lambda$746
instanceKlass org/springframework/data/util/Streamable$$Lambda$745
instanceKlass org/springframework/data/mapping/model/Property$$Lambda$744
instanceKlass org/springframework/data/mapping/model/Property$$Lambda$743
instanceKlass org/springframework/data/mapping/model/Property$$Lambda$742
instanceKlass org/springframework/data/mapping/model/Property$$Lambda$741
instanceKlass org/springframework/data/util/Optionals$$Lambda$740
instanceKlass org/springframework/data/util/Optionals
instanceKlass org/springframework/data/mapping/context/AbstractMappingContext$PersistentPropertyCreator$$Lambda$739
instanceKlass org/springframework/data/mapping/context/AbstractMappingContext$PersistentPropertyFilter$$Lambda$738
instanceKlass org/springframework/data/mapping/context/AbstractMappingContext$PersistentPropertyFilter$PropertyMatch
instanceKlass org/springframework/data/mapping/context/AbstractMappingContext$PersistentPropertyCreator
instanceKlass org/springframework/data/mapping/model/BasicPersistentEntity$$Lambda$737
instanceKlass org/springframework/data/mapping/model/BasicPersistentEntity$$Lambda$736
instanceKlass org/springframework/data/mapping/model/BasicPersistentEntity$$Lambda$735
instanceKlass org/springframework/data/support/IsNewStrategy
instanceKlass org/springframework/data/mapping/model/BasicPersistentEntity$$Lambda$734
instanceKlass org/springframework/data/mapping/Alias
instanceKlass org/springframework/util/CollectionUtils$MultiValueMapAdapter
instanceKlass org/springframework/data/annotation/PersistenceConstructor
instanceKlass org/springframework/data/mapping/PreferredConstructor
instanceKlass org/springframework/data/mapping/PreferredConstructor$Parameter$$Lambda$733
instanceKlass org/springframework/data/mapping/PreferredConstructor$Parameter$$Lambda$732
instanceKlass org/springframework/data/mapping/PreferredConstructor$Parameter$$Lambda$731
instanceKlass org/springframework/data/mapping/PreferredConstructor$Parameter$$Lambda$730
instanceKlass org/springframework/data/mapping/PreferredConstructor$Parameter$$Lambda$729
instanceKlass org/springframework/data/mapping/PreferredConstructor$Parameter
instanceKlass org/springframework/data/mapping/model/PreferredConstructorDiscoverer
instanceKlass org/springframework/data/jpa/util/JpaMetamodel$$Lambda$728
instanceKlass org/springframework/data/jpa/util/JpaMetamodel$$Lambda$727
instanceKlass org/springframework/data/jpa/util/JpaMetamodel
instanceKlass org/springframework/data/annotation/Version
instanceKlass org/springframework/data/repository/core/support/RepositoryFactoryBeanSupport$$Lambda$726
instanceKlass org/springframework/data/repository/core/support/RepositoryFactoryBeanSupport$$Lambda$725
instanceKlass org/springframework/data/repository/core/support/RepositoryFactoryBeanSupport$$Lambda$724
instanceKlass org/springframework/data/repository/core/support/RepositoryFactoryBeanSupport$$Lambda$723
instanceKlass org/springframework/data/repository/core/support/RepositoryFactoryBeanSupport$$Lambda$722
instanceKlass org/springframework/data/repository/core/support/EventPublishingRepositoryProxyPostProcessor
instanceKlass org/springframework/data/repository/core/support/RepositoryFactoryBeanSupport$$Lambda$721
instanceKlass org/springframework/data/jpa/repository/support/JpaRepositoryFactory$$Lambda$720
instanceKlass org/springframework/data/jpa/repository/support/CrudMethodMetadataPostProcessor
instanceKlass org/hibernate/resource/jdbc/internal/ResourceRegistryStandardImpl$$Lambda$719
instanceKlass org/hibernate/resource/jdbc/internal/ResourceRegistryStandardImpl$$Lambda$718
instanceKlass org/hibernate/resource/transaction/backend/jta/internal/JtaTransactionCoordinatorImpl
instanceKlass org/hibernate/resource/transaction/backend/jta/internal/synchronization/SynchronizationCallbackTarget
instanceKlass org/springframework/orm/jpa/ExtendedEntityManagerCreator$ExtendedEntityManagerInvocationHandler
instanceKlass org/springframework/orm/jpa/ExtendedEntityManagerCreator$$Lambda$717
instanceKlass org/springframework/orm/jpa/ExtendedEntityManagerCreator
instanceKlass org/hibernate/jmx/internal/DisabledJmxServiceImpl
instanceKlass org/hibernate/stat/internal/DeprecatedNaturalIdCacheStatisticsImpl
instanceKlass org/hibernate/stat/NaturalIdCacheStatistics
instanceKlass org/hibernate/stat/internal/CacheRegionStatisticsImpl
instanceKlass org/hibernate/stat/SecondLevelCacheStatistics
instanceKlass org/hibernate/stat/CacheRegionStatistics
instanceKlass org/hibernate/stat/internal/QueryStatisticsImpl
instanceKlass org/hibernate/stat/QueryStatistics
instanceKlass org/hibernate/stat/NaturalIdStatistics
instanceKlass org/hibernate/stat/CollectionStatistics
instanceKlass org/hibernate/stat/internal/AbstractCacheableDataStatistics
instanceKlass org/hibernate/stat/EntityStatistics
instanceKlass org/hibernate/stat/CacheableDataStatistics
instanceKlass org/hibernate/stat/internal/StatsNamedContainer
instanceKlass org/hibernate/stat/internal/StatisticsImpl
instanceKlass org/hibernate/engine/internal/EntityEntryContext
instanceKlass org/hibernate/engine/internal/StatefulPersistenceContext$1
instanceKlass org/hibernate/engine/spi/PersistenceContext$NaturalIdHelper
instanceKlass org/hibernate/engine/internal/StatefulPersistenceContext
instanceKlass org/hibernate/engine/spi/PersistenceContext
instanceKlass org/hibernate/action/internal/CollectionAction
instanceKlass org/hibernate/engine/spi/ActionQueue$ListProvider
instanceKlass org/hibernate/action/internal/EntityAction
instanceKlass org/hibernate/action/spi/AfterTransactionCompletionProcess
instanceKlass org/hibernate/action/spi/Executable
instanceKlass org/hibernate/engine/spi/ActionQueue
instanceKlass org/hibernate/resource/transaction/internal/SynchronizationRegistryStandardImpl
instanceKlass org/hibernate/resource/transaction/spi/SynchronizationRegistryImplementor
instanceKlass org/hibernate/resource/transaction/spi/SynchronizationRegistry
instanceKlass org/hibernate/resource/transaction/backend/jdbc/internal/JdbcResourceLocalTransactionCoordinatorImpl
instanceKlass org/hibernate/internal/NonContextualJdbcConnectionAccess
instanceKlass org/hibernate/resource/jdbc/internal/AbstractLogicalConnectionImplementor
instanceKlass org/hibernate/resource/jdbc/spi/PhysicalJdbcTransaction
instanceKlass org/hibernate/resource/transaction/backend/jdbc/spi/JdbcResourceTransaction
instanceKlass org/hibernate/resource/jdbc/spi/LogicalConnectionImplementor
instanceKlass org/hibernate/resource/jdbc/LogicalConnection
instanceKlass org/hibernate/resource/jdbc/internal/ResourceRegistryStandardImpl
instanceKlass org/hibernate/resource/jdbc/ResourceRegistry
instanceKlass org/hibernate/engine/jdbc/internal/JdbcCoordinatorImpl
instanceKlass org/hibernate/engine/jdbc/spi/JdbcCoordinator
instanceKlass org/hibernate/resource/transaction/backend/jdbc/spi/JdbcResourceTransactionAccess
instanceKlass org/hibernate/internal/SharedSessionCreationOptions
instanceKlass org/hibernate/internal/CoordinatingEntityNameResolver
instanceKlass org/hibernate/EntityNameResolver
instanceKlass org/hibernate/internal/JdbcObserverImpl
instanceKlass org/hibernate/resource/jdbc/spi/JdbcObserver
instanceKlass org/hibernate/internal/JdbcSessionContextImpl
instanceKlass org/hibernate/resource/jdbc/spi/JdbcSessionContext
instanceKlass org/hibernate/internal/AbstractSharedSessionContract$$Lambda$716
instanceKlass java/lang/invoke/LambdaForm$DMH
instanceKlass org/hibernate/engine/internal/SessionEventListenerManagerImpl
instanceKlass org/hibernate/engine/spi/SessionEventListenerManager
instanceKlass org/hibernate/EmptyInterceptor
instanceKlass org/hibernate/cache/spi/AbstractCacheTransactionSynchronization
instanceKlass org/hibernate/internal/AbstractSharedSessionContract
instanceKlass org/hibernate/event/spi/EventSource
instanceKlass org/springframework/transaction/support/TransactionSynchronizationUtils$ScopedProxyUnwrapper
instanceKlass org/springframework/core/InfrastructureProxy
instanceKlass org/springframework/aop/scope/ScopedObject
instanceKlass org/springframework/aop/RawTargetAccess
instanceKlass org/springframework/transaction/support/TransactionSynchronizationUtils
instanceKlass org/springframework/transaction/support/TransactionSynchronizationManager
instanceKlass org/springframework/orm/jpa/EntityManagerFactoryUtils
instanceKlass org/springframework/data/util/Lazy$$Lambda$715
instanceKlass org/springframework/data/repository/core/support/RepositoryFactorySupport$QueryCollectingQueryCreationListener
instanceKlass org/springframework/data/repository/core/support/QueryCreationListener
instanceKlass org/springframework/data/repository/util/QueryExecutionConverters$IterableToStreamableConverter
instanceKlass org/springframework/scheduling/annotation/AsyncResult
instanceKlass java/util/concurrent/CompletableFuture$AsynchronousCompletionTask
instanceKlass java/util/concurrent/ForkJoinPool$1
instanceKlass java/util/concurrent/ForkJoinPool$DefaultForkJoinWorkerThreadFactory
instanceKlass java/util/concurrent/ForkJoinTask
instanceKlass java/util/concurrent/ForkJoinPool$WorkQueue
instanceKlass java/util/concurrent/ForkJoinPool$ForkJoinWorkerThreadFactory
instanceKlass java/util/concurrent/CompletableFuture$AltResult
instanceKlass org/springframework/data/repository/util/NullableWrapper
instanceKlass org/springframework/data/util/Streamable$$Lambda$714
instanceKlass org/springframework/data/repository/util/QueryExecutionConverters$AbstractWrapperTypeConverter$$Lambda$713
instanceKlass org/springframework/data/repository/util/ReactiveWrappers$1
instanceKlass org/springframework/data/repository/util/ReactiveWrappers$$Lambda$712
instanceKlass java/util/concurrent/CompletableFuture
instanceKlass java/util/concurrent/CompletionStage
instanceKlass org/springframework/data/repository/util/QueryExecutionConverters$AbstractWrapperTypeConverter
instanceKlass org/springframework/util/concurrent/ListenableFuture
instanceKlass org/springframework/data/repository/util/QueryExecutionConverters$WrapperType
instanceKlass org/springframework/data/repository/util/QueryExecutionConverters
instanceKlass org/springframework/data/repository/core/support/RepositoryFactorySupport$$Lambda$711
instanceKlass org/springframework/data/repository/core/support/PersistenceExceptionTranslationRepositoryProxyPostProcessor
instanceKlass org/springframework/data/repository/core/support/TransactionalRepositoryProxyPostProcessor
instanceKlass org/springframework/data/spel/ExtensionAwareEvaluationContextProvider$$Lambda$710
instanceKlass org/springframework/data/spel/ExtensionAwareEvaluationContextProvider
instanceKlass org/springframework/data/repository/query/ExtensionAwareQueryMethodEvaluationContextProvider
instanceKlass org/springframework/data/mapping/PropertyPath
instanceKlass org/springframework/data/mapping/PersistentPropertyPath
instanceKlass org/springframework/data/jpa/mapping/JpaPersistentProperty
instanceKlass org/springframework/data/mapping/model/BasicPersistentEntity
instanceKlass org/springframework/data/jpa/mapping/JpaPersistentEntity
instanceKlass org/springframework/data/mapping/model/MutablePersistentEntity
instanceKlass org/springframework/data/mapping/model/Property
instanceKlass org/springframework/data/mapping/PersistentPropertyPaths
instanceKlass org/springframework/data/mapping/context/AbstractMappingContext$$Lambda$709
instanceKlass org/springframework/data/jpa/provider/JpaClassUtils
instanceKlass org/springframework/data/jpa/provider/ProxyIdAccessor
instanceKlass org/springframework/data/jpa/provider/QueryExtractor
instanceKlass org/springframework/data/jpa/mapping/JpaMetamodelMappingContext$Metamodels
instanceKlass org/springframework/data/mapping/context/PersistentPropertyPathFactory$$Lambda$708
instanceKlass org/springframework/data/mapping/PersistentProperty
instanceKlass org/springframework/data/mapping/context/PersistentPropertyPathFactory
instanceKlass org/springframework/data/mapping/model/SimpleTypeHolder$$Lambda$707
instanceKlass org/springframework/data/mapping/model/SimpleTypeHolder
instanceKlass org/springframework/data/spel/EvaluationContextProvider$$Lambda$706
instanceKlass org/springframework/data/spel/EvaluationContextProvider
instanceKlass org/springframework/data/mapping/model/ClassGeneratingPropertyAccessorFactory$$Lambda$705
instanceKlass org/springframework/data/mapping/model/ClassGeneratingPropertyAccessorFactory
instanceKlass org/springframework/data/mapping/model/PersistentPropertyAccessorFactory
instanceKlass org/springframework/data/jpa/repository/config/JpaMetamodelMappingContextFactoryBean$$Lambda$704
instanceKlass javax/persistence/StoredProcedureQuery
instanceKlass javax/persistence/EntityTransaction
instanceKlass org/springframework/orm/jpa/SharedEntityManagerCreator$SharedEntityManagerInvocationHandler
instanceKlass org/springframework/orm/jpa/EntityManagerProxy
instanceKlass org/springframework/data/repository/core/support/MethodLookup$MethodPredicate
instanceKlass org/springframework/data/repository/core/support/MethodLookup
instanceKlass org/springframework/data/repository/core/support/MethodLookup$InvokedMethod
instanceKlass org/springframework/data/repository/core/support/RepositoryFragmentsFactoryBean$$Lambda$703
instanceKlass org/springframework/data/repository/core/support/RepositoryFragment
instanceKlass org/springframework/beans/factory/support/DefaultSingletonBeanRegistry$$Lambda$702
instanceKlass org/springframework/data/querydsl/SimpleEntityPathResolver
instanceKlass org/springframework/data/jpa/repository/support/JpaRepositoryFactoryBean$$Lambda$701
instanceKlass org/springframework/data/repository/core/support/RepositoryProxyPostProcessor
instanceKlass org/springframework/data/repository/query/QueryMethod
instanceKlass org/springframework/core/SerializableTypeWrapper$FieldTypeProvider
instanceKlass javafx/scene/control/TableColumnBase
instanceKlass javafx/scene/control/MenuItem
instanceKlass java/util/Timer
instanceKlass com/jfoenix/controls/IFXTextInputControl
instanceKlass javafx/fxml/FXML
instanceKlass javafx/scene/Node
instanceKlass javafx/css/Styleable
instanceKlass javafx/scene/control/Skinnable
instanceKlass org/springframework/beans/factory/SmartFactoryBean
instanceKlass org/springframework/boot/admin/SpringApplicationAdminMXBeanRegistrar$SpringApplicationAdmin
instanceKlass org/springframework/boot/admin/SpringApplicationAdminMXBean
instanceKlass javax/management/modelmbean/ModelMBeanInfo
instanceKlass javax/management/modelmbean/ModelMBean
instanceKlass javax/management/PersistentMBean
instanceKlass org/springframework/jmx/export/MBeanExporter$AutodetectCallback
instanceKlass org/springframework/jmx/support/NotificationListenerHolder
instanceKlass org/springframework/jmx/export/MBeanExporterListener
instanceKlass javax/management/NotificationFilter
instanceKlass javax/management/Attribute
instanceKlass org/springframework/jmx/support/JmxUtils
instanceKlass org/springframework/jmx/support/MBeanServerFactoryBean
instanceKlass org/springframework/context/annotation/MBeanExportConfiguration
instanceKlass org/springframework/core/Constants$$Lambda$700
instanceKlass org/springframework/jmx/export/assembler/AutodetectCapableMBeanInfoAssembler
instanceKlass org/springframework/jmx/export/naming/KeyNamingStrategy
instanceKlass org/springframework/jmx/export/assembler/AbstractMBeanInfoAssembler
instanceKlass org/springframework/jmx/export/assembler/MBeanInfoAssembler
instanceKlass org/springframework/jmx/export/annotation/AnnotationJmxAttributeSource
instanceKlass org/springframework/boot/autoconfigure/orm/jpa/DataSourceInitializedPublisher$$Lambda$699
instanceKlass org/springframework/orm/jpa/AbstractEntityManagerFactoryBean$ManagedEntityManagerFactoryInvocationHandler
instanceKlass org/hibernate/internal/SessionFactoryRegistry$1
instanceKlass org/hibernate/internal/SessionFactoryRegistry
instanceKlass org/hibernate/jpa/internal/util/ConfigurationHelper
instanceKlass org/hibernate/jpa/internal/util/LockOptionsHelper
instanceKlass org/hibernate/internal/FastSessionServices$$Lambda$698
instanceKlass org/hibernate/internal/ConnectionObserverStatsBridge
instanceKlass org/hibernate/engine/jdbc/spi/ConnectionObserver
instanceKlass org/hibernate/jpa/internal/util/CacheModeHelper$1
instanceKlass org/hibernate/jpa/internal/util/CacheModeHelper
instanceKlass org/hibernate/internal/FastSessionServices
instanceKlass org/hibernate/internal/SessionFactoryImpl$SessionBuilderImpl
instanceKlass org/hibernate/internal/SessionCreationOptions
instanceKlass org/hibernate/engine/spi/SessionBuilderImplementor
instanceKlass javax/transaction/UserTransaction
instanceKlass javax/transaction/Synchronization
instanceKlass com/mysql/cj/jdbc/EscapeProcessor
instanceKlass org/hibernate/tool/schema/internal/AbstractSchemaMigrator$$Lambda$697
instanceKlass org/hibernate/tool/schema/extract/spi/ForeignKeyInformation
instanceKlass org/hibernate/tool/schema/internal/AbstractSchemaMigrator$$Lambda$696
instanceKlass org/hibernate/tool/schema/extract/spi/ForeignKeyInformation$ColumnReferenceMapping
instanceKlass org/hibernate/tool/schema/extract/internal/IndexInformationImpl$Builder
instanceKlass org/hibernate/tool/schema/extract/internal/IndexInformationImpl
instanceKlass org/hibernate/tool/schema/extract/spi/IndexInformation
instanceKlass com/mysql/cj/jdbc/DatabaseMetaData$IndexMetaDataKey
instanceKlass org/hibernate/tool/schema/extract/internal/ColumnInformationImpl
instanceKlass org/hibernate/tool/schema/extract/spi/ColumnInformation
instanceKlass com/mysql/cj/jdbc/DatabaseMetaData$TypeDescriptor
instanceKlass org/hibernate/tool/schema/extract/internal/TableInformationImpl
instanceKlass org/hibernate/tool/schema/extract/spi/TableInformation
instanceKlass com/mysql/cj/jdbc/DatabaseMetaData$TableMetaDataKey
instanceKlass com/mysql/cj/jdbc/DatabaseMetaData$IteratorWithCleanup
instanceKlass com/mysql/cj/jdbc/IterateBlock
instanceKlass com/mysql/cj/AbstractQuery
instanceKlass com/mysql/cj/jdbc/StatementImpl
instanceKlass com/mysql/cj/jdbc/JdbcStatement
instanceKlass com/mysql/cj/Query
instanceKlass org/hibernate/engine/jdbc/env/internal/NormalizingIdentifierHelperImpl$1
instanceKlass org/hibernate/tool/schema/extract/spi/NameSpaceTablesInformation
instanceKlass org/hibernate/engine/jdbc/internal/FormatStyle$NoFormatImpl
instanceKlass org/hibernate/engine/jdbc/internal/DDLFormatterImpl
instanceKlass org/hibernate/engine/jdbc/internal/BasicFormatterImpl
instanceKlass org/hibernate/engine/jdbc/internal/Formatter
instanceKlass org/hibernate/tool/schema/internal/exec/GenerationTargetToDatabase
instanceKlass org/hibernate/tool/schema/internal/exec/GenerationTarget
instanceKlass org/hibernate/tool/schema/extract/internal/InformationExtractorJdbcDatabaseMetaDataImpl
instanceKlass org/hibernate/tool/schema/extract/spi/InformationExtractor
instanceKlass org/hibernate/tool/schema/internal/exec/ImprovedExtractionContextImpl
instanceKlass org/hibernate/tool/schema/extract/internal/DatabaseInformationImpl
instanceKlass org/hibernate/tool/schema/extract/spi/ExtractionContext$DatabaseObjectAccess
instanceKlass org/hibernate/tool/schema/extract/spi/DatabaseInformation
instanceKlass org/hibernate/tool/schema/internal/Helper
instanceKlass org/hibernate/resource/transaction/backend/jdbc/internal/DdlTransactionIsolatorNonJtaImpl
instanceKlass org/hibernate/resource/transaction/spi/TransactionCoordinator
instanceKlass org/hibernate/resource/transaction/spi/TransactionCoordinatorOwner
instanceKlass org/hibernate/tool/schema/internal/exec/JdbcConnectionAccessProvidedConnectionImpl
instanceKlass org/hibernate/tool/schema/internal/HibernateSchemaManagementTool$JdbcContextImpl
instanceKlass org/hibernate/tool/schema/internal/HibernateSchemaManagementTool$JdbcContextBuilder
instanceKlass org/hibernate/tool/schema/internal/DefaultSchemaFilter
instanceKlass org/hibernate/tool/schema/spi/SchemaFilter
instanceKlass org/hibernate/tool/schema/internal/DefaultSchemaFilterProvider
instanceKlass org/hibernate/tool/schema/spi/SchemaFilterProvider
instanceKlass org/hibernate/tool/schema/internal/AbstractSchemaMigrator
instanceKlass org/hibernate/tool/schema/spi/SchemaManagementToolCoordinator$2
instanceKlass org/hibernate/tool/schema/spi/JpaTargetAndSourceDescriptor
instanceKlass org/hibernate/tool/schema/spi/TargetDescriptor
instanceKlass org/hibernate/tool/schema/spi/SourceDescriptor
instanceKlass org/hibernate/tool/schema/spi/SchemaManagementToolCoordinator$MigrateSettingSelector
instanceKlass org/hibernate/tool/schema/spi/SchemaManagementToolCoordinator$SettingSelector
instanceKlass org/hibernate/tool/schema/spi/SchemaManagementToolCoordinator$4
instanceKlass org/hibernate/tool/schema/spi/SchemaManagementToolCoordinator$1
instanceKlass org/hibernate/tool/schema/spi/ExecutionOptions
instanceKlass org/hibernate/tool/schema/internal/ExceptionHandlerLoggedImpl
instanceKlass org/hibernate/tool/schema/spi/ExceptionHandler
instanceKlass org/hibernate/resource/transaction/spi/DdlTransactionIsolator
instanceKlass org/hibernate/tool/schema/internal/exec/JdbcContext
instanceKlass org/hibernate/tool/schema/spi/SchemaValidator
instanceKlass org/hibernate/tool/schema/spi/SchemaMigrator
instanceKlass org/hibernate/tool/schema/spi/SchemaCreator
instanceKlass org/hibernate/tool/schema/spi/SchemaDropper
instanceKlass org/hibernate/tool/schema/internal/HibernateSchemaManagementTool
instanceKlass org/hibernate/tool/schema/spi/SchemaManagementToolCoordinator$ActionGrouping
instanceKlass org/hibernate/tool/schema/spi/SchemaManagementToolCoordinator
instanceKlass org/hibernate/internal/SessionFactoryImpl$$Lambda$695
instanceKlass org/hibernate/tool/schema/spi/DelayedDropRegistry
instanceKlass org/hibernate/tool/schema/spi/DelayedDropAction
instanceKlass org/hibernate/hql/spi/id/IdTableHelper
instanceKlass org/hibernate/query/spi/NamedQueryRepository
instanceKlass org/hibernate/metamodel/model/domain/spi/ListPersistentAttribute
instanceKlass org/hibernate/metamodel/model/domain/spi/PluralPersistentAttribute
instanceKlass javax/persistence/metamodel/ListAttribute
instanceKlass javax/persistence/metamodel/PluralAttribute
instanceKlass org/hibernate/metamodel/model/domain/internal/PluralAttributeBuilder
instanceKlass org/hibernate/metamodel/internal/AttributeFactory$PluralAttributeMetadataImpl$1
instanceKlass org/hibernate/metamodel/internal/AttributeFactory$PluralAttributeMetadata
instanceKlass org/hibernate/metamodel/model/domain/internal/AbstractManagedType$1
instanceKlass org/hibernate/metamodel/model/domain/internal/SingularAttributeImpl$DelayedKeyTypeAccess
instanceKlass org/hibernate/metamodel/model/domain/internal/BasicTypeImpl
instanceKlass org/hibernate/metamodel/model/domain/spi/BasicTypeDescriptor
instanceKlass org/hibernate/metamodel/model/domain/BasicDomainType
instanceKlass javax/persistence/metamodel/BasicType
instanceKlass org/hibernate/metamodel/internal/AttributeFactory$7
instanceKlass org/hibernate/metamodel/model/domain/internal/AbstractAttribute
instanceKlass org/hibernate/metamodel/model/domain/spi/SingularPersistentAttribute
instanceKlass org/hibernate/metamodel/model/domain/spi/PersistentAttributeDescriptor
instanceKlass org/hibernate/metamodel/model/domain/PersistentAttribute
instanceKlass javax/persistence/metamodel/SingularAttribute
instanceKlass javax/persistence/metamodel/Attribute
instanceKlass org/hibernate/metamodel/internal/AttributeFactory$SingularAttributeMetadataImpl$1
instanceKlass org/hibernate/metamodel/internal/AttributeFactory$ValueContext
instanceKlass org/hibernate/metamodel/internal/AttributeFactory$BaseAttributeMetadata
instanceKlass org/hibernate/metamodel/internal/AttributeFactory$SingularAttributeMetadata
instanceKlass org/hibernate/metamodel/internal/AttributeFactory$AttributeMetadata
instanceKlass org/hibernate/property/access/internal/PropertyAccessMapImpl$GetterImpl
instanceKlass org/hibernate/metamodel/internal/AttributeFactory$1
instanceKlass org/hibernate/metamodel/internal/AttributeFactory$AttributeContext
instanceKlass org/hibernate/metamodel/model/domain/internal/AbstractManagedType$InFlightAccessImpl
instanceKlass org/hibernate/metamodel/model/domain/internal/AbstractIdentifiableType$InFlightAccessImpl
instanceKlass org/hibernate/metamodel/model/domain/spi/IdentifiableTypeDescriptor$InFlightAccess
instanceKlass org/hibernate/metamodel/model/domain/spi/ManagedTypeDescriptor$InFlightAccess
instanceKlass org/hibernate/metamodel/model/domain/internal/AbstractType
instanceKlass org/hibernate/metamodel/model/domain/spi/EntityTypeDescriptor
instanceKlass org/hibernate/metamodel/model/domain/spi/IdentifiableTypeDescriptor
instanceKlass org/hibernate/metamodel/model/domain/spi/ManagedTypeDescriptor
instanceKlass org/hibernate/metamodel/model/domain/spi/SimpleTypeDescriptor
instanceKlass org/hibernate/metamodel/model/domain/spi/DomainTypeDescriptor
instanceKlass org/hibernate/metamodel/model/domain/EntityDomainType
instanceKlass javax/persistence/metamodel/EntityType
instanceKlass javax/persistence/metamodel/Bindable
instanceKlass org/hibernate/metamodel/model/domain/IdentifiableDomainType
instanceKlass javax/persistence/metamodel/IdentifiableType
instanceKlass org/hibernate/metamodel/model/domain/ManagedDomainType
instanceKlass javax/persistence/metamodel/ManagedType
instanceKlass org/hibernate/metamodel/model/domain/SimpleDomainType
instanceKlass org/hibernate/metamodel/model/domain/DomainType
instanceKlass javax/persistence/metamodel/Type
instanceKlass org/hibernate/metamodel/internal/AttributeFactory$6
instanceKlass org/hibernate/metamodel/internal/AttributeFactory$5
instanceKlass org/hibernate/metamodel/internal/AttributeFactory$4
instanceKlass org/hibernate/metamodel/internal/AttributeFactory$3
instanceKlass org/hibernate/metamodel/internal/AttributeFactory$2
instanceKlass org/hibernate/metamodel/internal/AttributeFactory$MemberResolver
instanceKlass org/hibernate/metamodel/internal/AttributeFactory
instanceKlass org/hibernate/metamodel/internal/MetadataContext
instanceKlass org/hibernate/loader/plan/exec/process/internal/CollectionReturnReader
instanceKlass org/hibernate/loader/collection/plan/CollectionLoader$Builder
instanceKlass org/hibernate/loader/collection/CollectionInitializer
instanceKlass org/hibernate/loader/collection/BatchingCollectionInitializerBuilder$1
instanceKlass org/hibernate/loader/collection/BatchingCollectionInitializerBuilder
instanceKlass org/hibernate/metamodel/internal/MetamodelImpl$$Lambda$694
instanceKlass org/hibernate/loader/OuterJoinableAssociation
instanceKlass org/hibernate/loader/JoinWalker$AssociationKey
instanceKlass org/hibernate/loader/JoinWalker$AssociationInitCallback$1
instanceKlass org/hibernate/loader/JoinWalker$AssociationInitCallback
instanceKlass org/hibernate/loader/JoinWalker
instanceKlass org/hibernate/engine/spi/CascadingActions$BaseCascadingAction
instanceKlass org/hibernate/engine/spi/CascadingAction
instanceKlass org/hibernate/engine/spi/CascadingActions
instanceKlass org/hibernate/loader/plan/exec/process/internal/AbstractRowReader
instanceKlass org/hibernate/loader/plan/exec/process/spi/RowReader
instanceKlass org/hibernate/loader/plan/exec/process/internal/ResultSetProcessorImpl
instanceKlass org/hibernate/loader/plan/exec/process/spi/ResultSetProcessor
instanceKlass org/hibernate/loader/plan/build/spi/LoadPlanTreePrinter
instanceKlass org/hibernate/loader/plan/exec/process/internal/CollectionReferenceInitializerImpl
instanceKlass org/hibernate/loader/plan/exec/process/spi/CollectionReferenceInitializer
instanceKlass org/hibernate/loader/plan/exec/internal/LoadQueryJoinAndFetchProcessor$FetchStatsImpl
instanceKlass org/hibernate/loader/plan/exec/internal/FetchStats
instanceKlass org/hibernate/sql/ANSIJoinFragment$1
instanceKlass org/hibernate/loader/GeneratedCollectionAliases
instanceKlass org/hibernate/loader/CollectionAliases
instanceKlass org/hibernate/loader/plan/exec/internal/CollectionReferenceAliasesImpl
instanceKlass org/hibernate/loader/plan/exec/spi/CollectionReferenceAliases
instanceKlass org/hibernate/loader/plan/spi/CompositeQuerySpace
instanceKlass org/hibernate/sql/JoinFragment
instanceKlass org/hibernate/internal/DynamicFilterAliasGenerator
instanceKlass org/hibernate/internal/FilterAliasGenerator
instanceKlass org/hibernate/sql/InFragment
instanceKlass org/hibernate/loader/plan/exec/query/internal/SelectStatementBuilder
instanceKlass org/hibernate/loader/plan/exec/process/internal/EntityReferenceInitializerImpl
instanceKlass org/hibernate/loader/plan/exec/process/spi/EntityReferenceInitializer
instanceKlass org/hibernate/loader/plan/exec/process/internal/EntityReturnReader
instanceKlass org/hibernate/loader/plan/exec/process/spi/ReturnReader
instanceKlass org/hibernate/loader/plan/exec/internal/AbstractLoadQueryDetails$ReaderCollectorImpl
instanceKlass org/hibernate/loader/plan/exec/process/spi/ReaderCollector
instanceKlass org/hibernate/loader/DefaultEntityAliases
instanceKlass org/hibernate/loader/EntityAliases
instanceKlass org/hibernate/loader/plan/exec/internal/EntityReferenceAliasesImpl
instanceKlass org/hibernate/loader/plan/exec/spi/EntityReferenceAliases
instanceKlass org/hibernate/loader/plan/exec/internal/LoadQueryJoinAndFetchProcessor
instanceKlass org/hibernate/loader/plan/exec/internal/AbstractLoadQueryDetails
instanceKlass org/hibernate/loader/plan/exec/spi/LoadQueryDetails
instanceKlass org/hibernate/loader/plan/exec/internal/AliasResolutionContextImpl
instanceKlass org/hibernate/loader/plan/exec/spi/AliasResolutionContext
instanceKlass org/hibernate/loader/plan/exec/internal/RootHelper
instanceKlass org/hibernate/loader/plan/exec/internal/BatchingLoadQueryDetailsFactory
instanceKlass org/hibernate/loader/plan/build/internal/LoadPlanImpl
instanceKlass org/hibernate/loader/plan/spi/LoadPlan
instanceKlass org/hibernate/loader/plan/build/internal/returns/BidirectionalEntityReferenceImpl
instanceKlass org/hibernate/loader/plan/spi/EntityFetch
instanceKlass org/hibernate/persister/collection/AbstractCollectionPersister$2
instanceKlass org/hibernate/persister/walking/spi/CollectionElementDefinition
instanceKlass org/hibernate/loader/plan/spi/CollectionFetchableElement
instanceKlass org/hibernate/loader/plan/build/internal/returns/AbstractCollectionReference
instanceKlass org/hibernate/loader/plan/spi/CollectionAttributeFetch
instanceKlass org/hibernate/loader/plan/spi/AttributeFetch
instanceKlass org/hibernate/loader/plan/build/internal/spaces/JoinImpl
instanceKlass org/hibernate/loader/plan/spi/JoinDefinedByMetadata
instanceKlass org/hibernate/loader/plan/spi/Join
instanceKlass org/hibernate/loader/plan/build/internal/spaces/JoinHelper
instanceKlass org/hibernate/loader/plan/build/spi/ExpandingCollectionQuerySpace
instanceKlass org/hibernate/loader/plan/spi/CollectionQuerySpace
instanceKlass org/hibernate/loader/plan/build/internal/spaces/QuerySpaceHelper
instanceKlass org/hibernate/loader/plan/spi/CollectionReturn
instanceKlass org/hibernate/loader/plan/spi/CollectionReference
instanceKlass org/hibernate/persister/walking/internal/FetchStrategyHelper$1
instanceKlass org/hibernate/engine/FetchStrategy
instanceKlass org/hibernate/persister/walking/internal/FetchStrategyHelper
instanceKlass org/hibernate/engine/internal/JoinHelper
instanceKlass org/hibernate/persister/walking/spi/CompositionDefinition
instanceKlass org/hibernate/loader/plan/build/spi/ExpandingEntityIdentifierDescription
instanceKlass org/hibernate/persister/walking/spi/AssociationKey
instanceKlass org/hibernate/loader/plan/build/internal/returns/SimpleEntityIdentifierDescriptionImpl
instanceKlass org/hibernate/loader/plan/spi/EntityIdentifierDescription
instanceKlass org/hibernate/loader/plan/build/internal/spaces/AbstractQuerySpace
instanceKlass org/hibernate/loader/plan/build/spi/ExpandingEntityQuerySpace
instanceKlass org/hibernate/loader/plan/build/spi/ExpandingQuerySpace
instanceKlass org/hibernate/loader/plan/spi/EntityQuerySpace
instanceKlass org/hibernate/loader/plan/spi/QuerySpace
instanceKlass org/hibernate/loader/plan/spi/BidirectionalEntityReference
instanceKlass org/hibernate/loader/plan/spi/Fetch
instanceKlass org/hibernate/loader/plan/build/internal/returns/AbstractExpandingFetchSource
instanceKlass org/hibernate/loader/plan/build/spi/ExpandingFetchSource
instanceKlass org/hibernate/loader/plan/spi/EntityReturn
instanceKlass org/hibernate/loader/plan/spi/Return
instanceKlass org/hibernate/loader/plan/spi/EntityReference
instanceKlass org/hibernate/loader/plan/spi/FetchSource
instanceKlass org/apache/logging/log4j/spi/DefaultThreadContextStack
instanceKlass org/apache/logging/log4j/spi/DefaultThreadContextMap
instanceKlass org/apache/logging/log4j/spi/GarbageFreeSortedArrayThreadContextMap
instanceKlass java/io/ObjectInputStream$GetField
instanceKlass java/io/ObjectInputValidation
instanceKlass org/apache/logging/log4j/util/SortedArrayStringMap$1
instanceKlass org/apache/logging/log4j/util/TriConsumer
instanceKlass org/apache/logging/log4j/util/SortedArrayStringMap
instanceKlass org/apache/logging/log4j/util/IndexedStringMap
instanceKlass org/apache/logging/log4j/util/StringMap
instanceKlass org/apache/logging/log4j/util/IndexedReadOnlyStringMap
instanceKlass org/apache/logging/log4j/util/ReadOnlyStringMap
instanceKlass org/apache/logging/log4j/spi/CopyOnWriteSortedArrayThreadContextMap
instanceKlass org/apache/logging/log4j/spi/CopyOnWrite
instanceKlass org/apache/logging/log4j/spi/ObjectThreadContextMap
instanceKlass org/apache/logging/log4j/spi/ReadOnlyThreadContextMap
instanceKlass org/apache/logging/log4j/spi/ThreadContextMapFactory
instanceKlass org/apache/logging/log4j/ThreadContext$EmptyIterator
instanceKlass org/apache/logging/log4j/spi/ThreadContextStack
instanceKlass org/apache/logging/log4j/ThreadContext$ContextStack
instanceKlass org/apache/logging/log4j/ThreadContext
instanceKlass org/jboss/logging/MDC
instanceKlass org/hibernate/persister/walking/spi/MetamodelGraphWalker
instanceKlass org/hibernate/loader/plan/build/spi/MetamodelDrivenLoadPlanBuilder
instanceKlass org/hibernate/loader/plan/build/internal/spaces/QuerySpacesImpl
instanceKlass org/hibernate/loader/plan/build/spi/ExpandingQuerySpaces
instanceKlass org/hibernate/loader/plan/spi/QuerySpaces
instanceKlass org/hibernate/loader/PropertyPath
instanceKlass org/hibernate/loader/plan/build/internal/AbstractLoadPlanBuildingAssociationVisitationStrategy$PropertyPathStack
instanceKlass org/hibernate/loader/plan/build/internal/AbstractLoadPlanBuildingAssociationVisitationStrategy
instanceKlass org/hibernate/loader/plan/build/spi/LoadPlanBuildingContext
instanceKlass org/hibernate/loader/plan/build/spi/LoadPlanBuildingAssociationVisitationStrategy
instanceKlass org/hibernate/persister/walking/spi/AssociationVisitationStrategy
instanceKlass org/hibernate/loader/plan/exec/query/internal/QueryBuildingParametersImpl
instanceKlass org/hibernate/loader/plan/exec/query/spi/QueryBuildingParameters
instanceKlass org/hibernate/loader/entity/plan/EntityLoader$Builder
instanceKlass org/hibernate/loader/plan/exec/internal/AbstractLoadPlanBasedLoader
instanceKlass org/hibernate/loader/entity/UniqueEntityLoader
instanceKlass org/hibernate/loader/entity/BatchingEntityLoaderBuilder$1
instanceKlass org/hibernate/loader/entity/BatchingEntityLoaderBuilder
instanceKlass org/hibernate/engine/spi/EffectiveEntityGraph
instanceKlass org/hibernate/graph/spi/AppliedGraph
instanceKlass org/hibernate/engine/spi/LoadQueryInfluencers
instanceKlass org/hibernate/id/insert/AbstractReturningDelegate
instanceKlass org/hibernate/id/insert/InsertGeneratedIdentifierDelegate
instanceKlass org/hibernate/dialect/identity/IdentityColumnSupportImpl
instanceKlass org/hibernate/dialect/identity/IdentityColumnSupport
instanceKlass org/hibernate/sql/SelectFragment
instanceKlass org/hibernate/persister/entity/AbstractEntityPersister$2
instanceKlass org/hibernate/persister/entity/AbstractEntityPersister$InclusionChecker
instanceKlass org/hibernate/sql/Select
instanceKlass org/hibernate/sql/Delete
instanceKlass org/hibernate/sql/Insert
instanceKlass org/hibernate/metamodel/internal/MetamodelImpl$$Lambda$693
instanceKlass java/lang/invoke/LambdaForm$DMH
instanceKlass org/hibernate/sql/Update
instanceKlass org/hibernate/cache/spi/entry/UnstructuredCacheEntry
instanceKlass org/hibernate/cache/spi/entry/CacheEntryStructure
instanceKlass org/hibernate/persister/collection/AbstractCollectionPersister
instanceKlass org/hibernate/persister/collection/SQLLoadableCollection
instanceKlass org/hibernate/persister/collection/QueryableCollection
instanceKlass org/hibernate/metadata/CollectionMetadata
instanceKlass org/hibernate/persister/walking/internal/EntityIdentifierDefinitionHelper$AttributeDefinitionAdapter
instanceKlass org/hibernate/persister/walking/internal/EntityIdentifierDefinitionHelper$1
instanceKlass org/hibernate/persister/walking/spi/EncapsulatedEntityIdentifierDefinition
instanceKlass org/hibernate/persister/walking/spi/EntityIdentifierDefinition
instanceKlass org/hibernate/persister/walking/internal/EntityIdentifierDefinitionHelper
instanceKlass org/hibernate/dialect/lock/OptimisticForceIncrementLockingStrategy
instanceKlass org/hibernate/dialect/lock/OptimisticLockingStrategy
instanceKlass org/hibernate/dialect/lock/PessimisticForceIncrementLockingStrategy
instanceKlass org/hibernate/sql/ForUpdateFragment
instanceKlass org/hibernate/sql/SimpleSelect
instanceKlass org/hibernate/dialect/lock/AbstractSelectLockingStrategy
instanceKlass org/hibernate/dialect/lock/LockingStrategy
instanceKlass org/hibernate/dialect/Dialect$6
instanceKlass org/hibernate/boot/model/relational/QualifiedNameParser$NameParts
instanceKlass org/hibernate/boot/model/relational/QualifiedName
instanceKlass org/hibernate/persister/entity/AbstractEntityPersister$NoopCacheEntryHelper
instanceKlass org/hibernate/persister/entity/AbstractEntityPersister$CacheEntryHelper
instanceKlass org/hibernate/internal/FilterHelper
instanceKlass org/hibernate/loader/internal/AliasConstantsHelper
instanceKlass org/hibernate/persister/entity/AbstractPropertyMapping
instanceKlass org/hibernate/engine/internal/MutableEntityEntryFactory
instanceKlass org/hibernate/engine/spi/EntityEntryFactory
instanceKlass org/hibernate/classic/Lifecycle
instanceKlass net/bytebuddy/dynamic/loading/ClassInjector$UsingUnsafe$Dispatcher$Enabled
instanceKlass net/bytebuddy/dynamic/loading/ClassInjector$UsingUnsafe$Dispatcher$Initializable
instanceKlass net/bytebuddy/dynamic/loading/ClassInjector$UsingUnsafe$Dispatcher
instanceKlass net/bytebuddy/dynamic/DynamicType$Loaded
instanceKlass net/bytebuddy/dynamic/loading/ClassLoadingStrategy$ForUnsafeInjection
instanceKlass net/bytebuddy/dynamic/loading/ClassInjector$UsingLookup$Dispatcher$ForJava9CapableVm
instanceKlass net/bytebuddy/dynamic/loading/ClassInjector$UsingLookup$Dispatcher
instanceKlass net/bytebuddy/dynamic/loading/ClassLoadingStrategy
instanceKlass net/bytebuddy/dynamic/loading/ClassInjector$AbstractBase
instanceKlass net/bytebuddy/dynamic/loading/ClassInjector
instanceKlass org/hibernate/bytecode/spi/ClassLoadingStrategyHelper
instanceKlass java/nio/file/FileVisitor
instanceKlass java/nio/file/attribute/UserPrincipal
instanceKlass java/nio/file/attribute/FileAttributeView
instanceKlass java/nio/file/attribute/AttributeView
instanceKlass java/nio/file/FileStore
instanceKlass java/io/FileFilter
instanceKlass java/io/FilenameFilter
instanceKlass net/bytebuddy/dynamic/DynamicType$Default$Dispatcher$ForJava7CapableVm
instanceKlass net/bytebuddy/dynamic/DynamicType$Default$Dispatcher
instanceKlass java/nio/file/CopyOption
instanceKlass net/bytebuddy/dynamic/DynamicType$Default
instanceKlass net/bytebuddy/dynamic/DynamicType$Unloaded
instanceKlass net/bytebuddy/dynamic/DynamicType
instanceKlass net/bytebuddy/jar/asm/Handler
instanceKlass net/bytebuddy/jar/asm/AnnotationVisitor
instanceKlass net/bytebuddy/jar/asm/Attribute
instanceKlass net/bytebuddy/dynamic/scaffold/TypeWriter$Default$UnresolvedType
instanceKlass net/bytebuddy/implementation/bytecode/constant/TextConstant
instanceKlass net/bytebuddy/implementation/bytecode/constant/ClassConstant$ForReferenceType
instanceKlass net/bytebuddy/dynamic/scaffold/TypeWriter$MethodPool$Record$ForNonImplementedMethod
instanceKlass net/bytebuddy/implementation/bytecode/ByteCodeAppender$Compound
instanceKlass net/bytebuddy/dynamic/scaffold/TypeInitializer$Simple
instanceKlass net/bytebuddy/implementation/bytecode/ByteCodeAppender$Simple
instanceKlass net/bytebuddy/dynamic/scaffold/TypeInitializer$Drain$Default
instanceKlass net/bytebuddy/dynamic/scaffold/TypeInitializer$Drain
instanceKlass net/bytebuddy/implementation/bytecode/member/MethodVariableAccess$MethodLoading$TypeCastingHandler
instanceKlass net/bytebuddy/implementation/bytecode/member/MethodVariableAccess$MethodLoading
instanceKlass net/bytebuddy/implementation/Implementation$SpecialMethodInvocation$AbstractBase
instanceKlass net/bytebuddy/implementation/Implementation$SpecialMethodInvocation
instanceKlass net/bytebuddy/description/method/MethodDescription$SignatureToken
instanceKlass net/bytebuddy/implementation/bytecode/Removal$2
instanceKlass net/bytebuddy/implementation/bytecode/ByteCodeAppender$Size
instanceKlass net/bytebuddy/implementation/Implementation$Context$Default$FieldCacheEntry
instanceKlass net/bytebuddy/implementation/bytecode/member/MethodInvocation$Invocation
instanceKlass net/bytebuddy/implementation/bytecode/member/MethodInvocation$WithImplicitInvocationTargetType
instanceKlass net/bytebuddy/implementation/bind/MethodDelegationBinder$MethodBinding$Builder$Build
instanceKlass net/bytebuddy/implementation/bind/MethodDelegationBinder$MethodBinding
instanceKlass net/bytebuddy/implementation/bytecode/member/FieldAccess$AccessDispatcher$AbstractFieldInstruction
instanceKlass net/bytebuddy/implementation/bytecode/member/FieldAccess$AccessDispatcher
instanceKlass net/bytebuddy/implementation/bytecode/member/FieldAccess$Defined
instanceKlass net/bytebuddy/dynamic/scaffold/FieldLocator$Resolution$Simple
instanceKlass net/bytebuddy/dynamic/scaffold/FieldLocator$Resolution
instanceKlass net/bytebuddy/description/type/TypeDefinition$SuperClassIterator
instanceKlass net/bytebuddy/implementation/bytecode/assign/primitive/PrimitiveBoxingDelegate$BoxingStackManipulation
instanceKlass net/bytebuddy/implementation/bytecode/collection/ArrayFactory$ArrayStackManipulation
instanceKlass net/bytebuddy/implementation/bytecode/collection/ArrayFactory$ArrayCreator$ForReferenceType
instanceKlass net/bytebuddy/implementation/bytecode/collection/ArrayFactory$ArrayCreator
instanceKlass net/bytebuddy/implementation/bytecode/collection/ArrayFactory
instanceKlass net/bytebuddy/implementation/bytecode/collection/CollectionFactory
instanceKlass net/bytebuddy/implementation/bytecode/constant/MethodConstant$CachedMethod
instanceKlass net/bytebuddy/implementation/bytecode/constant/MethodConstant$CanCache
instanceKlass net/bytebuddy/implementation/bytecode/constant/MethodConstant
instanceKlass net/bytebuddy/implementation/bytecode/member/MethodVariableAccess$OffsetLoading
instanceKlass net/bytebuddy/implementation/bind/MethodDelegationBinder$ParameterBinding$Anonymous
instanceKlass net/bytebuddy/implementation/bind/MethodDelegationBinder$ParameterBinding
instanceKlass net/bytebuddy/implementation/bind/MethodDelegationBinder$MethodBinding$Builder
instanceKlass net/bytebuddy/implementation/bytecode/assign/TypeCasting
instanceKlass net/bytebuddy/implementation/bytecode/assign/primitive/PrimitiveUnboxingDelegate$ImplicitlyTypedUnboxingResponsible
instanceKlass net/bytebuddy/implementation/bytecode/assign/primitive/PrimitiveUnboxingDelegate$UnboxingResponsible
instanceKlass net/bytebuddy/implementation/bytecode/StackManipulation$Size
instanceKlass net/bytebuddy/implementation/bind/MethodDelegationBinder$MethodInvoker
instanceKlass net/bytebuddy/implementation/bytecode/StackManipulation$Compound
instanceKlass net/bytebuddy/implementation/bytecode/StackManipulation
instanceKlass net/bytebuddy/jar/asm/MethodVisitor
instanceKlass net/bytebuddy/description/modifier/Visibility$1
instanceKlass net/bytebuddy/dynamic/scaffold/TypeWriter$MethodPool$Record$AccessBridgeWrapper
instanceKlass net/bytebuddy/dynamic/scaffold/TypeWriter$MethodPool$Record$ForDefinedMethod
instanceKlass net/bytebuddy/dynamic/scaffold/TypeWriter$MethodPool$Record
instanceKlass net/bytebuddy/implementation/attribute/AnnotationAppender$Target$OnField
instanceKlass net/bytebuddy/jar/asm/FieldVisitor
instanceKlass net/bytebuddy/dynamic/scaffold/TypeWriter$FieldPool$Record$ForExplicitField
instanceKlass net/bytebuddy/dynamic/scaffold/TypeWriter$FieldPool$Record
instanceKlass net/bytebuddy/description/field/FieldDescription$InDefinedShape
instanceKlass net/bytebuddy/jar/asm/TypeReference
instanceKlass net/bytebuddy/implementation/attribute/AnnotationAppender$ForTypeAnnotations
instanceKlass net/bytebuddy/implementation/attribute/AnnotationAppender$Target$OnType
instanceKlass net/bytebuddy/implementation/attribute/AnnotationAppender$Target
instanceKlass net/bytebuddy/implementation/attribute/AnnotationAppender$Default
instanceKlass net/bytebuddy/implementation/attribute/AnnotationAppender
instanceKlass net/bytebuddy/description/type/TypeDescription$Generic$Visitor$ForSignatureVisitor
instanceKlass net/bytebuddy/jar/asm/signature/SignatureVisitor
instanceKlass net/bytebuddy/implementation/Implementation$Context$ExtractableView$AbstractBase
instanceKlass net/bytebuddy/implementation/Implementation$Context$ExtractableView
instanceKlass net/bytebuddy/implementation/Implementation$Context
instanceKlass net/bytebuddy/implementation/MethodAccessorFactory
instanceKlass net/bytebuddy/jar/asm/ByteVector
instanceKlass net/bytebuddy/jar/asm/Symbol
instanceKlass net/bytebuddy/jar/asm/SymbolTable
instanceKlass net/bytebuddy/jar/asm/ClassVisitor
instanceKlass net/bytebuddy/dynamic/scaffold/TypeWriter$Default$ClassDumpAction$Dispatcher
instanceKlass net/bytebuddy/description/field/FieldList
instanceKlass net/bytebuddy/dynamic/scaffold/TypeWriter$Default
instanceKlass net/bytebuddy/dynamic/scaffold/TypeWriter
instanceKlass net/bytebuddy/dynamic/scaffold/FieldRegistry$Default$Compiled
instanceKlass net/bytebuddy/dynamic/scaffold/FieldRegistry$Compiled
instanceKlass net/bytebuddy/dynamic/scaffold/TypeWriter$FieldPool
instanceKlass net/bytebuddy/description/type/TypeVariableToken
instanceKlass net/bytebuddy/description/type/TypeDescription$Generic$Visitor$Reducing
instanceKlass net/bytebuddy/description/field/FieldDescription$SignatureToken
instanceKlass net/bytebuddy/matcher/LatentMatcher$ForFieldToken$ResolvedMatcher
instanceKlass net/bytebuddy/dynamic/scaffold/FieldRegistry$Default$Compiled$Entry
instanceKlass net/bytebuddy/dynamic/scaffold/MethodRegistry$Default$Compiled
instanceKlass net/bytebuddy/dynamic/scaffold/MethodRegistry$Compiled
instanceKlass net/bytebuddy/dynamic/scaffold/TypeWriter$MethodPool
instanceKlass net/bytebuddy/implementation/SuperMethodCall$Appender
instanceKlass net/bytebuddy/dynamic/scaffold/FieldLocator$AbstractBase
instanceKlass net/bytebuddy/dynamic/scaffold/FieldLocator
instanceKlass net/bytebuddy/implementation/FieldAccessor$FieldLocation$Relative$Prepared
instanceKlass net/bytebuddy/implementation/FieldAccessor$FieldLocation$Prepared
instanceKlass net/bytebuddy/implementation/FieldAccessor$ForImplicitProperty$Appender
instanceKlass net/bytebuddy/dynamic/scaffold/MethodRegistry$Default$Compiled$Entry
instanceKlass net/bytebuddy/implementation/bind/MethodDelegationBinder$Processor
instanceKlass net/bytebuddy/implementation/MethodDelegation$Appender
instanceKlass net/bytebuddy/implementation/MethodDelegation$ImplementationDelegate$Compiled$ForStaticCall
instanceKlass net/bytebuddy/implementation/MethodDelegation$ImplementationDelegate$Compiled
instanceKlass net/bytebuddy/dynamic/scaffold/MethodRegistry$Handler$ForImplementation$Compiled
instanceKlass net/bytebuddy/dynamic/scaffold/MethodRegistry$Handler$Compiled
instanceKlass net/bytebuddy/implementation/Implementation$Target$AbstractBase
instanceKlass net/bytebuddy/implementation/Implementation$Target
instanceKlass net/bytebuddy/implementation/Implementation$Target$Factory
instanceKlass net/bytebuddy/dynamic/scaffold/MethodRegistry$Default$Prepared
instanceKlass net/bytebuddy/dynamic/scaffold/MethodRegistry$Prepared
instanceKlass net/bytebuddy/dynamic/scaffold/MethodRegistry$Default$Prepared$Entry
instanceKlass net/bytebuddy/dynamic/scaffold/MethodGraph$Linked$Delegation
instanceKlass net/bytebuddy/dynamic/scaffold/MethodGraph$Linked
instanceKlass net/bytebuddy/dynamic/scaffold/MethodGraph$Compiler$Default$Key$Store$Graph
instanceKlass net/bytebuddy/dynamic/scaffold/MethodGraph
instanceKlass net/bytebuddy/dynamic/scaffold/MethodGraph$Compiler$Default$Key$Store$Entry$Resolved$Node
instanceKlass net/bytebuddy/dynamic/scaffold/MethodGraph$Node
instanceKlass org/hibernate/proxy/LazyInitializer
instanceKlass net/bytebuddy/dynamic/scaffold/MethodGraph$Compiler$Default$Key$Store$Entry$Resolved
instanceKlass net/bytebuddy/dynamic/scaffold/MethodGraph$Compiler$Default$Key$Store$Entry$Initial
instanceKlass net/bytebuddy/dynamic/scaffold/MethodGraph$Compiler$Default$Key$Store$Entry
instanceKlass net/bytebuddy/dynamic/scaffold/MethodGraph$Compiler$Default$Harmonizer$ForJavaMethod$Token
instanceKlass net/bytebuddy/description/method/MethodDescription$TypeToken
instanceKlass net/bytebuddy/dynamic/scaffold/MethodGraph$Compiler$Default$Key
instanceKlass net/bytebuddy/dynamic/scaffold/MethodGraph$Compiler$Default$Key$Store
instanceKlass net/bytebuddy/description/enumeration/EnumerationDescription$AbstractBase
instanceKlass net/bytebuddy/description/enumeration/EnumerationDescription
instanceKlass net/bytebuddy/description/annotation/AnnotationValue$ForConstant$PropertyDelegate
instanceKlass net/bytebuddy/description/annotation/AnnotationValue$AbstractBase
instanceKlass net/bytebuddy/dynamic/scaffold/subclass/SubclassDynamicTypeBuilder$InstrumentableMatcher
instanceKlass net/bytebuddy/description/method/ParameterDescription$Token
instanceKlass net/bytebuddy/description/method/ParameterDescription$InGenericShape
instanceKlass net/bytebuddy/description/annotation/AnnotationValue
instanceKlass net/bytebuddy/description/method/MethodDescription$Token
instanceKlass net/bytebuddy/description/type/TypeDescription$Generic$AnnotationReader$Delegator
instanceKlass net/bytebuddy/description/type/TypeDescription$Generic$AnnotationReader$Dispatcher$ForJava8CapableVm
instanceKlass net/bytebuddy/description/type/TypeDescription$Generic$AnnotationReader$Dispatcher
instanceKlass net/bytebuddy/description/method/MethodDescription$InGenericShape
instanceKlass net/bytebuddy/description/type/TypeDescription$Generic$Visitor$ForRawType
instanceKlass net/bytebuddy/pool/TypePool$CacheProvider
instanceKlass net/bytebuddy/jar/asm/Type
instanceKlass net/bytebuddy/pool/TypePool$AbstractBase
instanceKlass net/bytebuddy/pool/TypePool
instanceKlass net/bytebuddy/dynamic/TypeResolutionStrategy$Resolved
instanceKlass net/bytebuddy/dynamic/TypeResolutionStrategy
instanceKlass net/bytebuddy/description/type/TypeList
instanceKlass net/bytebuddy/dynamic/scaffold/FieldRegistry$Default$Entry
instanceKlass net/bytebuddy/matcher/LatentMatcher$ForFieldToken
instanceKlass org/hibernate/proxy/ProxyConfiguration
instanceKlass net/bytebuddy/description/field/FieldDescription
instanceKlass net/bytebuddy/implementation/attribute/FieldAttributeAppender$Factory
instanceKlass net/bytebuddy/implementation/attribute/FieldAttributeAppender
instanceKlass net/bytebuddy/description/field/FieldDescription$Token
instanceKlass net/bytebuddy/description/ByteCodeElement$Token
instanceKlass net/bytebuddy/dynamic/DynamicType$Builder$FieldDefinition$Optional$Valuable
instanceKlass net/bytebuddy/dynamic/DynamicType$Builder$FieldDefinition$Optional
instanceKlass net/bytebuddy/dynamic/DynamicType$Builder$FieldDefinition$Valuable
instanceKlass net/bytebuddy/dynamic/DynamicType$Builder$FieldDefinition
instanceKlass net/bytebuddy/dynamic/scaffold/MethodRegistry$Default$Entry
instanceKlass net/bytebuddy/dynamic/Transformer
instanceKlass net/bytebuddy/implementation/attribute/MethodAttributeAppender$Factory
instanceKlass net/bytebuddy/implementation/attribute/MethodAttributeAppender
instanceKlass net/bytebuddy/dynamic/DynamicType$Builder$MethodDefinition$ReceiverTypeDefinition
instanceKlass net/bytebuddy/dynamic/DynamicType$Builder$MethodDefinition
instanceKlass net/bytebuddy/dynamic/scaffold/MethodRegistry$Handler$ForImplementation
instanceKlass net/bytebuddy/dynamic/scaffold/MethodRegistry$Handler
instanceKlass net/bytebuddy/dynamic/DynamicType$Builder$MethodDefinition$ImplementationDefinition$AbstractBase
instanceKlass net/bytebuddy/dynamic/DynamicType$Builder$MethodDefinition$ImplementationDefinition$Optional
instanceKlass net/bytebuddy/dynamic/DynamicType$Builder$MethodDefinition$ImplementationDefinition
instanceKlass net/bytebuddy/asm/AsmVisitorWrapper
instanceKlass net/bytebuddy/implementation/attribute/TypeAttributeAppender
instanceKlass net/bytebuddy/dynamic/scaffold/MethodRegistry$Default
instanceKlass net/bytebuddy/dynamic/scaffold/MethodRegistry
instanceKlass net/bytebuddy/dynamic/scaffold/FieldRegistry$Default
instanceKlass net/bytebuddy/dynamic/scaffold/FieldRegistry
instanceKlass net/bytebuddy/utility/CompoundList
instanceKlass net/bytebuddy/description/type/TypeDescription$Generic$Visitor$Substitutor
instanceKlass net/bytebuddy/implementation/LoadedTypeInitializer
instanceKlass net/bytebuddy/dynamic/scaffold/TypeInitializer
instanceKlass net/bytebuddy/implementation/bytecode/ByteCodeAppender
instanceKlass net/bytebuddy/dynamic/scaffold/InstrumentedType$WithFlexibleName
instanceKlass net/bytebuddy/dynamic/scaffold/InstrumentedType
instanceKlass net/bytebuddy/description/modifier/ModifierContributor$Resolver
instanceKlass net/bytebuddy/description/modifier/ModifierContributor$ForField
instanceKlass net/bytebuddy/description/modifier/ModifierContributor$ForMethod
instanceKlass net/bytebuddy/description/modifier/ModifierContributor$ForType
instanceKlass net/bytebuddy/description/modifier/ModifierContributor
instanceKlass net/bytebuddy/dynamic/DynamicType$Builder$AbstractBase
instanceKlass net/bytebuddy/dynamic/scaffold/subclass/ConstructorStrategy
instanceKlass net/bytebuddy/NamingStrategy$SuffixingRandom$BaseNameResolver$ForFixedValue
instanceKlass net/bytebuddy/TypeCache$LookupKey
instanceKlass org/hibernate/bytecode/internal/bytebuddy/ByteBuddyState$$Lambda$692
instanceKlass org/hibernate/proxy/pojo/bytebuddy/ByteBuddyProxyHelper$$Lambda$691
instanceKlass net/bytebuddy/dynamic/DynamicType$Builder
instanceKlass net/bytebuddy/TypeCache$SimpleKey
instanceKlass org/hibernate/proxy/pojo/bytebuddy/ByteBuddyProxyFactory
instanceKlass org/hibernate/proxy/ProxyFactory
instanceKlass org/hibernate/bytecode/spi/BasicProxyFactory
instanceKlass org/hibernate/bytecode/internal/bytebuddy/ProxyFactoryFactoryImpl
instanceKlass org/hibernate/proxy/pojo/ProxyFactoryHelper
instanceKlass org/hibernate/tuple/PojoInstantiator
instanceKlass org/hibernate/tuple/Instantiator
instanceKlass org/hibernate/tuple/BaselineAttributeInformation
instanceKlass org/hibernate/engine/spi/CascadeStyles$BaseCascadeStyle
instanceKlass org/hibernate/engine/spi/CascadeStyles
instanceKlass org/hibernate/tuple/BaselineAttributeInformation$Builder
instanceKlass org/hibernate/persister/walking/spi/AssociationAttributeDefinition
instanceKlass org/hibernate/tuple/PropertyFactory$1
instanceKlass org/hibernate/bytecode/enhance/spi/interceptor/EnhancementHelper
instanceKlass org/hibernate/engine/spi/CascadeStyle
instanceKlass org/hibernate/tuple/NonIdentifierAttribute
instanceKlass org/hibernate/persister/walking/spi/AttributeDefinition
instanceKlass org/hibernate/bytecode/enhance/spi/interceptor/LazyAttributesMetadata
instanceKlass org/hibernate/engine/spi/PersistentAttributeInterceptable
instanceKlass org/hibernate/tuple/entity/BytecodeEnhancementMetadataPojoImpl
instanceKlass org/hibernate/bytecode/spi/BytecodeEnhancementMetadata
instanceKlass org/hibernate/tuple/AbstractAttribute
instanceKlass org/hibernate/tuple/IdentifierAttribute
instanceKlass org/hibernate/tuple/Property
instanceKlass org/hibernate/tuple/Attribute
instanceKlass org/hibernate/engine/spi/IdentifierValue
instanceKlass org/hibernate/engine/spi/UnsavedValueStrategy
instanceKlass org/hibernate/engine/internal/UnsavedValueFactory
instanceKlass org/hibernate/property/access/spi/SetterFieldImpl
instanceKlass org/hibernate/property/access/spi/Setter
instanceKlass org/hibernate/property/access/spi/GetterFieldImpl
instanceKlass org/hibernate/property/access/spi/Getter
instanceKlass org/hibernate/internal/util/ReflectHelper
instanceKlass org/hibernate/property/access/internal/PropertyAccessFieldImpl
instanceKlass org/hibernate/property/access/spi/PropertyAccess
instanceKlass org/hibernate/engine/spi/Managed
instanceKlass org/hibernate/property/access/internal/PropertyAccessStrategyNoopImpl
instanceKlass org/hibernate/property/access/internal/PropertyAccessStrategyEmbeddedImpl
instanceKlass org/hibernate/property/access/internal/PropertyAccessStrategyMapImpl
instanceKlass org/hibernate/property/access/internal/PropertyAccessStrategyMixedImpl
instanceKlass org/hibernate/property/access/internal/PropertyAccessStrategyFieldImpl
instanceKlass org/hibernate/property/access/internal/PropertyAccessStrategyBasicImpl
instanceKlass org/hibernate/property/access/spi/PropertyAccessStrategy
instanceKlass org/hibernate/property/access/internal/PropertyAccessStrategyResolverStandardImpl
instanceKlass org/hibernate/tuple/PropertyFactory
instanceKlass org/hibernate/tuple/entity/EntityMetamodel$NoInDatabaseValueGenerationStrategy
instanceKlass org/hibernate/tuple/InDatabaseValueGenerationStrategy
instanceKlass org/hibernate/tuple/entity/EntityMetamodel$NoInMemoryValueGenerationStrategy
instanceKlass org/hibernate/tuple/InMemoryValueGenerationStrategy
instanceKlass org/hibernate/tuple/entity/EntityMetamodel$GenerationStrategyPair
instanceKlass org/hibernate/persister/entity/AbstractEntityPersister
instanceKlass org/hibernate/persister/entity/Lockable
instanceKlass org/hibernate/id/PostInsertIdentityPersister
instanceKlass org/hibernate/bytecode/enhance/spi/LazyPropertyInitializer
instanceKlass org/hibernate/persister/entity/SQLLoadable
instanceKlass org/hibernate/persister/entity/UniqueKeyLoadable
instanceKlass org/hibernate/metadata/ClassMetadata
instanceKlass org/hibernate/persister/entity/Queryable
instanceKlass org/hibernate/persister/entity/PropertyMapping
instanceKlass org/hibernate/persister/entity/OuterJoinLoadable
instanceKlass org/hibernate/persister/entity/Joinable
instanceKlass org/hibernate/persister/entity/Loadable
instanceKlass org/hibernate/persister/internal/StandardPersisterClassResolver
instanceKlass org/hibernate/persister/collection/CollectionPersister
instanceKlass org/hibernate/persister/walking/spi/CollectionDefinition
instanceKlass org/hibernate/persister/entity/EntityPersister
instanceKlass org/hibernate/persister/walking/spi/EntityDefinition
instanceKlass org/hibernate/persister/walking/spi/AttributeSource
instanceKlass org/hibernate/persister/internal/PersisterFactoryImpl
instanceKlass org/hibernate/metamodel/internal/MetamodelImpl$1
instanceKlass org/hibernate/persister/spi/PersisterCreationContext
instanceKlass org/hibernate/metamodel/internal/MetamodelImpl
instanceKlass org/hibernate/metamodel/spi/MetamodelImplementor
instanceKlass org/hibernate/Metamodel
instanceKlass javax/persistence/metamodel/Metamodel
instanceKlass org/hibernate/internal/SessionFactoryImpl$$Lambda$690
instanceKlass org/hibernate/internal/SessionFactoryImpl$$Lambda$689
instanceKlass org/hibernate/event/service/internal/EventListenerGroupImpl$$Lambda$688
instanceKlass org/hibernate/cfg/beanvalidation/DuplicationStrategyImpl
instanceKlass org/hibernate/cfg/beanvalidation/BeanValidationEventListener
instanceKlass java/util/stream/Collectors$$Lambda$687
instanceKlass org/hibernate/validator/internal/metadata/aggregated/CascadingMetaDataBuilder$$Lambda$686
instanceKlass org/hibernate/validator/internal/metadata/aggregated/CascadingMetaDataBuilder$$Lambda$685
instanceKlass org/hibernate/validator/internal/metadata/aggregated/CascadingMetaDataBuilder$$Lambda$684
instanceKlass com/fasterxml/classmate/Annotations
instanceKlass com/fasterxml/classmate/util/MethodKey
instanceKlass org/hibernate/validator/internal/util/privilegedactions/GetResolvedMemberMethods
instanceKlass com/fasterxml/classmate/ResolvedTypeWithMembers$AnnotationHandler
instanceKlass com/fasterxml/classmate/AnnotationConfiguration
instanceKlass com/fasterxml/classmate/members/ResolvedMember
instanceKlass com/fasterxml/classmate/ResolvedTypeWithMembers
instanceKlass com/fasterxml/classmate/members/HierarchicType
instanceKlass org/hibernate/validator/internal/util/ExecutableHelper$SimpleMethodFilter
instanceKlass com/fasterxml/classmate/Filter
instanceKlass com/fasterxml/classmate/util/ResolvedTypeKey
instanceKlass com/fasterxml/classmate/util/ClassStack
instanceKlass org/hibernate/validator/internal/util/ConcurrentReferenceHashMap$KeyReference
instanceKlass org/hibernate/validator/internal/metadata/aggregated/BeanMetaDataImpl$$Lambda$683
instanceKlass org/hibernate/validator/internal/metadata/aggregated/BeanMetaDataImpl$$Lambda$682
instanceKlass org/hibernate/validator/internal/metadata/descriptor/ElementDescriptorImpl
instanceKlass org/hibernate/validator/internal/engine/groups/GroupWithInheritance
instanceKlass org/hibernate/validator/internal/engine/groups/Sequence
instanceKlass org/hibernate/validator/internal/engine/groups/ValidationOrder$DefaultSequenceValidationOrder
instanceKlass org/hibernate/validator/internal/engine/groups/Group
instanceKlass org/hibernate/validator/internal/engine/groups/ValidationOrder$DefaultGroupValidationOrder
instanceKlass org/hibernate/validator/internal/engine/groups/ValidationOrder
instanceKlass org/hibernate/validator/internal/metadata/aggregated/BeanMetaDataImpl$DefaultGroupSequenceContext
instanceKlass org/hibernate/validator/internal/metadata/aggregated/BeanMetaDataImpl
instanceKlass org/hibernate/validator/internal/metadata/aggregated/BeanMetaData
instanceKlass org/hibernate/validator/internal/metadata/aggregated/PropertyMetaData$Builder$$Lambda$681
instanceKlass org/hibernate/validator/internal/metadata/facets/Cascadable$Builder
instanceKlass org/hibernate/validator/internal/metadata/aggregated/ValidatableParametersMetaData$$Lambda$680
instanceKlass org/hibernate/validator/internal/metadata/aggregated/ValidatableParametersMetaData
instanceKlass org/hibernate/validator/internal/metadata/facets/Validatable
instanceKlass org/hibernate/validator/internal/metadata/aggregated/AbstractConstraintMetaData$$Lambda$679
instanceKlass org/hibernate/validator/internal/metadata/aggregated/GroupConversionHelper
instanceKlass org/hibernate/validator/internal/metadata/aggregated/NonContainerCascadingMetaData
instanceKlass org/hibernate/validator/internal/metadata/aggregated/CascadingMetaData
instanceKlass org/hibernate/validator/internal/metadata/facets/Cascadable
instanceKlass org/hibernate/validator/internal/metadata/aggregated/AbstractConstraintMetaData
instanceKlass org/hibernate/validator/internal/metadata/aggregated/ConstraintMetaData
instanceKlass org/hibernate/validator/internal/util/ExecutableHelper$$Lambda$678
instanceKlass org/hibernate/validator/internal/metadata/aggregated/MetaDataBuilder
instanceKlass org/hibernate/validator/internal/metadata/aggregated/BeanMetaDataImpl$1
instanceKlass org/hibernate/validator/internal/metadata/aggregated/BeanMetaDataImpl$BuilderDelegate
instanceKlass org/hibernate/validator/internal/metadata/provider/AnnotationMetaDataProvider$TypeArgumentFieldLocation
instanceKlass org/hibernate/validator/internal/metadata/provider/AnnotationMetaDataProvider$$Lambda$677
instanceKlass org/hibernate/validator/internal/metadata/core/ConstraintHelper$$Lambda$676
instanceKlass javax/validation/Constraint
instanceKlass org/hibernate/validator/internal/util/classhierarchy/Filters$InterfacesFilter
instanceKlass org/hibernate/validator/internal/util/classhierarchy/Filters$WeldProxyFilter
instanceKlass org/hibernate/validator/internal/util/classhierarchy/Filters
instanceKlass org/hibernate/validator/internal/util/classhierarchy/ClassHierarchyHelper
instanceKlass org/hibernate/validator/internal/util/classhierarchy/Filter
instanceKlass org/hibernate/validator/internal/metadata/aggregated/BeanMetaDataImpl$BeanMetaDataBuilder
instanceKlass org/hibernate/cfg/beanvalidation/GroupsPerOperation
instanceKlass org/hibernate/cfg/beanvalidation/TypeSafeActivator$1
instanceKlass org/hibernate/cfg/beanvalidation/BeanValidationIntegrator$1
instanceKlass org/hibernate/cfg/beanvalidation/ActivationContext
instanceKlass org/hibernate/cfg/beanvalidation/TypeSafeActivator
instanceKlass org/hibernate/internal/SessionFactoryImpl$1IntegratorObserver
instanceKlass org/hibernate/loader/Loader
instanceKlass org/hibernate/loader/custom/CustomQuery
instanceKlass org/hibernate/engine/query/spi/NativeSQLQueryPlan
instanceKlass org/hibernate/engine/query/spi/sql/NativeSQLQuerySpecification
instanceKlass org/hibernate/query/internal/ParameterMetadataImpl
instanceKlass org/hibernate/query/ParameterMetadata
instanceKlass org/hibernate/engine/query/internal/NativeQueryInterpreterStandardImpl
instanceKlass org/hibernate/internal/util/collections/BoundedConcurrentHashMap$HashEntry
instanceKlass org/hibernate/internal/util/collections/BoundedConcurrentHashMap$LIRS
instanceKlass org/hibernate/internal/util/collections/BoundedConcurrentHashMap$EvictionPolicy
instanceKlass org/hibernate/internal/util/collections/BoundedConcurrentHashMap$NullEvictionListener
instanceKlass org/hibernate/internal/util/collections/BoundedConcurrentHashMap$EvictionListener
instanceKlass org/hibernate/engine/query/spi/QueryPlanCache
instanceKlass org/hibernate/internal/TypeLocatorImpl
instanceKlass org/hibernate/jpa/internal/PersistenceUnitUtilImpl
instanceKlass javax/persistence/PersistenceUnitUtil
instanceKlass org/hibernate/query/criteria/internal/CriteriaBuilderImpl
instanceKlass org/hibernate/query/criteria/HibernateCriteriaBuilder
instanceKlass javax/persistence/criteria/CriteriaBuilder
instanceKlass org/hibernate/cache/spi/access/CollectionDataAccess
instanceKlass org/hibernate/cache/spi/access/NaturalIdDataAccess
instanceKlass org/hibernate/cache/spi/access/EntityDataAccess
instanceKlass org/hibernate/cache/spi/access/CachedDomainDataAccess
instanceKlass org/hibernate/metamodel/model/domain/NavigableRole
instanceKlass org/hibernate/cache/spi/QueryResultsCache
instanceKlass org/hibernate/cache/spi/QueryCache
instanceKlass org/hibernate/cache/spi/TimestampsCache
instanceKlass org/hibernate/cache/spi/UpdateTimestampsCache
instanceKlass org/hibernate/cache/internal/DisabledCaching
instanceKlass org/hibernate/dialect/function/SQLFunctionRegistry
instanceKlass org/hibernate/internal/util/MarkerObject
instanceKlass org/hibernate/jpa/event/spi/Callback
instanceKlass javax/persistence/ExcludeDefaultListeners
instanceKlass javax/persistence/ExcludeSuperclassListeners
instanceKlass org/hibernate/annotations/common/reflection/XMethod
instanceKlass javax/persistence/PostLoad
instanceKlass javax/persistence/PostRemove
instanceKlass javax/persistence/PreRemove
instanceKlass javax/persistence/PostPersist
instanceKlass javax/persistence/PrePersist
instanceKlass javax/persistence/PostUpdate
instanceKlass javax/persistence/PreUpdate
instanceKlass org/hibernate/jpa/event/internal/CallbackBuilderLegacyImpl
instanceKlass org/hibernate/jpa/event/spi/CallbackBuilder
instanceKlass org/hibernate/resource/beans/spi/ManagedBean
instanceKlass org/hibernate/resource/beans/internal/ManagedBeanRegistryImpl
instanceKlass org/hibernate/resource/beans/container/spi/BeanContainer$LifecycleOptions
instanceKlass java/lang/SafeVarargs
instanceKlass org/hibernate/event/internal/DefaultRefreshEventListener
instanceKlass org/hibernate/event/internal/PostUpdateEventListenerStandardImpl
instanceKlass org/hibernate/event/internal/DefaultPostLoadEventListener
instanceKlass org/hibernate/event/internal/PostInsertEventListenerStandardImpl
instanceKlass org/hibernate/event/internal/PostDeleteEventListenerStandardImpl
instanceKlass org/hibernate/event/spi/PostCommitUpdateEventListener
instanceKlass org/hibernate/event/spi/PostCommitInsertEventListener
instanceKlass org/hibernate/event/spi/PostCommitDeleteEventListener
instanceKlass org/hibernate/event/internal/DefaultPreLoadEventListener
instanceKlass org/hibernate/event/internal/DefaultInitializeCollectionEventListener
instanceKlass org/hibernate/event/internal/DefaultLoadEventListener
instanceKlass org/hibernate/event/internal/DefaultFlushEntityEventListener
instanceKlass org/hibernate/event/internal/DefaultEvictEventListener
instanceKlass org/hibernate/event/internal/DefaultDeleteEventListener
instanceKlass org/hibernate/event/internal/AbstractReassociateEventListener
instanceKlass org/hibernate/jpa/event/spi/CallbackRegistryConsumer
instanceKlass org/hibernate/event/service/internal/EventListenerGroupImpl$$Lambda$675
instanceKlass org/hibernate/event/service/internal/EventListenerGroupImpl$1
instanceKlass org/hibernate/event/internal/AbstractFlushingEventListener
instanceKlass org/hibernate/event/service/spi/JpaBootstrapSensitive
instanceKlass org/hibernate/event/service/internal/EventListenerGroupImpl
instanceKlass org/hibernate/event/service/spi/EventListenerGroup
instanceKlass org/hibernate/event/spi/EventType$1
instanceKlass org/hibernate/event/spi/PostCollectionUpdateEventListener
instanceKlass org/hibernate/event/spi/PostCollectionRemoveEventListener
instanceKlass org/hibernate/event/spi/PostCollectionRecreateEventListener
instanceKlass org/hibernate/event/spi/PreCollectionUpdateEventListener
instanceKlass org/hibernate/event/spi/PreCollectionRemoveEventListener
instanceKlass org/hibernate/event/spi/PreCollectionRecreateEventListener
instanceKlass org/hibernate/event/spi/PostLoadEventListener
instanceKlass org/hibernate/event/spi/PreInsertEventListener
instanceKlass org/hibernate/event/spi/PreUpdateEventListener
instanceKlass org/hibernate/event/spi/PreDeleteEventListener
instanceKlass org/hibernate/event/spi/PreLoadEventListener
instanceKlass org/hibernate/event/spi/RefreshEventListener
instanceKlass org/hibernate/event/spi/LockEventListener
instanceKlass org/hibernate/event/spi/EvictEventListener
instanceKlass org/hibernate/event/spi/ClearEventListener
instanceKlass org/hibernate/event/spi/FlushEntityEventListener
instanceKlass org/hibernate/event/spi/DirtyCheckEventListener
instanceKlass org/hibernate/event/spi/AutoFlushEventListener
instanceKlass org/hibernate/event/spi/FlushEventListener
instanceKlass org/hibernate/event/spi/ReplicateEventListener
instanceKlass org/hibernate/event/spi/DeleteEventListener
instanceKlass org/hibernate/event/spi/MergeEventListener
instanceKlass org/hibernate/event/spi/PersistEventListener
instanceKlass org/hibernate/event/spi/SaveOrUpdateEventListener
instanceKlass org/hibernate/event/spi/InitializeCollectionEventListener
instanceKlass org/hibernate/event/spi/ResolveNaturalIdEventListener
instanceKlass org/hibernate/event/spi/LoadEventListener
instanceKlass org/hibernate/event/spi/EventType
instanceKlass org/hibernate/jpa/event/internal/CallbackRegistryImpl
instanceKlass org/hibernate/jpa/event/internal/CallbackRegistryImplementor
instanceKlass org/hibernate/jpa/event/spi/CallbackBuilder$CallbackRegistrar
instanceKlass org/hibernate/jpa/event/spi/CallbackRegistry
instanceKlass org/hibernate/jpa/event/internal/CallbacksFactory
instanceKlass org/hibernate/event/service/internal/EventListenerRegistryImpl
instanceKlass org/hibernate/engine/query/spi/NativeQueryInterpreter
instanceKlass org/hibernate/cache/spi/CacheImplementor
instanceKlass org/hibernate/engine/spi/CacheImplementor
instanceKlass org/hibernate/Cache
instanceKlass javax/persistence/Cache
instanceKlass org/hibernate/stat/spi/StatisticsImplementor
instanceKlass org/hibernate/stat/Statistics
instanceKlass org/hibernate/event/service/spi/EventListenerRegistry
instanceKlass org/hibernate/service/spi/SessionFactoryServiceInitiatorContext
instanceKlass org/hibernate/service/spi/SessionFactoryServiceContributor
instanceKlass org/hibernate/engine/query/spi/NativeQueryInterpreterInitiator
instanceKlass org/hibernate/engine/spi/CacheInitiator
instanceKlass org/hibernate/stat/internal/StatisticsInitiator
instanceKlass org/hibernate/event/service/internal/EventListenerServiceInitiator
instanceKlass org/hibernate/service/spi/SessionFactoryServiceInitiator
instanceKlass org/hibernate/service/internal/StandardSessionFactoryServiceInitiators
instanceKlass org/hibernate/service/internal/SessionFactoryServiceRegistryBuilderImpl
instanceKlass org/hibernate/service/spi/SessionFactoryServiceRegistryBuilder
instanceKlass org/hibernate/service/spi/SessionFactoryServiceRegistry
instanceKlass org/hibernate/service/internal/SessionFactoryServiceRegistryFactoryImpl
instanceKlass org/hibernate/cfg/Settings
instanceKlass org/hibernate/internal/SessionFactoryObserverChain
instanceKlass org/hibernate/jpa/internal/JpaComplianceImpl
instanceKlass org/hibernate/jpa/internal/JpaComplianceImpl$JpaComplianceBuilder
instanceKlass org/hibernate/internal/SessionFactoryImpl
instanceKlass org/hibernate/bytecode/internal/SessionFactoryObserverForBytecodeEnhancer
instanceKlass org/hibernate/bytecode/enhance/spi/Enhancer
instanceKlass org/hibernate/bytecode/enhance/spi/EnhancementContext
instanceKlass org/hibernate/bytecode/spi/ReflectionOptimizer
instanceKlass org/hibernate/jpa/boot/internal/EntityManagerFactoryBuilderImpl$JpaEntityNotFoundDelegate
instanceKlass org/hibernate/jpa/boot/internal/EntityManagerFactoryBuilderImpl$ServiceRegistryCloser
instanceKlass org/hibernate/boot/spi/SessionFactoryBuilderFactory
instanceKlass org/hibernate/hql/spi/id/IdTableSupportStandardImpl
instanceKlass org/hibernate/context/spi/CurrentTenantIdentifierResolver
instanceKlass org/hibernate/boot/internal/StandardEntityNotFoundDelegate
instanceKlass org/hibernate/proxy/EntityNotFoundDelegate
instanceKlass org/hibernate/boot/internal/DefaultCustomEntityDirtinessStrategy
instanceKlass org/hibernate/CustomEntityDirtinessStrategy
instanceKlass org/hibernate/cfg/BaselineSessionEventsListenerBuilder
instanceKlass org/hibernate/resource/jdbc/spi/StatementInspector
instanceKlass org/hibernate/Interceptor
instanceKlass org/hibernate/tuple/entity/AbstractEntityTuplizer
instanceKlass org/hibernate/tuple/entity/EntityTuplizer
instanceKlass org/hibernate/tuple/Tuplizer
instanceKlass org/hibernate/tuple/entity/EntityMetamodel
instanceKlass org/hibernate/tuple/entity/EntityTuplizerFactory
instanceKlass org/hibernate/boot/internal/SessionFactoryOptionsBuilder
instanceKlass org/hibernate/boot/internal/SessionFactoryBuilderImpl
instanceKlass org/hibernate/boot/spi/SessionFactoryBuilderImplementor
instanceKlass org/hibernate/boot/SessionFactoryBuilder
instanceKlass org/hibernate/boot/internal/MetadataImpl
instanceKlass org/hibernate/internal/util/collections/SingletonIterator
instanceKlass org/hibernate/boot/spi/AdditionalJaxbMappingProducer
instanceKlass org/hibernate/boot/model/naming/NamingHelper$2
instanceKlass org/hibernate/boot/internal/InFlightMetadataCollectorImpl$2
instanceKlass org/hibernate/boot/model/naming/ImplicitUniqueKeyNameSource
instanceKlass org/hibernate/boot/model/naming/NamingHelper$1
instanceKlass org/hibernate/boot/model/naming/NamingHelper
instanceKlass org/hibernate/boot/internal/InFlightMetadataCollectorImpl$1
instanceKlass org/hibernate/boot/model/naming/ImplicitForeignKeyNameSource
instanceKlass org/hibernate/boot/model/naming/ImplicitConstraintNameSource
instanceKlass org/hibernate/annotations/WhereJoinTable
instanceKlass org/hibernate/annotations/FilterJoinTables
instanceKlass org/hibernate/annotations/FilterJoinTable
instanceKlass org/hibernate/mapping/OneToMany
instanceKlass org/hibernate/internal/util/collections/JoinedIterator
instanceKlass org/hibernate/mapping/Constraint
instanceKlass org/hibernate/mapping/Table$ForeignKeyKey
instanceKlass org/hibernate/mapping/Formula
instanceKlass org/hibernate/boot/spi/MetadataContributor
instanceKlass com/elikya/apps/rhoe/desk/model/entity/SaleLign$SaleLignBuilder
instanceKlass com/elikya/apps/rhoe/desk/model/entity/Sale$SaleBuilder
instanceKlass com/elikya/apps/rhoe/desk/model/entity/Provider$ProviderBuilder
instanceKlass com/elikya/apps/rhoe/desk/model/entity/ProductLog$ProductLogBuilder
instanceKlass org/hibernate/cfg/AnnotationBinder$2
instanceKlass org/hibernate/annotations/ForeignKey
instanceKlass org/hibernate/annotations/LazyToOne
instanceKlass org/hibernate/cfg/ToOneBinder
instanceKlass javax/persistence/ForeignKey
instanceKlass com/elikya/apps/rhoe/desk/model/entity/Product$ProductBuilder
instanceKlass org/hibernate/cfg/UniqueConstraintHolder
instanceKlass org/hibernate/annotations/Tables
instanceKlass org/hibernate/annotations/Table
instanceKlass org/hibernate/boot/internal/InFlightMetadataCollectorImpl$$Lambda$674
instanceKlass org/hibernate/boot/model/source/internal/ImplicitColumnNamingSecondPass
instanceKlass org/hibernate/cfg/CollectionSecondPass
instanceKlass org/hibernate/annotations/Fetch
instanceKlass org/hibernate/annotations/LazyCollection
instanceKlass javax/persistence/CollectionTable
instanceKlass javax/persistence/JoinTable
instanceKlass javax/persistence/MapKeyJoinColumn
instanceKlass javax/persistence/MapKeyJoinColumns
instanceKlass javax/persistence/MapKeyColumn
instanceKlass org/hibernate/cfg/WrappedInferredData
instanceKlass org/hibernate/annotations/NotFound
instanceKlass org/hibernate/annotations/Cascade
instanceKlass org/hibernate/annotations/SortComparator
instanceKlass org/hibernate/annotations/SortNatural
instanceKlass org/hibernate/annotations/Sort
instanceKlass org/hibernate/annotations/OrderBy
instanceKlass javax/persistence/OrderBy
instanceKlass javax/persistence/MapKey
instanceKlass org/hibernate/annotations/CollectionType
instanceKlass org/hibernate/annotations/CollectionId
instanceKlass org/hibernate/cfg/annotations/CollectionBinder
instanceKlass org/hibernate/annotations/MapKeyType
instanceKlass org/hibernate/annotations/IndexColumn
instanceKlass javax/persistence/OrderColumn
instanceKlass org/hibernate/annotations/Index
instanceKlass org/hibernate/boot/internal/IdGeneratorInterpreterImpl$1
instanceKlass org/hibernate/cfg/AnnotationBinder$1
instanceKlass org/hibernate/boot/model/IdGeneratorStrategyInterpreter$GeneratorNameDeterminationContext
instanceKlass org/hibernate/annotations/OptimisticLock
instanceKlass org/hibernate/mapping/Collection
instanceKlass org/hibernate/mapping/Fetchable
instanceKlass org/hibernate/annotations/NaturalId
instanceKlass org/hibernate/annotations/AttributeAccessor
instanceKlass org/hibernate/cfg/annotations/PropertyBinder$NoValueGeneration
instanceKlass org/hibernate/tuple/ValueGeneration
instanceKlass org/hibernate/annotations/ValueGenerationType
instanceKlass org/hibernate/mapping/Property
instanceKlass org/hibernate/boot/internal/InFlightMetadataCollectorImpl$TableColumnNameBinding
instanceKlass org/hibernate/cfg/Ejb3Column$2
instanceKlass org/hibernate/mapping/SimpleValue
instanceKlass org/hibernate/mapping/KeyValue
instanceKlass org/hibernate/mapping/Value
instanceKlass javax/persistence/Enumerated
instanceKlass javax/persistence/Lob
instanceKlass javax/persistence/Temporal
instanceKlass org/hibernate/annotations/Type
instanceKlass org/hibernate/annotations/Nationalized
instanceKlass org/hibernate/boot/model/convert/internal/AttributeConverterManager$$Lambda$673
instanceKlass org/hibernate/boot/model/convert/spi/AutoApplicableConverterDescriptor
instanceKlass org/hibernate/cfg/annotations/SimpleValueBinder
instanceKlass javax/persistence/Basic
instanceKlass javax/persistence/Embedded
instanceKlass org/hibernate/annotations/ManyToAny
instanceKlass javax/persistence/Version
instanceKlass org/hibernate/annotations/LazyGroup
instanceKlass org/hibernate/cfg/annotations/PropertyBinder
instanceKlass org/hibernate/cfg/Ejb3Column$1
instanceKlass org/hibernate/boot/model/naming/ImplicitBasicColumnNameSource
instanceKlass org/hibernate/boot/model/naming/ImplicitNameSource
instanceKlass org/hibernate/boot/model/source/spi/AbstractAttributeKey
instanceKlass org/hibernate/annotations/ColumnTransformers
instanceKlass org/hibernate/annotations/ColumnTransformer
instanceKlass org/hibernate/annotations/ColumnDefault
instanceKlass org/hibernate/annotations/Target
instanceKlass javax/persistence/ManyToMany
instanceKlass org/hibernate/annotations/Any
instanceKlass javax/persistence/ElementCollection
instanceKlass org/hibernate/annotations/Columns
instanceKlass org/hibernate/annotations/Formula
instanceKlass org/hibernate/annotations/JoinFormula
instanceKlass org/hibernate/annotations/JoinColumnsOrFormulas
instanceKlass org/hibernate/annotations/JoinColumnOrFormula
instanceKlass javax/persistence/JoinColumns
instanceKlass javax/persistence/JoinColumn
instanceKlass org/hibernate/cfg/ColumnsBuilder
instanceKlass org/hibernate/annotations/Parent
instanceKlass javax/persistence/IdClass
instanceKlass org/hibernate/cfg/InheritanceState$ElementsToProcess
instanceKlass javax/persistence/OneToOne
instanceKlass javax/persistence/ManyToOne
instanceKlass javax/persistence/MapsId
instanceKlass org/hibernate/cfg/PropertyInferredData
instanceKlass org/hibernate/cfg/PropertyData
instanceKlass javax/persistence/OneToMany
instanceKlass javax/persistence/Column
instanceKlass javax/persistence/Transient
instanceKlass org/hibernate/annotations/AccessType
instanceKlass org/hibernate/cfg/PropertyContainer
instanceKlass javax/persistence/GeneratedValue
instanceKlass javax/persistence/Id
instanceKlass javax/persistence/EmbeddedId
instanceKlass org/hibernate/annotations/common/reflection/java/JavaXType
instanceKlass org/hibernate/annotations/common/reflection/java/generics/ApproximatingTypeEnvironment
instanceKlass org/hibernate/annotations/common/reflection/XProperty
instanceKlass org/hibernate/annotations/common/reflection/XMember
instanceKlass org/hibernate/annotations/common/reflection/java/generics/TypeUtils
instanceKlass org/hibernate/annotations/common/reflection/ReflectionUtil
instanceKlass com/elikya/apps/rhoe/desk/model/entity/Category$CategoryBuilder
instanceKlass org/hibernate/annotations/common/reflection/XClass$1
instanceKlass org/hibernate/annotations/common/reflection/Filter
instanceKlass javax/persistence/Access
instanceKlass org/hibernate/annotations/GenericGenerator
instanceKlass org/hibernate/annotations/OnDelete
instanceKlass javax/persistence/SecondaryTables
instanceKlass javax/persistence/SecondaryTable
instanceKlass javax/persistence/Converts
instanceKlass javax/persistence/Convert
instanceKlass javax/persistence/AssociationOverrides
instanceKlass javax/persistence/AssociationOverride
instanceKlass javax/persistence/AttributeOverrides
instanceKlass javax/persistence/AttributeOverride
instanceKlass org/hibernate/cfg/AbstractPropertyHolder
instanceKlass org/hibernate/cfg/PropertyHolder
instanceKlass org/hibernate/cfg/PropertyHolderBuilder
instanceKlass org/hibernate/boot/internal/InFlightMetadataCollectorImpl$EntityTableXrefImpl
instanceKlass org/hibernate/boot/spi/InFlightMetadataCollector$EntityTableXref
instanceKlass org/hibernate/annotations/RowId
instanceKlass org/hibernate/mapping/Table
instanceKlass org/hibernate/mapping/RelationalModel
instanceKlass org/hibernate/cfg/annotations/EntityBinder$EntityTableNamingStrategyHelper
instanceKlass org/hibernate/annotations/Check
instanceKlass javax/persistence/NamedEntityGraphs
instanceKlass javax/persistence/NamedEntityGraph
instanceKlass org/hibernate/annotations/Tuplizer
instanceKlass org/hibernate/annotations/Tuplizers
instanceKlass org/hibernate/annotations/Subselect
instanceKlass org/hibernate/annotations/Synchronize
instanceKlass org/hibernate/annotations/Loader
instanceKlass org/hibernate/annotations/SQLDeleteAll
instanceKlass org/hibernate/annotations/SQLDelete
instanceKlass org/hibernate/annotations/SQLUpdate
instanceKlass org/hibernate/annotations/SQLInsert
instanceKlass org/hibernate/annotations/Persister
instanceKlass org/hibernate/annotations/Filter
instanceKlass org/hibernate/annotations/Filters
instanceKlass org/hibernate/annotations/NaturalIdCache
instanceKlass org/hibernate/cfg/annotations/EntityBinder$1
instanceKlass org/hibernate/cfg/annotations/EntityBinder$LocalCacheAnnotationStub
instanceKlass javax/persistence/Cacheable
instanceKlass org/hibernate/annotations/Cache
instanceKlass org/hibernate/annotations/Where
instanceKlass org/hibernate/annotations/BatchSize
instanceKlass org/hibernate/annotations/Proxy
instanceKlass org/hibernate/annotations/DiscriminatorOptions
instanceKlass javax/persistence/DiscriminatorValue
instanceKlass org/hibernate/mapping/Column
instanceKlass org/hibernate/mapping/Selectable
instanceKlass org/hibernate/cfg/Ejb3Column
instanceKlass org/hibernate/annotations/DiscriminatorFormula
instanceKlass javax/persistence/DiscriminatorColumn
instanceKlass javax/persistence/PrimaryKeyJoinColumn
instanceKlass javax/persistence/PrimaryKeyJoinColumns
instanceKlass org/hibernate/cfg/annotations/TableBinder
instanceKlass org/hibernate/annotations/AnyMetaDefs
instanceKlass org/hibernate/annotations/AnyMetaDef
instanceKlass org/hibernate/annotations/FetchProfiles
instanceKlass org/hibernate/annotations/FetchProfile
instanceKlass org/hibernate/annotations/TypeDefs
instanceKlass org/hibernate/annotations/TypeDef
instanceKlass org/hibernate/annotations/FilterDefs
instanceKlass org/hibernate/annotations/FilterDef
instanceKlass org/hibernate/annotations/NamedNativeQueries
instanceKlass javax/persistence/NamedNativeQueries
instanceKlass org/hibernate/annotations/NamedNativeQuery
instanceKlass org/hibernate/annotations/NamedQueries
instanceKlass javax/persistence/NamedQueries
instanceKlass org/hibernate/annotations/NamedQuery
instanceKlass javax/persistence/SqlResultSetMappings
instanceKlass org/hibernate/cfg/SecondaryTableSecondPass
instanceKlass org/hibernate/cfg/CreateKeySecondPass
instanceKlass org/hibernate/cfg/FkSecondPass
instanceKlass org/hibernate/cfg/CopyIdentifierComponentSecondPass
instanceKlass org/hibernate/cfg/SetSimpleValueTypeSecondPass
instanceKlass org/hibernate/cfg/PkDrivenByDefaultMapsIdSecondPass
instanceKlass org/hibernate/cfg/IdGeneratorResolverSecondPass
instanceKlass org/hibernate/cfg/annotations/ResultsetMappingSecondPass
instanceKlass org/hibernate/cfg/QuerySecondPass
instanceKlass org/hibernate/cfg/SecondPass
instanceKlass org/hibernate/cfg/annotations/QueryBinder
instanceKlass org/hibernate/annotations/Polymorphism
instanceKlass org/hibernate/annotations/OptimisticLocking
instanceKlass org/hibernate/annotations/SelectBeforeUpdate
instanceKlass org/hibernate/annotations/DynamicUpdate
instanceKlass org/hibernate/annotations/DynamicInsert
instanceKlass org/hibernate/cfg/BinderHelper
instanceKlass org/hibernate/cfg/annotations/EntityBinder$SecondaryTableNamingStrategyHelper
instanceKlass org/hibernate/boot/model/naming/NamingStrategyHelper
instanceKlass org/hibernate/cfg/annotations/EntityBinder
instanceKlass org/hibernate/annotations/Entity
instanceKlass org/hibernate/sql/Alias
instanceKlass org/hibernate/mapping/PersistentClass
instanceKlass org/hibernate/mapping/MetaAttributable
instanceKlass org/hibernate/mapping/Filterable
instanceKlass org/hibernate/mapping/AttributeContainer
instanceKlass org/hibernate/mapping/TableOwner
instanceKlass javax/persistence/Inheritance
instanceKlass org/hibernate/cfg/InheritanceState
instanceKlass org/hibernate/annotations/common/reflection/java/generics/CompoundTypeEnvironment
instanceKlass javax/persistence/NamedStoredProcedureQueries
instanceKlass javax/persistence/NamedStoredProcedureQuery
instanceKlass javax/persistence/SqlResultSetMapping
instanceKlass javax/persistence/NamedNativeQuery
instanceKlass javax/persistence/NamedQuery
instanceKlass javax/persistence/SequenceGenerators
instanceKlass javax/persistence/TableGenerators
instanceKlass javax/persistence/TableGenerator
instanceKlass javax/persistence/SequenceGenerator
instanceKlass org/hibernate/cfg/AnnotationBinder
instanceKlass javax/persistence/EntityListeners
instanceKlass org/hibernate/cfg/annotations/reflection/XMLContext$Default
instanceKlass org/hibernate/boot/model/source/internal/annotations/AnnotationMetadataSourceProcessorImpl$1
instanceKlass org/hibernate/boot/spi/JpaOrmXmlPersistenceUnitDefaultAware$JpaOrmXmlPersistenceUnitDefaults
instanceKlass org/hibernate/annotations/common/reflection/java/JavaAnnotationReader
instanceKlass org/hibernate/annotations/common/reflection/AnnotationReader
instanceKlass org/hibernate/annotations/common/reflection/java/JavaXAnnotatedElement
instanceKlass org/hibernate/annotations/common/reflection/XClass
instanceKlass org/hibernate/annotations/common/reflection/XAnnotatedElement
instanceKlass org/hibernate/annotations/common/reflection/java/Pair
instanceKlass org/hibernate/annotations/common/reflection/java/generics/TypeSwitch
instanceKlass org/hibernate/annotations/common/reflection/java/generics/IdentityTypeEnvironment
instanceKlass org/hibernate/annotations/common/reflection/java/generics/TypeEnvironment
instanceKlass org/hibernate/boot/model/source/internal/annotations/AnnotationMetadataSourceProcessorImpl$AttributeConverterManager
instanceKlass org/hibernate/cfg/annotations/reflection/AttributeConverterDefinitionCollector
instanceKlass org/hibernate/boot/model/source/internal/annotations/AnnotationMetadataSourceProcessorImpl
instanceKlass org/hibernate/boot/model/source/internal/hbm/RelationalObjectBinder
instanceKlass org/hibernate/boot/model/source/internal/hbm/ModelBinder
instanceKlass org/hibernate/boot/model/source/internal/hbm/EntityHierarchyBuilder
instanceKlass org/hibernate/boot/model/source/internal/hbm/HbmMetadataSourceProcessorImpl
instanceKlass org/hibernate/boot/model/process/spi/MetadataBuildingProcess$1
instanceKlass org/hibernate/boot/model/source/spi/MetadataSourceProcessor
instanceKlass org/hibernate/boot/model/naming/ObjectNameNormalizer
instanceKlass org/hibernate/boot/internal/MetadataBuildingContextRootImpl
instanceKlass org/hibernate/boot/spi/MetadataBuildingContext
instanceKlass org/hibernate/boot/model/TypeContributor
instanceKlass org/hibernate/boot/model/process/spi/MetadataBuildingProcess$2
instanceKlass org/hibernate/boot/internal/InFlightMetadataCollectorImpl$$Lambda$672
instanceKlass org/hibernate/boot/model/relational/AuxiliaryDatabaseObject
instanceKlass org/hibernate/boot/model/relational/Exportable
instanceKlass org/hibernate/boot/model/relational/Namespace$ComparableHelper
instanceKlass org/hibernate/boot/model/relational/Namespace
instanceKlass org/hibernate/boot/model/relational/Namespace$Name
instanceKlass org/hibernate/engine/jdbc/internal/ResultSetWrapperImpl
instanceKlass org/hibernate/engine/jdbc/spi/ResultSetWrapper
instanceKlass org/hibernate/engine/jdbc/spi/SqlStatementLogger
instanceKlass org/hibernate/engine/jdbc/LobCreator
instanceKlass org/hibernate/engine/jdbc/internal/JdbcServicesImpl
instanceKlass org/hibernate/boot/model/relational/Database
instanceKlass com/zaxxer/hikari/pool/ProxyConnection$ClosedConnection$$Lambda$671
instanceKlass com/zaxxer/hikari/pool/ProxyConnection$ClosedConnection
instanceKlass com/mysql/cj/protocol/WatchableStream
instanceKlass com/mysql/cj/jdbc/Clob
instanceKlass com/mysql/cj/protocol/WriterWatcher
instanceKlass com/mysql/cj/protocol/OutputStreamWatcher
instanceKlass org/hibernate/engine/jdbc/env/internal/LobCreatorBuilderImpl
instanceKlass org/hibernate/engine/jdbc/env/spi/LobCreatorBuilder
instanceKlass org/hibernate/engine/jdbc/env/internal/QualifiedObjectNameFormatterStandardImpl$CatalogNameFormat
instanceKlass org/hibernate/engine/jdbc/env/internal/QualifiedObjectNameFormatterStandardImpl$Format
instanceKlass org/hibernate/engine/jdbc/env/internal/QualifiedObjectNameFormatterStandardImpl$1
instanceKlass org/hibernate/engine/jdbc/env/internal/QualifiedObjectNameFormatterStandardImpl
instanceKlass org/hibernate/engine/jdbc/env/spi/QualifiedObjectNameFormatter
instanceKlass org/hibernate/boot/model/naming/Identifier
instanceKlass org/hibernate/engine/jdbc/env/internal/ExtractedDatabaseMetaDataImpl
instanceKlass org/hibernate/engine/jdbc/env/spi/ExtractedDatabaseMetaData
instanceKlass org/hibernate/tool/schema/extract/spi/ExtractionContext$EmptyExtractionContext
instanceKlass org/hibernate/tool/schema/extract/spi/ExtractionContext
instanceKlass org/hibernate/tool/schema/extract/internal/SequenceInformationExtractorNoOpImpl
instanceKlass org/hibernate/tool/schema/extract/spi/SequenceInformationExtractor
instanceKlass org/hibernate/engine/jdbc/env/internal/DefaultSchemaNameResolver$SchemaNameResolverJava17Delegate
instanceKlass java/sql/Struct
instanceKlass java/sql/Array
instanceKlass java/sql/SQLXML
instanceKlass java/sql/Savepoint
instanceKlass java/sql/CallableStatement
instanceKlass java/sql/PreparedStatement
instanceKlass org/hibernate/engine/jdbc/env/internal/DefaultSchemaNameResolver
instanceKlass org/hibernate/engine/jdbc/env/spi/SchemaNameResolver
instanceKlass com/mysql/cj/protocol/result/AbstractResultsetRow$1
instanceKlass com/zaxxer/hikari/pool/ProxyResultSet
instanceKlass com/zaxxer/hikari/pool/ProxyStatement
instanceKlass com/mysql/cj/jdbc/DatabaseMetaData$11
instanceKlass org/hibernate/engine/jdbc/spi/TypeInfo
instanceKlass org/hibernate/engine/jdbc/cursor/internal/StandardRefCursorSupport
instanceKlass org/hibernate/engine/jdbc/env/internal/ExtractedDatabaseMetaDataImpl$Builder
instanceKlass org/hibernate/engine/jdbc/env/internal/NormalizingIdentifierHelperImpl
instanceKlass org/hibernate/engine/jdbc/env/spi/IdentifierHelper
instanceKlass org/hibernate/engine/jdbc/env/spi/AnsiSqlKeywords
instanceKlass java/util/regex/Pattern$1MatcherIterator
instanceKlass org/hibernate/boot/model/source/internal/hbm/CommaSeparatedStringHelper
instanceKlass org/hibernate/internal/util/collections/ArrayHelper
instanceKlass org/hibernate/engine/jdbc/env/spi/IdentifierHelperBuilder
instanceKlass org/hibernate/engine/jdbc/spi/SqlExceptionHelper$WarningHandlerLoggingSupport
instanceKlass org/hibernate/engine/jdbc/spi/SqlExceptionHelper$WarningHandler
instanceKlass org/hibernate/exception/internal/SQLStateConverter$1
instanceKlass org/hibernate/engine/jdbc/spi/SqlExceptionHelper$1
instanceKlass org/hibernate/engine/jdbc/spi/SqlExceptionHelper
instanceKlass org/hibernate/exception/spi/AbstractSQLExceptionConversionDelegate
instanceKlass org/hibernate/dialect/MySQLDialect$3
instanceKlass org/hibernate/exception/spi/SQLExceptionConversionDelegate
instanceKlass org/hibernate/exception/internal/StandardSQLExceptionConverter
instanceKlass org/hibernate/exception/spi/SQLExceptionConverter
instanceKlass org/hibernate/engine/jdbc/env/internal/JdbcEnvironmentImpl
instanceKlass org/hibernate/dialect/function/NoArgSQLFunction
instanceKlass org/hibernate/dialect/MyISAMStorageEngine
instanceKlass org/hibernate/dialect/MySQLStorageEngine
instanceKlass org/hibernate/dialect/unique/DefaultUniqueDelegate
instanceKlass org/hibernate/dialect/unique/UniqueDelegate
instanceKlass org/hibernate/dialect/function/CastFunction
instanceKlass org/hibernate/dialect/function/TemplateRenderer
instanceKlass org/hibernate/dialect/function/SQLFunctionTemplate
instanceKlass org/hibernate/type/StandardBasicTypes
instanceKlass org/hibernate/dialect/function/StandardSQLFunction
instanceKlass org/hibernate/dialect/function/SQLFunction
instanceKlass org/hibernate/dialect/function/StandardAnsiSqlAggregationFunctions
instanceKlass org/hibernate/dialect/Dialect$5
instanceKlass org/hibernate/loader/BatchLoadSizingStrategy
instanceKlass org/hibernate/tool/schema/internal/StandardAuxiliaryDatabaseObjectExporter
instanceKlass org/hibernate/tool/schema/internal/StandardUniqueKeyExporter
instanceKlass org/hibernate/tool/schema/internal/StandardForeignKeyExporter
instanceKlass org/hibernate/tool/schema/internal/StandardIndexExporter
instanceKlass org/hibernate/tool/schema/internal/StandardSequenceExporter
instanceKlass org/hibernate/tool/schema/internal/StandardTableExporter
instanceKlass org/hibernate/tool/schema/spi/Exporter
instanceKlass org/hibernate/dialect/TypeNames
instanceKlass org/hibernate/exception/spi/TemplatedViolatedConstraintNameExtracter
instanceKlass org/hibernate/dialect/pagination/AbstractLimitHandler
instanceKlass org/hibernate/dialect/pagination/LimitHandler
instanceKlass org/hibernate/dialect/Dialect$4
instanceKlass org/hibernate/exception/spi/ViolatedConstraintNameExtracter
instanceKlass org/hibernate/dialect/Dialect$3
instanceKlass org/hibernate/dialect/Dialect$2
instanceKlass org/hibernate/dialect/Dialect$1
instanceKlass org/hibernate/dialect/LobMergeStrategy
instanceKlass org/hibernate/annotations/common/util/StringHelper
instanceKlass org/hibernate/engine/jdbc/env/internal/JdbcEnvironmentInitiator$1
instanceKlass com/zaxxer/hikari/pool/ProxyDatabaseMetaData
instanceKlass com/zaxxer/hikari/pool/ProxyConnection
instanceKlass com/zaxxer/hikari/pool/ProxyFactory
instanceKlass com/zaxxer/hikari/pool/ProxyLeakTask
instanceKlass com/zaxxer/hikari/pool/HikariPool$HouseKeeper
instanceKlass com/zaxxer/hikari/pool/ProxyLeakTaskFactory
instanceKlass java/util/concurrent/ThreadPoolExecutor$CallerRunsPolicy
instanceKlass com/zaxxer/hikari/pool/PoolBase$NopMetricsTrackerDelegate
instanceKlass com/zaxxer/hikari/pool/PoolBase$IMetricsTrackerDelegate
instanceKlass com/zaxxer/hikari/pool/HikariPool$$Lambda$670
instanceKlass java/sql/Statement
instanceKlass com/mysql/cj/jdbc/ConnectionImpl$NetworkTimeoutSetter
instanceKlass com/mysql/cj/protocol/NetworkResources
instanceKlass com/mysql/cj/jdbc/ConnectionImpl$$Lambda$669
instanceKlass com/mysql/cj/WarningListener
instanceKlass com/mysql/cj/jdbc/result/ResultSetInternalMethods
instanceKlass com/mysql/cj/protocol/ResultsetRowsOwner
instanceKlass java/sql/ResultSet
instanceKlass java/io/Console
instanceKlass com/mysql/cj/util/TimeUtil
instanceKlass com/mysql/cj/LicenseConfiguration
instanceKlass com/mysql/cj/result/DefaultValueFactory
instanceKlass com/mysql/cj/result/StringValueFactory
instanceKlass com/mysql/cj/result/ValueFactory
instanceKlass com/mysql/cj/protocol/a/result/NativeResultset
instanceKlass com/mysql/cj/protocol/a/result/AbstractResultsetRows
instanceKlass com/mysql/cj/protocol/ResultsetRows
instanceKlass com/mysql/cj/result/RowList
instanceKlass com/mysql/cj/protocol/result/AbstractResultsetRow
instanceKlass com/mysql/cj/result/DefaultColumnDefinition$1
instanceKlass com/mysql/cj/protocol/a/MysqlTextValueDecoder
instanceKlass com/mysql/cj/protocol/ValueDecoder
instanceKlass com/mysql/cj/protocol/a/AbstractRowFactory
instanceKlass com/mysql/cj/result/DefaultColumnDefinition
instanceKlass com/mysql/cj/result/Field$1
instanceKlass com/mysql/cj/protocol/a/ColumnDefinitionReader$1
instanceKlass java/sql/SQLType
instanceKlass com/mysql/cj/util/LazyString
instanceKlass com/mysql/cj/result/Field
instanceKlass com/mysql/cj/protocol/a/ColumnDefinitionFactory
instanceKlass com/mysql/cj/protocol/a/ResultsetFactory
instanceKlass com/mysql/cj/protocol/a/MultiPacketReader
instanceKlass com/mysql/cj/protocol/a/TimeTrackingPacketReader
instanceKlass com/mysql/cj/protocol/a/TimeTrackingPacketSender
instanceKlass com/mysql/cj/protocol/a/result/OkPacket
instanceKlass com/mysql/cj/protocol/Security
instanceKlass sun/security/ssl/HandshakerHelper
instanceKlass java/lang/StrictMath
instanceKlass javax/crypto/spec/IvParameterSpec
instanceKlass sun/security/ssl/CipherBox$1
instanceKlass javax/crypto/MacSpi
instanceKlass javax/crypto/Mac
instanceKlass com/sun/crypto/provider/PKCS5Padding
instanceKlass com/sun/crypto/provider/Padding
instanceKlass com/sun/crypto/provider/FeedbackCipher
instanceKlass com/sun/crypto/provider/SymmetricCipher
instanceKlass com/sun/crypto/provider/AESConstants
instanceKlass com/sun/crypto/provider/CipherCore
instanceKlass javax/crypto/CipherSpi
instanceKlass javax/crypto/Cipher$Transform
instanceKlass sun/security/internal/spec/TlsPrfParameterSpec
instanceKlass sun/security/internal/spec/TlsKeyMaterialSpec
instanceKlass sun/security/internal/spec/TlsKeyMaterialParameterSpec
instanceKlass com/sun/crypto/provider/TlsMasterSecretGenerator$TlsMasterSecretKey
instanceKlass sun/security/internal/interfaces/TlsMasterSecret
instanceKlass sun/security/internal/spec/TlsMasterSecretParameterSpec
instanceKlass sun/security/ec/ECDHKeyAgreement$$Lambda$668
instanceKlass javax/crypto/spec/SecretKeySpec
instanceKlass javax/crypto/KeyAgreementSpi
instanceKlass sun/security/ssl/HandshakeMessage$DistinguishedName
instanceKlass java/security/KeyPair
instanceKlass sun/security/util/ArrayUtil
instanceKlass java/security/interfaces/ECPrivateKey
instanceKlass sun/security/ec/point/MutablePoint
instanceKlass sun/security/util/math/MutableIntegerModuloP
instanceKlass sun/security/ec/point/AffinePoint
instanceKlass sun/security/ec/point/ProjectivePoint
instanceKlass sun/security/ec/point/ImmutablePoint
instanceKlass sun/security/ec/point/Point
instanceKlass sun/security/util/math/intpoly/IntegerPolynomial$Limb
instanceKlass sun/security/util/math/SmallValue
instanceKlass sun/security/util/math/intpoly/IntegerPolynomial$Element
instanceKlass sun/security/util/math/ImmutableIntegerModuloP
instanceKlass sun/security/util/math/IntegerModuloP
instanceKlass sun/security/util/math/intpoly/IntegerPolynomial
instanceKlass sun/security/util/math/IntegerFieldModuloP
instanceKlass sun/security/ec/ECOperations
instanceKlass sun/security/ssl/ECDHCrypt
instanceKlass java/security/spec/ECPublicKeySpec
instanceKlass sun/security/ssl/ClientHandshaker$2
instanceKlass sun/security/provider/certpath/PKIX
instanceKlass sun/security/ssl/SSLAlgorithmConstraints$SupportedSignatureAlgorithmConstraints
instanceKlass sun/security/ssl/ExtensionType
instanceKlass sun/security/ssl/RandomCookie
instanceKlass sun/security/ssl/HelloExtensions
instanceKlass sun/security/ssl/HandshakeMessage
instanceKlass sun/security/ssl/HandshakeHash
instanceKlass sun/security/ssl/HelloExtension
instanceKlass com/mysql/cj/protocol/ExportControlled$$Lambda$667
instanceKlass com/mysql/cj/protocol/ExportControlled$$Lambda$666
instanceKlass com/mysql/cj/protocol/ExportControlled$$Lambda$665
instanceKlass javax/net/ssl/SSLParameters
instanceKlass sun/security/ssl/HandshakeStateManager
instanceKlass javax/crypto/KeyGeneratorSpi
instanceKlass javax/crypto/KeyGenerator
instanceKlass sun/security/ssl/Handshaker
instanceKlass sun/security/ssl/Record
instanceKlass sun/security/ssl/Authenticator
instanceKlass sun/security/ssl/CipherBox
instanceKlass sun/security/smartcardio/SunPCSC$1
instanceKlass org/jcp/xml/dsig/internal/dom/XMLDSigRI$1
instanceKlass com/sun/security/sasl/Provider$1
instanceKlass sun/security/jgss/SunProvider$1
instanceKlass com/sun/crypto/provider/SunJCE$1
instanceKlass sun/security/ssl/SignatureAndHashAlgorithm
instanceKlass sun/security/ssl/SessionId
instanceKlass javax/net/ssl/ExtendedSSLSession
instanceKlass javax/net/ssl/SSLSession
instanceKlass sun/security/ssl/Utilities
instanceKlass javax/net/SocketFactory
instanceKlass javax/net/ssl/X509ExtendedKeyManager
instanceKlass javax/net/ssl/X509KeyManager
instanceKlass javax/net/ssl/KeyManager
instanceKlass sun/security/ssl/SSLSessionContextImpl$1
instanceKlass sun/security/ssl/SSLSessionContextImpl
instanceKlass javax/net/ssl/SSLSessionContext
instanceKlass sun/security/ssl/EphemeralKeyManager$EphemeralKeyPair
instanceKlass sun/security/ssl/EphemeralKeyManager
instanceKlass sun/security/ssl/SSLContextImpl$CustomizedSSLProtocols
instanceKlass sun/security/ssl/CipherSuiteList
instanceKlass java/security/spec/ECGenParameterSpec
instanceKlass sun/security/util/ECKeySizeParameterSpec
instanceKlass sun/security/util/SecurityProviderConstants
instanceKlass java/security/KeyPairGeneratorSpi
instanceKlass sun/security/util/AnchorCertificates$1
instanceKlass sun/security/util/AnchorCertificates
instanceKlass java/security/cert/TrustAnchor
instanceKlass sun/security/x509/X509CertImpl$$Lambda$664
instanceKlass sun/security/util/UntrustedCertificates$1
instanceKlass sun/security/util/UntrustedCertificates
instanceKlass java/security/cert/PKIXCertPathChecker
instanceKlass java/security/cert/CertPathChecker
instanceKlass javax/crypto/JarVerifier$JarHolder
instanceKlass javax/crypto/JarVerifier$2
instanceKlass javax/crypto/JceSecurity$2
instanceKlass javax/crypto/KeyAgreement
instanceKlass sun/security/ssl/JsseJce$EcAvailability
instanceKlass sun/security/ssl/SSLAlgorithmDecomposer$1
instanceKlass sun/security/ssl/CipherSuite$MacAlg
instanceKlass javax/crypto/JceSecurityManager$1
instanceKlass java/security/spec/DSAParameterSpec
instanceKlass java/security/interfaces/DSAParams
instanceKlass java/security/interfaces/DSAPrivateKey
instanceKlass sun/nio/fs/UnixDirectoryStream$UnixDirectoryIterator
instanceKlass sun/nio/fs/UnixDirectoryStream
instanceKlass sun/nio/fs/UnixSecureDirectoryStream
instanceKlass java/nio/file/SecureDirectoryStream
instanceKlass java/nio/file/DirectoryStream
instanceKlass java/nio/file/Files$AcceptAllFilter
instanceKlass java/nio/file/DirectoryStream$Filter
instanceKlass java/net/NetworkInterface$2
instanceKlass java/net/DefaultInterface
instanceKlass java/net/InterfaceAddress
instanceKlass java/net/NetworkInterface$1
instanceKlass java/net/NetworkInterface
instanceKlass sun/security/validator/EndEntityChecker
instanceKlass sun/security/validator/Validator
instanceKlass sun/security/util/Pem
instanceKlass javax/crypto/JarVerifier$1
instanceKlass javax/crypto/JarVerifier
instanceKlass javax/crypto/CryptoPolicyParser$CryptoPermissionEntry
instanceKlass javax/crypto/CryptoPolicyParser$GrantEntry
instanceKlass javax/crypto/CryptoPolicyParser
instanceKlass java/nio/file/Paths
instanceKlass javax/crypto/JceSecurity$1
instanceKlass javax/crypto/JceSecurity
instanceKlass javax/crypto/Cipher
instanceKlass sun/security/krb5/Realm
instanceKlass sun/security/krb5/PrincipalName
instanceKlass sun/security/ssl/JsseJce$1
instanceKlass sun/security/ssl/JsseJce
instanceKlass sun/security/ssl/CipherSuite$BulkCipher
instanceKlass sun/security/ssl/CipherSuite
instanceKlass sun/security/ssl/SSLAlgorithmConstraints
instanceKlass sun/security/ssl/ProtocolVersion
instanceKlass sun/security/ssl/ProtocolList
instanceKlass javax/net/ssl/SSLContextSpi
instanceKlass javax/net/ssl/SSLContext
instanceKlass com/mysql/cj/protocol/ExportControlled$X509TrustManagerWrapper
instanceKlass javax/net/ssl/X509ExtendedTrustManager
instanceKlass javax/net/ssl/X509TrustManager
instanceKlass javax/net/ssl/TrustManager
instanceKlass sun/security/validator/TrustStoreUtil
instanceKlass sun/security/x509/AccessDescription
instanceKlass sun/security/x509/CertificatePolicyMap
instanceKlass sun/security/x509/DNSName
instanceKlass sun/security/x509/URIName
instanceKlass sun/security/x509/DistributionPoint
instanceKlass java/security/cert/PolicyQualifierInfo
instanceKlass sun/security/x509/CertificatePolicyId
instanceKlass sun/security/x509/PolicyInformation
instanceKlass sun/security/util/ECUtil
instanceKlass java/security/interfaces/ECPublicKey
instanceKlass java/security/interfaces/ECKey
instanceKlass sun/security/provider/JavaKeyStore$TrustedCertEntry
instanceKlass sun/security/action/OpenFileInputStreamAction
instanceKlass sun/security/provider/KeyStoreDelegator$1
instanceKlass java/security/KeyStoreSpi
instanceKlass java/security/KeyStore$1
instanceKlass java/security/KeyStore
instanceKlass sun/security/ssl/TrustStoreManager$TrustStoreDescriptor$1
instanceKlass sun/security/ssl/TrustStoreManager$TrustStoreDescriptor
instanceKlass sun/security/ssl/TrustStoreManager$TrustAnchorManager
instanceKlass sun/security/ssl/TrustStoreManager
instanceKlass javax/net/ssl/KeyManagerFactorySpi
instanceKlass javax/net/ssl/KeyManagerFactory$1
instanceKlass javax/net/ssl/KeyManagerFactory
instanceKlass sun/security/ssl/Debug
instanceKlass sun/security/ssl/SunJSSE$1
instanceKlass java/security/spec/ECFieldF2m
instanceKlass java/security/spec/ECParameterSpec
instanceKlass java/security/spec/AlgorithmParameterSpec
instanceKlass java/security/spec/ECPoint
instanceKlass java/security/spec/EllipticCurve
instanceKlass java/security/spec/ECFieldFp
instanceKlass java/security/spec/ECField
instanceKlass sun/security/ec/CurveDB
instanceKlass sun/security/ec/SunECEntries
instanceKlass sun/security/ec/SunEC$1
instanceKlass sun/security/util/ManifestEntryVerifier$SunProviderHolder
instanceKlass javax/net/ssl/TrustManagerFactorySpi
instanceKlass javax/net/ssl/TrustManagerFactory$1
instanceKlass javax/net/ssl/TrustManagerFactory
instanceKlass com/mysql/cj/protocol/ExportControlled$KeyStoreConf
instanceKlass com/mysql/cj/protocol/a/NativeUtils
instanceKlass com/mysql/cj/protocol/a/PacketSplitter
instanceKlass com/mysql/cj/Collation
instanceKlass sun/nio/cs/SingleByte
instanceKlass java/nio/charset/Charset$ExtendedProviderHolder$1
instanceKlass java/nio/charset/Charset$ExtendedProviderHolder
instanceKlass com/mysql/cj/MysqlCharset
instanceKlass com/mysql/cj/CharsetMapping
instanceKlass com/mysql/cj/protocol/ExportControlled$$Lambda$663
instanceKlass com/mysql/cj/protocol/ExportControlled$$Lambda$662
instanceKlass com/mysql/cj/protocol/ExportControlled$$Lambda$661
instanceKlass com/mysql/cj/protocol/ExportControlled$$Lambda$660
instanceKlass com/mysql/cj/protocol/ExportControlled
instanceKlass com/mysql/cj/protocol/a/authentication/MysqlOldPasswordPlugin
instanceKlass com/mysql/cj/protocol/a/authentication/Sha256PasswordPlugin
instanceKlass com/mysql/cj/protocol/a/authentication/MysqlClearPasswordPlugin
instanceKlass com/mysql/cj/protocol/a/authentication/MysqlNativePasswordPlugin
instanceKlass com/mysql/cj/protocol/AuthenticationPlugin
instanceKlass com/mysql/cj/ServerVersion
instanceKlass com/mysql/cj/protocol/a/NativePacketPayload$1
instanceKlass com/mysql/cj/protocol/a/NativeCapabilities
instanceKlass com/mysql/cj/protocol/ServerCapabilities
instanceKlass com/mysql/cj/protocol/a/NativePacketHeader
instanceKlass com/mysql/cj/protocol/MessageHeader
instanceKlass com/mysql/cj/protocol/a/NativeServerSession
instanceKlass com/mysql/cj/protocol/ServerSession
instanceKlass com/mysql/cj/protocol/a/BinaryResultsetReader
instanceKlass com/mysql/cj/protocol/a/TextResultsetReader
instanceKlass com/mysql/cj/protocol/Resultset
instanceKlass com/mysql/cj/protocol/a/ResultsetRowReader
instanceKlass com/mysql/cj/protocol/ResultsetRow
instanceKlass com/mysql/cj/result/Row
instanceKlass com/mysql/cj/protocol/a/ColumnDefinitionReader
instanceKlass com/mysql/cj/protocol/ProtocolEntityReader
instanceKlass com/mysql/cj/protocol/ColumnDefinition
instanceKlass com/mysql/cj/protocol/ProtocolEntity
instanceKlass com/mysql/cj/protocol/a/NativeAuthenticationProvider
instanceKlass com/mysql/cj/protocol/AuthenticationProvider
instanceKlass com/mysql/cj/protocol/a/SimplePacketReader
instanceKlass com/mysql/cj/protocol/MessageReader
instanceKlass com/mysql/cj/protocol/a/SimplePacketSender
instanceKlass com/mysql/cj/protocol/MessageSender
instanceKlass com/mysql/cj/protocol/a/NativePacketPayload
instanceKlass com/mysql/cj/protocol/Message
instanceKlass com/mysql/cj/log/BaseMetricsHolder
instanceKlass com/mysql/cj/protocol/AbstractProtocol$2
instanceKlass com/mysql/cj/protocol/PacketReceivedTimeHolder
instanceKlass com/mysql/cj/protocol/AbstractProtocol$1
instanceKlass com/mysql/cj/protocol/PacketSentTimeHolder
instanceKlass com/mysql/cj/protocol/AbstractProtocol
instanceKlass com/mysql/cj/conf/RuntimeProperty$RuntimePropertyListener
instanceKlass com/mysql/cj/protocol/Protocol
instanceKlass com/mysql/cj/protocol/StandardSocketFactory
instanceKlass com/mysql/cj/protocol/SocketFactory
instanceKlass com/mysql/cj/protocol/SocketMetadata
instanceKlass com/mysql/cj/protocol/AbstractSocketConnection
instanceKlass com/mysql/cj/protocol/SocketConnection
instanceKlass com/mysql/cj/jdbc/ConnectionImpl$$Lambda$659
instanceKlass com/mysql/cj/NoSubInterceptorWrapper
instanceKlass com/mysql/cj/interceptors/QueryInterceptor
instanceKlass com/mysql/cj/jdbc/DatabaseMetaData
instanceKlass java/sql/DatabaseMetaData
instanceKlass com/mysql/cj/protocol/a/NativeMessageBuilder
instanceKlass com/mysql/cj/MessageBuilder
instanceKlass com/mysql/cj/log/LogFactory
instanceKlass com/mysql/cj/log/NullLogger
instanceKlass com/mysql/cj/CoreSession
instanceKlass com/mysql/cj/Session
instanceKlass com/mysql/cj/jdbc/result/ResultSetFactory
instanceKlass com/mysql/cj/protocol/ProtocolEntityFactory
instanceKlass com/mysql/cj/conf/AbstractRuntimeProperty
instanceKlass com/mysql/cj/conf/RuntimeProperty
instanceKlass com/mysql/cj/PerConnectionLRUFactory
instanceKlass com/mysql/cj/util/PerVmServerConfigCacheFactory
instanceKlass com/mysql/cj/CacheAdapterFactory
instanceKlass com/mysql/cj/conf/AbstractPropertyDefinition
instanceKlass com/mysql/cj/conf/PropertyDefinition
instanceKlass com/mysql/cj/conf/PropertyDefinitions
instanceKlass com/mysql/cj/conf/DefaultPropertySet
instanceKlass com/mysql/cj/jdbc/JdbcPropertySet
instanceKlass com/mysql/cj/conf/PropertySet
instanceKlass com/mysql/cj/conf/HostInfo$$Lambda$658
instanceKlass com/mysql/cj/log/StandardLogger
instanceKlass com/mysql/cj/log/Log
instanceKlass com/mysql/cj/jdbc/ConnectionImpl
instanceKlass com/mysql/cj/Session$SessionEventListener
instanceKlass com/mysql/cj/jdbc/JdbcConnection
instanceKlass com/mysql/cj/TransactionEventHandler
instanceKlass com/mysql/cj/MysqlConnection
instanceKlass com/mysql/cj/jdbc/NonRegisteringDriver$1
instanceKlass com/mysql/cj/conf/ConnectionUrl$$Lambda$657
instanceKlass com/mysql/cj/conf/ConnectionUrl$$Lambda$656
instanceKlass com/mysql/cj/conf/ConnectionUrl$$Lambda$655
instanceKlass com/mysql/cj/conf/ConnectionUrl$$Lambda$654
instanceKlass com/mysql/cj/conf/ConnectionUrl$$Lambda$653
instanceKlass java/math/MathContext
instanceKlass com/mysql/cj/Messages
instanceKlass com/mysql/cj/Constants
instanceKlass com/mysql/cj/util/Util
instanceKlass com/mysql/cj/conf/HostInfo
instanceKlass com/mysql/cj/conf/ConnectionUrlParser$Pair
instanceKlass java/util/stream/Collectors$$Lambda$652
instanceKlass java/util/stream/Collectors$$Lambda$651
instanceKlass java/util/stream/Collectors$$Lambda$650
instanceKlass java/util/stream/Collectors$$Lambda$649
instanceKlass com/mysql/cj/conf/ConnectionUrl$$Lambda$648
instanceKlass com/zaxxer/hikari/util/FastList
instanceKlass com/zaxxer/hikari/pool/PoolEntry
instanceKlass com/zaxxer/hikari/util/ConcurrentBag$IConcurrentBagEntry
instanceKlass com/zaxxer/hikari/util/ClockSource$NanosecondClockSource
instanceKlass com/zaxxer/hikari/util/ClockSource$Factory
instanceKlass com/zaxxer/hikari/util/ClockSource
instanceKlass java/util/concurrent/ThreadPoolExecutor$DiscardPolicy
instanceKlass com/zaxxer/hikari/util/UtilityElf$DefaultThreadFactory
instanceKlass com/zaxxer/hikari/pool/HikariPool$$Lambda$647
instanceKlass com/zaxxer/hikari/util/SuspendResumeLock
instanceKlass com/zaxxer/hikari/util/ConcurrentBag$$Lambda$646
instanceKlass java/util/concurrent/SynchronousQueue$TransferQueue$QNode
instanceKlass com/zaxxer/hikari/util/ConcurrentBag
instanceKlass com/zaxxer/hikari/pool/HikariPool$PoolEntryCreator
instanceKlass com/zaxxer/hikari/pool/PoolBase$SynchronousExecutor
instanceKlass java/net/URLEncoder
instanceKlass java/net/URLDecoder
instanceKlass com/mysql/cj/util/StringUtils
instanceKlass com/mysql/cj/conf/ConnectionUrlParser
instanceKlass com/mysql/cj/conf/ConnectionUrl
instanceKlass com/mysql/cj/conf/DatabaseUrlContainer
instanceKlass com/zaxxer/hikari/util/DriverDataSource
instanceKlass com/zaxxer/hikari/util/UtilityElf
instanceKlass org/hibernate/engine/jdbc/env/internal/JdbcEnvironmentInitiator$ConnectionProviderJdbcConnectionAccess
instanceKlass org/hibernate/engine/jdbc/connections/spi/JdbcConnectionAccess
instanceKlass javax/naming/event/NamespaceChangeListener
instanceKlass javax/naming/event/NamingListener
instanceKlass org/hibernate/engine/jndi/internal/JndiServiceImpl
instanceKlass org/hibernate/engine/jdbc/dialect/spi/DialectResolutionInfo
instanceKlass org/hibernate/engine/jdbc/dialect/internal/StandardDialectResolver
instanceKlass org/hibernate/engine/jdbc/dialect/internal/DialectResolverSet
instanceKlass org/hibernate/engine/jdbc/dialect/spi/DialectResolutionInfoSource
instanceKlass org/hibernate/engine/jdbc/dialect/internal/DialectFactoryImpl
instanceKlass org/hibernate/id/enhanced/TableGenerator
instanceKlass org/hibernate/id/ForeignGenerator
instanceKlass org/hibernate/id/IncrementGenerator
instanceKlass org/hibernate/id/SequenceGenerator
instanceKlass org/hibernate/id/enhanced/SequenceStyleGenerator
instanceKlass org/hibernate/id/PersistentIdentifierGenerator
instanceKlass org/hibernate/boot/model/relational/ExportableProducer
instanceKlass org/hibernate/id/AbstractPostInsertGenerator
instanceKlass org/hibernate/id/BulkInsertionCapableIdentifierGenerator
instanceKlass org/hibernate/id/PostInsertIdentifierGenerator
instanceKlass org/hibernate/id/Assigned
instanceKlass org/hibernate/id/AbstractUUIDGenerator
instanceKlass org/hibernate/id/GUIDGenerator
instanceKlass org/hibernate/id/UUIDGenerator
instanceKlass org/hibernate/id/Configurable
instanceKlass org/hibernate/id/IdentifierGenerator
instanceKlass org/hibernate/id/factory/internal/DefaultIdentifierGeneratorFactory
instanceKlass org/hibernate/boot/model/convert/internal/AttributeConverterManager$$Lambda$645
instanceKlass org/hibernate/internal/util/StringHelper$Renderer
instanceKlass org/hibernate/boot/model/convert/spi/ConverterDescriptor
instanceKlass org/hibernate/boot/model/convert/internal/AttributeConverterManager
instanceKlass org/hibernate/boot/model/convert/spi/ConverterAutoApplyHandler
instanceKlass org/hibernate/boot/internal/InFlightMetadataCollectorImpl
instanceKlass org/hibernate/boot/spi/InFlightMetadataCollector
instanceKlass org/hibernate/boot/spi/MetadataImplementor
instanceKlass org/hibernate/boot/Metadata
instanceKlass org/hibernate/boot/archive/scan/internal/StandardScanParameters
instanceKlass org/hibernate/boot/archive/scan/spi/ScanParameters
instanceKlass org/hibernate/boot/archive/scan/internal/ScanResultImpl
instanceKlass org/hibernate/boot/archive/scan/spi/ScanResult
instanceKlass javax/xml/stream/SecuritySupport$1
instanceKlass javax/xml/stream/FactoryFinder$1
instanceKlass javax/xml/stream/SecuritySupport$5
instanceKlass javax/xml/stream/SecuritySupport$2
instanceKlass javax/xml/stream/SecuritySupport
instanceKlass javax/xml/stream/FactoryFinder
instanceKlass javax/xml/stream/XMLEventFactory
instanceKlass org/hibernate/boot/jaxb/internal/stax/LocalXmlResourceResolver$DtdMapping
instanceKlass org/hibernate/boot/jaxb/internal/stax/LocalSchemaLocator
instanceKlass org/hibernate/boot/jaxb/internal/stax/LocalXmlResourceResolver$NamespaceSchemaMapping
instanceKlass org/hibernate/boot/jaxb/internal/stax/LocalXmlResourceResolver
instanceKlass org/hibernate/boot/jaxb/internal/AbstractBinder
instanceKlass org/hibernate/boot/jaxb/spi/Binder
instanceKlass org/hibernate/boot/spi/XmlMappingBinderAccess
instanceKlass org/hibernate/boot/model/process/internal/ScanningCoordinator
instanceKlass org/hibernate/boot/model/process/internal/ManagedResourcesImpl$$Lambda$644
instanceKlass org/hibernate/boot/AttributeConverterInfo
instanceKlass org/hibernate/boot/model/process/internal/ManagedResourcesImpl
instanceKlass org/hibernate/boot/model/process/spi/ManagedResources
instanceKlass org/hibernate/boot/model/process/spi/MetadataBuildingProcess
instanceKlass org/hibernate/jpa/boot/internal/StandardJpaScanEnvironmentImpl
instanceKlass org/hibernate/boot/archive/scan/spi/ScanEnvironment
instanceKlass org/hibernate/boot/spi/MetadataBuilderFactory
instanceKlass org/hibernate/boot/spi/MetadataBuilderInitializer
instanceKlass org/hibernate/boot/cfgxml/internal/CfgXmlAccessServiceImpl
instanceKlass org/hibernate/boot/spi/MetadataSourcesContributor
instanceKlass org/hibernate/type/internal/TypeConfigurationRegistry
instanceKlass org/hibernate/type/TypeResolver
instanceKlass org/hibernate/type/TypeFactory$$Lambda$643
instanceKlass org/hibernate/type/TypeFactory$TypeScope
instanceKlass org/hibernate/type/TypeFactory
instanceKlass org/hibernate/type/AbstractType
instanceKlass org/hibernate/type/AssociationType
instanceKlass org/hibernate/type/CompositeType
instanceKlass org/hibernate/annotations/Immutable
instanceKlass org/hibernate/type/descriptor/java/NClobTypeDescriptor$NClobMutabilityPlan
instanceKlass java/sql/NClob
instanceKlass org/hibernate/type/descriptor/java/ClobTypeDescriptor$ClobMutabilityPlan
instanceKlass java/sql/Clob
instanceKlass org/hibernate/type/descriptor/java/BlobTypeDescriptor$BlobMutabilityPlan
instanceKlass java/sql/Blob
instanceKlass org/hibernate/type/descriptor/java/MutableMutabilityPlan
instanceKlass java/time/temporal/TemporalQueries$$Lambda$642
instanceKlass java/time/temporal/TemporalQueries$$Lambda$641
instanceKlass java/time/temporal/TemporalQueries$$Lambda$640
instanceKlass java/time/temporal/TemporalQueries$$Lambda$639
instanceKlass java/time/temporal/TemporalQueries$$Lambda$638
instanceKlass java/time/temporal/TemporalQueries$$Lambda$637
instanceKlass java/time/temporal/TemporalQueries$$Lambda$636
instanceKlass java/time/temporal/TemporalQueries
instanceKlass org/hibernate/type/VersionType
instanceKlass org/hibernate/internal/util/compare/ComparableComparator
instanceKlass org/hibernate/type/descriptor/java/ImmutableMutabilityPlan
instanceKlass org/hibernate/type/descriptor/java/MutabilityPlan
instanceKlass org/hibernate/type/descriptor/java/AbstractTypeDescriptor
instanceKlass org/hibernate/type/descriptor/java/BasicJavaDescriptor
instanceKlass org/hibernate/type/descriptor/java/JavaTypeDescriptor
instanceKlass org/hibernate/engine/jdbc/Size
instanceKlass org/hibernate/type/AbstractStandardBasicType
instanceKlass org/hibernate/type/ProcedureParameterNamedBinder
instanceKlass org/hibernate/type/ProcedureParameterExtractionAware
instanceKlass org/hibernate/type/StringRepresentableType
instanceKlass org/hibernate/type/BasicType
instanceKlass org/hibernate/type/SingleColumnType
instanceKlass org/hibernate/type/DiscriminatorType
instanceKlass org/hibernate/type/IdentifierType
instanceKlass org/hibernate/type/Type
instanceKlass org/hibernate/type/PrimitiveType
instanceKlass org/hibernate/type/LiteralType
instanceKlass org/hibernate/type/BasicTypeRegistry
instanceKlass org/hibernate/type/descriptor/sql/NClobTypeDescriptor
instanceKlass org/hibernate/type/descriptor/sql/NVarcharTypeDescriptor
instanceKlass org/hibernate/type/descriptor/sql/ClobTypeDescriptor
instanceKlass org/hibernate/type/descriptor/sql/VarcharTypeDescriptor
instanceKlass org/hibernate/type/descriptor/sql/BlobTypeDescriptor
instanceKlass org/hibernate/type/descriptor/sql/VarbinaryTypeDescriptor
instanceKlass org/hibernate/type/descriptor/sql/TimeTypeDescriptor
instanceKlass org/hibernate/type/descriptor/sql/TimestampTypeDescriptor
instanceKlass org/hibernate/type/descriptor/sql/DateTypeDescriptor
instanceKlass org/hibernate/type/descriptor/sql/TinyIntTypeDescriptor
instanceKlass org/hibernate/type/descriptor/sql/SmallIntTypeDescriptor
instanceKlass org/hibernate/type/descriptor/sql/IntegerTypeDescriptor
instanceKlass org/hibernate/type/descriptor/sql/RealTypeDescriptor
instanceKlass org/hibernate/type/descriptor/sql/DoubleTypeDescriptor
instanceKlass org/hibernate/type/descriptor/sql/DecimalTypeDescriptor
instanceKlass org/hibernate/type/descriptor/sql/BigIntTypeDescriptor
instanceKlass org/hibernate/type/descriptor/sql/BitTypeDescriptor
instanceKlass org/hibernate/type/descriptor/sql/BooleanTypeDescriptor
instanceKlass org/hibernate/type/descriptor/sql/SqlTypeDescriptor
instanceKlass org/hibernate/type/descriptor/sql/SqlTypeDescriptorRegistry
instanceKlass org/hibernate/type/descriptor/java/spi/JavaTypeDescriptorRegistry
instanceKlass java/util/UUID$Holder
instanceKlass org/hibernate/id/uuid/LocalObjectUuidHelper
instanceKlass org/hibernate/type/spi/TypeConfiguration$Scope
instanceKlass org/hibernate/type/spi/TypeConfiguration
instanceKlass org/hibernate/SessionFactoryObserver
instanceKlass org/hibernate/boot/archive/spi/ArchiveDescriptorFactory
instanceKlass org/hibernate/boot/archive/scan/internal/StandardScanOptions
instanceKlass org/hibernate/boot/archive/scan/spi/ScanOptions
instanceKlass org/hibernate/jpa/internal/MutableJpaComplianceImpl
instanceKlass org/hibernate/jpa/spi/MutableJpaCompliance
instanceKlass org/hibernate/jpa/spi/JpaCompliance
instanceKlass org/hibernate/boot/internal/BootstrapContextImpl$1
instanceKlass org/hibernate/cfg/annotations/reflection/XMLContext
instanceKlass org/hibernate/annotations/common/reflection/java/JavaMetadataProvider
instanceKlass org/hibernate/cfg/annotations/reflection/JPAMetadataProvider
instanceKlass org/hibernate/annotations/common/reflection/MetadataProvider
instanceKlass org/hibernate/annotations/common/reflection/java/generics/TypeEnvironmentFactory
instanceKlass org/hibernate/annotations/common/util/StandardClassLoaderDelegateImpl
instanceKlass org/hibernate/annotations/common/reflection/ClassLoaderDelegate
instanceKlass org/hibernate/annotations/common/util/impl/Log
instanceKlass org/hibernate/annotations/common/util/impl/LoggerFactory
instanceKlass org/hibernate/annotations/common/Version
instanceKlass org/hibernate/annotations/common/reflection/java/JavaReflectionManager
instanceKlass org/hibernate/annotations/common/reflection/MetadataProviderInjector
instanceKlass org/hibernate/annotations/common/reflection/ReflectionManager
instanceKlass org/hibernate/boot/internal/ClassLoaderAccessImpl
instanceKlass org/hibernate/boot/spi/ClassLoaderAccess
instanceKlass com/fasterxml/classmate/MemberResolver
instanceKlass org/hibernate/boot/internal/ClassmateContext
instanceKlass org/hibernate/boot/internal/BootstrapContextImpl
instanceKlass org/hibernate/boot/spi/BootstrapContext
instanceKlass org/hibernate/boot/registry/selector/internal/StrategySelectorImpl$$Lambda$635
instanceKlass org/hibernate/boot/model/naming/PhysicalNamingStrategyStandardImpl
instanceKlass org/hibernate/boot/internal/MetadataBuilderImpl$MetadataBuildingOptionsImpl$3
instanceKlass org/hibernate/boot/spi/SessionFactoryOptions
instanceKlass org/hibernate/cache/spi/TimestampsRegion
instanceKlass org/hibernate/cache/spi/QueryResultsRegion
instanceKlass org/hibernate/cache/spi/DirectAccessRegion
instanceKlass org/hibernate/engine/spi/SessionFactoryImplementor
instanceKlass org/hibernate/query/spi/QueryParameterBindingTypeResolver
instanceKlass org/hibernate/engine/spi/Mapping
instanceKlass org/hibernate/cache/spi/DomainDataRegion
instanceKlass org/hibernate/cache/spi/Region
instanceKlass org/hibernate/cache/cfg/spi/DomainDataRegionBuildingContext
instanceKlass org/hibernate/cache/cfg/spi/DomainDataRegionConfig
instanceKlass org/hibernate/cache/spi/CacheTransactionSynchronization
instanceKlass org/hibernate/cache/internal/NoCachingRegionFactory
instanceKlass org/hibernate/boot/registry/selector/internal/StrategySelectorImpl$$Lambda$634
instanceKlass org/hibernate/cache/internal/StrategyCreatorRegionFactoryImpl
instanceKlass org/hibernate/boot/internal/MetadataBuilderImpl$MetadataBuildingOptionsImpl$2
instanceKlass org/hibernate/boot/internal/MetadataBuilderImpl$MetadataBuildingOptionsImpl$1
instanceKlass org/hibernate/boot/internal/MetadataBuilderImpl$MappingDefaultsImpl$1
instanceKlass org/hibernate/engine/config/spi/StandardConverters$2
instanceKlass org/hibernate/engine/config/spi/StandardConverters$1
instanceKlass org/hibernate/engine/config/spi/StandardConverters
instanceKlass org/hibernate/boot/internal/MetadataBuilderImpl$MappingDefaultsImpl
instanceKlass org/hibernate/boot/spi/MappingDefaults
instanceKlass org/hibernate/service/spi/Manageable
instanceKlass org/hibernate/service/spi/Startable
instanceKlass org/hibernate/service/spi/InjectService
instanceKlass org/hibernate/engine/config/spi/ConfigurationService$Converter
instanceKlass org/hibernate/engine/config/internal/ConfigurationServiceImpl
instanceKlass org/hibernate/boot/internal/IdGeneratorInterpreterImpl$FallbackInterpreter
instanceKlass org/hibernate/boot/internal/IdGeneratorInterpreterImpl
instanceKlass org/hibernate/boot/model/IdGeneratorStrategyInterpreter
instanceKlass org/hibernate/boot/internal/MetadataBuilderImpl$MetadataBuildingOptionsImpl
instanceKlass org/hibernate/boot/spi/JpaOrmXmlPersistenceUnitDefaultAware
instanceKlass org/hibernate/boot/spi/MetadataBuildingOptions
instanceKlass org/hibernate/boot/internal/MetadataBuilderImpl
instanceKlass org/hibernate/boot/model/TypeContributions
instanceKlass org/hibernate/boot/spi/MetadataBuilderImplementor
instanceKlass org/hibernate/boot/MetadataBuilder
instanceKlass org/hibernate/boot/MetadataSources
instanceKlass org/hibernate/event/spi/EntityCopyObserverFactory
instanceKlass org/hibernate/resource/beans/spi/ManagedBeanRegistry
instanceKlass org/hibernate/cache/spi/RegionFactory
instanceKlass org/hibernate/service/spi/SessionFactoryServiceRegistryFactory
instanceKlass org/hibernate/engine/transaction/jta/platform/spi/JtaPlatformResolver
instanceKlass org/hibernate/id/factory/spi/MutableIdentifierGeneratorFactory
instanceKlass org/hibernate/id/factory/IdentifierGeneratorFactory
instanceKlass org/hibernate/hql/spi/QueryTranslatorFactory
instanceKlass org/hibernate/engine/jdbc/cursor/spi/RefCursorSupport
instanceKlass org/hibernate/engine/jdbc/spi/JdbcServices
instanceKlass org/hibernate/engine/jdbc/batch/spi/BatchBuilder
instanceKlass org/hibernate/engine/jdbc/dialect/spi/DialectFactory
instanceKlass org/hibernate/engine/jdbc/dialect/spi/DialectResolver
instanceKlass org/hibernate/engine/jdbc/connections/spi/MultiTenantConnectionProvider
instanceKlass org/hibernate/persister/spi/PersisterFactory
instanceKlass org/hibernate/persister/spi/PersisterClassResolver
instanceKlass org/hibernate/jmx/spi/JmxService
instanceKlass org/hibernate/engine/jndi/spi/JndiService
instanceKlass org/hibernate/engine/jdbc/env/spi/JdbcEnvironment
instanceKlass org/hibernate/tool/schema/spi/SchemaManagementTool
instanceKlass org/hibernate/property/access/spi/PropertyAccessStrategyResolver
instanceKlass org/hibernate/engine/config/spi/ConfigurationService
instanceKlass org/hibernate/boot/cfgxml/spi/CfgXmlAccessService
instanceKlass org/hibernate/bytecode/spi/ProxyFactoryFactory
instanceKlass org/hibernate/internal/util/collections/CollectionHelper
instanceKlass org/hibernate/service/internal/AbstractServiceRegistryImpl
instanceKlass org/hibernate/boot/registry/StandardServiceRegistry
instanceKlass org/hibernate/service/spi/ServiceContributor
instanceKlass org/hibernate/service/internal/ProvidedService
instanceKlass org/hibernate/secure/internal/DisabledJaccServiceImpl
instanceKlass org/hibernate/secure/spi/JaccService
instanceKlass org/hibernate/jpa/boot/internal/EntityManagerFactoryBuilderImpl$$Lambda$633
instanceKlass org/hibernate/jpa/boot/internal/EntityManagerFactoryBuilderImpl$$Lambda$632
instanceKlass org/hibernate/jpa/boot/internal/EntityManagerFactoryBuilderImpl$$Lambda$631
instanceKlass org/hibernate/jpa/boot/internal/EntityManagerFactoryBuilderImpl$$Lambda$630
instanceKlass org/hibernate/internal/util/NullnessHelper
instanceKlass org/hibernate/jpa/boot/internal/EntityManagerFactoryBuilderImpl$$Lambda$629
instanceKlass org/hibernate/jpa/boot/internal/EntityManagerFactoryBuilderImpl$$Lambda$628
instanceKlass org/hibernate/jpa/boot/internal/EntityManagerFactoryBuilderImpl$$Lambda$627
instanceKlass org/hibernate/jpa/boot/internal/EntityManagerFactoryBuilderImpl$$Lambda$626
instanceKlass org/hibernate/internal/util/StringHelper
instanceKlass org/hibernate/proxy/pojo/bytebuddy/ByteBuddyProxyHelper
instanceKlass net/bytebuddy/dynamic/scaffold/FieldLocator$Factory
instanceKlass net/bytebuddy/implementation/FieldAccessor$FieldLocation$Relative
instanceKlass net/bytebuddy/implementation/FieldAccessor$FieldLocation
instanceKlass net/bytebuddy/implementation/FieldAccessor$OwnerTypeLocatable
instanceKlass net/bytebuddy/implementation/FieldAccessor$AssignerConfigurable
instanceKlass net/bytebuddy/implementation/FieldAccessor$PropertyConfigurable
instanceKlass net/bytebuddy/implementation/FieldAccessor$FieldNameExtractor$ForFixedValue
instanceKlass net/bytebuddy/implementation/FieldAccessor$FieldNameExtractor
instanceKlass net/bytebuddy/implementation/FieldAccessor
instanceKlass org/hibernate/bytecode/internal/bytebuddy/ByteBuddyState$ProxyDefinitionHelpers$2
instanceKlass net/bytebuddy/implementation/bytecode/assign/primitive/PrimitiveTypeAwareAssigner
instanceKlass net/bytebuddy/implementation/bytecode/assign/primitive/VoidAwareAssigner
instanceKlass net/bytebuddy/implementation/bytecode/assign/Assigner
instanceKlass net/bytebuddy/implementation/bind/MethodDelegationBinder$TerminationHandler
instanceKlass net/bytebuddy/implementation/bind/annotation/TargetMethodAnnotationDrivenBinder$Record
instanceKlass net/bytebuddy/implementation/bind/MethodDelegationBinder$Record
instanceKlass net/bytebuddy/implementation/bind/annotation/TargetMethodAnnotationDrivenBinder$DelegationProcessor$Handler$Bound
instanceKlass net/bytebuddy/implementation/bind/annotation/TargetMethodAnnotationDrivenBinder$DelegationProcessor$Handler$Unbound
instanceKlass net/bytebuddy/implementation/bind/annotation/TargetMethodAnnotationDrivenBinder$DelegationProcessor$Handler
instanceKlass net/bytebuddy/implementation/bind/annotation/RuntimeType$Verifier
instanceKlass net/bytebuddy/description/method/ParameterDescription$ForLoadedParameter$Dispatcher$ForJava8CapableVm
instanceKlass net/bytebuddy/description/method/ParameterDescription$ForLoadedParameter$Dispatcher
instanceKlass net/bytebuddy/description/method/ParameterDescription$InDefinedShape
instanceKlass net/bytebuddy/description/method/ParameterDescription
instanceKlass net/bytebuddy/description/NamedElement$WithOptionalName
instanceKlass net/bytebuddy/description/method/ParameterList$ForLoadedExecutable$Dispatcher$ForJava8CapableVm
instanceKlass net/bytebuddy/description/method/ParameterList$ForLoadedExecutable$Dispatcher
instanceKlass net/bytebuddy/description/method/ParameterList
instanceKlass net/bytebuddy/description/type/TypeDescription$Generic
instanceKlass net/bytebuddy/description/type/TypeDescription$Generic$AnnotationReader
instanceKlass net/bytebuddy/description/annotation/AnnotationDescription$AbstractBase
instanceKlass net/bytebuddy/description/annotation/AnnotationDescription$Loadable
instanceKlass net/bytebuddy/description/annotation/AnnotationDescription
instanceKlass net/bytebuddy/implementation/bind/annotation/IgnoreForBinding
instanceKlass net/bytebuddy/implementation/bind/annotation/RuntimeType
instanceKlass net/bytebuddy/description/annotation/AnnotationList
instanceKlass net/bytebuddy/implementation/bind/annotation/IgnoreForBinding$Verifier
instanceKlass net/bytebuddy/implementation/MethodDelegation$ImplementationDelegate$ForStaticMethod
instanceKlass net/bytebuddy/implementation/MethodDelegation$ImplementationDelegate
instanceKlass net/bytebuddy/implementation/bind/annotation/Empty
instanceKlass net/bytebuddy/implementation/bind/annotation/StubValue
instanceKlass net/bytebuddy/implementation/bind/annotation/SuperMethod
instanceKlass net/bytebuddy/implementation/bind/annotation/SuperCall
instanceKlass net/bytebuddy/implementation/bind/annotation/This
instanceKlass net/bytebuddy/implementation/bind/annotation/Origin
instanceKlass net/bytebuddy/implementation/bind/annotation/AllArguments
instanceKlass net/bytebuddy/implementation/bind/annotation/Argument
instanceKlass net/bytebuddy/implementation/bind/annotation/TargetMethodAnnotationDrivenBinder$DelegationProcessor
instanceKlass net/bytebuddy/implementation/bind/annotation/TargetMethodAnnotationDrivenBinder
instanceKlass net/bytebuddy/implementation/bind/MethodDelegationBinder
instanceKlass org/hibernate/proxy/ProxyConfiguration$Interceptor
instanceKlass net/bytebuddy/implementation/bind/MethodDelegationBinder$BindingResolver
instanceKlass net/bytebuddy/implementation/bind/annotation/FieldValue
instanceKlass net/bytebuddy/implementation/bind/annotation/TargetMethodAnnotationDrivenBinder$ParameterBinder$ForFieldBinding
instanceKlass net/bytebuddy/implementation/bind/annotation/DefaultMethod
instanceKlass net/bytebuddy/implementation/bind/annotation/DefaultCall
instanceKlass net/bytebuddy/implementation/bind/annotation/Default
instanceKlass net/bytebuddy/description/method/MethodDescription$InDefinedShape
instanceKlass net/bytebuddy/description/method/MethodDescription
instanceKlass net/bytebuddy/description/ByteCodeElement$TypeDependant
instanceKlass net/bytebuddy/description/NamedElement$WithGenericName
instanceKlass net/bytebuddy/description/method/ParameterDescription$ForLoadedParameter$ParameterAnnotationSource
instanceKlass net/bytebuddy/description/method/MethodList
instanceKlass net/bytebuddy/implementation/bind/annotation/Super
instanceKlass net/bytebuddy/implementation/bind/annotation/TargetMethodAnnotationDrivenBinder$ParameterBinder
instanceKlass net/bytebuddy/implementation/bind/MethodDelegationBinder$AmbiguityResolver$Compound
instanceKlass net/bytebuddy/implementation/bind/MethodDelegationBinder$AmbiguityResolver
instanceKlass net/bytebuddy/implementation/MethodDelegation$WithCustomProperties
instanceKlass net/bytebuddy/implementation/MethodDelegation
instanceKlass net/bytebuddy/implementation/Implementation$Composable
instanceKlass net/bytebuddy/implementation/Implementation
instanceKlass net/bytebuddy/dynamic/scaffold/InstrumentedType$Prepareable
instanceKlass org/hibernate/proxy/ProxyConfiguration$InterceptorDispatcher
instanceKlass org/hibernate/bytecode/internal/bytebuddy/ByteBuddyState$ProxyDefinitionHelpers$1
instanceKlass org/hibernate/bytecode/internal/bytebuddy/ByteBuddyState$ProxyDefinitionHelpers$$Lambda$625
instanceKlass org/hibernate/bytecode/internal/bytebuddy/ByteBuddyState$ProxyDefinitionHelpers
instanceKlass org/hibernate/bytecode/internal/bytebuddy/ByteBuddyState$StandardClassRewriter
instanceKlass org/hibernate/bytecode/internal/bytebuddy/ByteBuddyState$ClassRewriter
instanceKlass net/bytebuddy/description/type/TypeList$Generic
instanceKlass net/bytebuddy/matcher/FilterableList
instanceKlass net/bytebuddy/dynamic/TargetType
instanceKlass net/bytebuddy/description/type/TypeDescription$ForLoadedType$Dispatcher$ForJava11CapableVm
instanceKlass net/bytebuddy/description/type/TypeDescription$ForLoadedType$Dispatcher
instanceKlass net/bytebuddy/utility/privilege/GetSystemPropertyAction
instanceKlass net/bytebuddy/description/ModifierReviewable$AbstractBase
instanceKlass net/bytebuddy/description/ModifierReviewable$ForParameterDescription
instanceKlass net/bytebuddy/description/ModifierReviewable$ForMethodDescription
instanceKlass net/bytebuddy/description/ModifierReviewable$ForFieldDescription
instanceKlass net/bytebuddy/description/type/TypeDescription
instanceKlass net/bytebuddy/description/TypeVariableSource
instanceKlass net/bytebuddy/description/ByteCodeElement
instanceKlass net/bytebuddy/description/annotation/AnnotationSource
instanceKlass net/bytebuddy/description/DeclaredByType
instanceKlass net/bytebuddy/description/NamedElement$WithRuntimeName
instanceKlass net/bytebuddy/description/type/TypeDefinition
instanceKlass net/bytebuddy/description/ModifierReviewable$ForTypeDefinition
instanceKlass net/bytebuddy/description/ModifierReviewable$OfEnumeration
instanceKlass net/bytebuddy/description/ModifierReviewable$OfAbstraction
instanceKlass net/bytebuddy/description/ModifierReviewable$OfByteCodeElement
instanceKlass net/bytebuddy/description/ModifierReviewable
instanceKlass net/bytebuddy/description/NamedElement
instanceKlass net/bytebuddy/matcher/LatentMatcher$Resolved
instanceKlass net/bytebuddy/matcher/LatentMatcher
instanceKlass net/bytebuddy/dynamic/scaffold/ClassWriterStrategy
instanceKlass net/bytebuddy/dynamic/VisibilityBridgeStrategy
instanceKlass net/bytebuddy/dynamic/scaffold/InstrumentedType$Factory
instanceKlass net/bytebuddy/description/type/TypeDescription$Generic$Visitor
instanceKlass net/bytebuddy/dynamic/scaffold/MethodGraph$Compiler$Default$Merger
instanceKlass net/bytebuddy/dynamic/scaffold/MethodGraph$Compiler$Default$Harmonizer
instanceKlass net/bytebuddy/dynamic/scaffold/MethodGraph$Compiler$AbstractBase
instanceKlass net/bytebuddy/dynamic/scaffold/MethodGraph$Compiler
instanceKlass net/bytebuddy/implementation/Implementation$Context$Factory
instanceKlass net/bytebuddy/implementation/attribute/AnnotationValueFilter$Factory
instanceKlass net/bytebuddy/implementation/attribute/AnnotationValueFilter
instanceKlass net/bytebuddy/implementation/auxiliary/AuxiliaryType$NamingStrategy$SuffixingRandom
instanceKlass net/bytebuddy/implementation/auxiliary/AuxiliaryType$NamingStrategy
instanceKlass net/bytebuddy/utility/RandomString
instanceKlass net/bytebuddy/NamingStrategy$SuffixingRandom$BaseNameResolver
instanceKlass net/bytebuddy/NamingStrategy$AbstractBase
instanceKlass net/bytebuddy/NamingStrategy
instanceKlass java/lang/Process
instanceKlass net/bytebuddy/ClassFileVersion$VersionLocator$ForJava9CapableVm
instanceKlass net/bytebuddy/ClassFileVersion$VersionLocator
instanceKlass net/bytebuddy/ClassFileVersion
instanceKlass net/bytebuddy/ByteBuddy
instanceKlass org/hibernate/bytecode/internal/bytebuddy/ByteBuddyState
instanceKlass net/bytebuddy/matcher/ElementMatcher$Junction$AbstractBase
instanceKlass net/bytebuddy/matcher/ElementMatcher$Junction
instanceKlass net/bytebuddy/matcher/ElementMatcher
instanceKlass net/bytebuddy/matcher/ElementMatchers
instanceKlass org/hibernate/bytecode/internal/bytebuddy/BytecodeProviderImpl
instanceKlass org/hibernate/bytecode/spi/BytecodeProvider
instanceKlass org/hibernate/internal/util/config/ConfigurationHelper
instanceKlass org/hibernate/internal/util/ConfigHelper
instanceKlass org/hibernate/Version
instanceKlass org/hibernate/cfg/Environment
instanceKlass org/hibernate/jpa/boot/internal/EntityManagerFactoryBuilderImpl$MergedSettings
instanceKlass org/hibernate/boot/cfgxml/internal/ConfigLoader$1
instanceKlass org/hibernate/internal/util/ValueHolder$1
instanceKlass org/hibernate/internal/util/ValueHolder$DeferredInitializer
instanceKlass org/hibernate/internal/util/ValueHolder
instanceKlass org/hibernate/boot/cfgxml/internal/ConfigLoader
instanceKlass org/hibernate/event/internal/EntityCopyObserverFactoryInitiator
instanceKlass org/hibernate/resource/beans/spi/ManagedBeanRegistryInitiator
instanceKlass org/hibernate/resource/transaction/internal/TransactionCoordinatorBuilderInitiator
instanceKlass org/hibernate/cache/internal/RegionFactoryInitiator
instanceKlass org/hibernate/service/internal/SessionFactoryServiceRegistryFactoryInitiator
instanceKlass org/hibernate/engine/transaction/jta/platform/internal/JtaPlatformInitiator
instanceKlass org/hibernate/engine/transaction/jta/platform/internal/JtaPlatformResolverInitiator
instanceKlass org/hibernate/id/factory/internal/MutableIdentifierGeneratorFactoryInitiator
instanceKlass org/hibernate/hql/internal/QueryTranslatorFactoryInitiator
instanceKlass org/hibernate/engine/jdbc/cursor/internal/RefCursorSupportInitiator
instanceKlass org/hibernate/engine/jdbc/internal/JdbcServicesInitiator
instanceKlass org/hibernate/engine/jdbc/batch/internal/BatchBuilderInitiator
instanceKlass org/hibernate/engine/jdbc/dialect/internal/DialectFactoryInitiator
instanceKlass org/hibernate/engine/jdbc/dialect/internal/DialectResolverInitiator
instanceKlass org/hibernate/engine/jdbc/connections/internal/MultiTenantConnectionProviderInitiator
instanceKlass org/hibernate/engine/jdbc/connections/internal/UserSuppliedConnectionProviderImpl
instanceKlass org/hibernate/engine/jdbc/connections/internal/DriverManagerConnectionProviderImpl
instanceKlass org/hibernate/engine/jdbc/connections/internal/DatasourceConnectionProviderImpl
instanceKlass org/hibernate/engine/jdbc/connections/spi/ConnectionProvider
instanceKlass org/hibernate/service/spi/Wrapped
instanceKlass org/hibernate/engine/jdbc/connections/internal/ConnectionProviderInitiator
instanceKlass org/hibernate/persister/internal/PersisterFactoryInitiator
instanceKlass org/hibernate/persister/internal/PersisterClassResolverInitiator
instanceKlass org/hibernate/jmx/internal/JmxServiceInitiator
instanceKlass org/hibernate/engine/jndi/internal/JndiServiceInitiator
instanceKlass org/hibernate/engine/jdbc/env/internal/JdbcEnvironmentInitiator
instanceKlass org/hibernate/tool/schema/internal/SchemaManagementToolInitiator
instanceKlass org/hibernate/tool/hbm2ddl/SingleLineSqlCommandExtractor
instanceKlass org/hibernate/tool/hbm2ddl/ImportSqlCommandExtractor
instanceKlass org/hibernate/tool/hbm2ddl/ImportSqlCommandExtractorInitiator
instanceKlass org/hibernate/property/access/internal/PropertyAccessStrategyResolverInitiator
instanceKlass org/hibernate/engine/config/internal/ConfigurationServiceInitiator
instanceKlass org/hibernate/boot/cfgxml/internal/CfgXmlAccessServiceInitiator
instanceKlass org/hibernate/bytecode/internal/ProxyFactoryFactoryInitiator
instanceKlass org/hibernate/bytecode/internal/BytecodeProviderInitiator
instanceKlass org/hibernate/boot/registry/StandardServiceInitiator
instanceKlass org/hibernate/service/spi/ServiceInitiator
instanceKlass org/hibernate/service/StandardServiceInitiators
instanceKlass org/hibernate/boot/cfgxml/spi/LoadedConfig
instanceKlass org/hibernate/boot/registry/StandardServiceRegistryBuilder
instanceKlass org/hibernate/service/spi/ServiceBinding
instanceKlass org/hibernate/boot/registry/selector/StrategyRegistrationProvider
instanceKlass org/hibernate/cache/internal/SimpleCacheKeysFactory
instanceKlass org/hibernate/cache/internal/DefaultCacheKeysFactory
instanceKlass org/hibernate/cache/spi/CacheKeysFactory
instanceKlass org/hibernate/hql/spi/id/AbstractMultiTableBulkIdStrategyImpl
instanceKlass org/hibernate/hql/spi/id/MultiTableBulkIdStrategy
instanceKlass org/hibernate/resource/transaction/backend/jta/internal/JtaTransactionCoordinatorBuilderImpl
instanceKlass org/hibernate/resource/transaction/backend/jdbc/internal/JdbcResourceLocalTransactionCoordinatorBuilderImpl
instanceKlass org/hibernate/resource/transaction/spi/TransactionCoordinatorBuilder
instanceKlass org/hibernate/engine/transaction/jta/platform/internal/AbstractJtaPlatform
instanceKlass org/hibernate/engine/transaction/jta/platform/internal/TransactionManagerAccess
instanceKlass org/hibernate/service/spi/ServiceRegistryAwareService
instanceKlass org/hibernate/service/spi/Configurable
instanceKlass org/hibernate/hql/spi/id/IdTableSupport
instanceKlass org/hibernate/boot/registry/selector/internal/StrategySelectorImpl$$Lambda$624
instanceKlass org/hibernate/boot/registry/selector/spi/StrategyCreator
instanceKlass org/hibernate/boot/registry/selector/internal/StrategySelectorImpl
instanceKlass org/hibernate/boot/registry/selector/spi/StrategySelector
instanceKlass org/hibernate/boot/registry/internal/BootstrapServiceRegistryImpl
instanceKlass org/hibernate/service/spi/ServiceBinding$ServiceLifecycleOwner
instanceKlass org/hibernate/boot/registry/BootstrapServiceRegistry
instanceKlass org/hibernate/service/spi/ServiceRegistryImplementor
instanceKlass org/hibernate/service/ServiceRegistry
instanceKlass org/hibernate/boot/registry/classloading/internal/AggregatedClassLoader$4
instanceKlass org/hibernate/boot/registry/classloading/internal/AggregatedClassLoader$2
instanceKlass org/hibernate/boot/registry/classloading/internal/AggregatedServiceLoader
instanceKlass org/hibernate/cache/internal/CollectionCacheInvalidator
instanceKlass org/hibernate/event/spi/PostUpdateEventListener
instanceKlass org/hibernate/event/spi/PostDeleteEventListener
instanceKlass org/hibernate/event/spi/PostInsertEventListener
instanceKlass org/hibernate/event/spi/PostActionEventListener
instanceKlass org/hibernate/secure/spi/JaccIntegrator$1
instanceKlass org/hibernate/event/service/spi/DuplicationStrategy
instanceKlass org/hibernate/secure/spi/JaccIntegrator
instanceKlass org/hibernate/integrator/spi/ServiceContributingIntegrator
instanceKlass org/hibernate/cfg/beanvalidation/BeanValidationIntegrator
instanceKlass org/hibernate/integrator/spi/Integrator
instanceKlass org/hibernate/integrator/internal/IntegratorServiceImpl
instanceKlass org/hibernate/integrator/spi/IntegratorService
instanceKlass org/hibernate/boot/registry/classloading/internal/ClassLoaderServiceImpl$1
instanceKlass org/hibernate/internal/CoreLogging
instanceKlass org/hibernate/boot/registry/classloading/internal/ClassLoaderServiceImpl
instanceKlass org/hibernate/boot/registry/classloading/spi/ClassLoaderService
instanceKlass org/hibernate/boot/registry/selector/internal/StrategySelectorBuilder
instanceKlass org/hibernate/boot/registry/BootstrapServiceRegistryBuilder
instanceKlass org/apache/logging/log4j/message/LoggerNameAwareMessage
instanceKlass org/apache/logging/log4j/message/StringFormattedMessage
instanceKlass org/apache/logging/log4j/message/Message
instanceKlass io/micrometer/core/instrument/distribution/HistogramSnapshot
instanceKlass io/micrometer/core/instrument/util/TimeUtils$1
instanceKlass io/micrometer/core/instrument/util/TimeUtils
instanceKlass org/hibernate/jpa/internal/util/LogHelper
instanceKlass io/micrometer/core/instrument/distribution/HistogramGauges$$Lambda$623
instanceKlass org/hibernate/jpa/boot/internal/PersistenceUnitInfoDescriptor
instanceKlass io/micrometer/core/instrument/distribution/HistogramGauges$$Lambda$622
instanceKlass org/hibernate/jpa/boot/spi/PersistenceUnitDescriptor
instanceKlass io/micrometer/core/instrument/distribution/CountAtBucket
instanceKlass io/micrometer/core/instrument/distribution/HistogramGauges$$Lambda$621
instanceKlass io/micrometer/core/instrument/distribution/HistogramGauges$$Lambda$620
instanceKlass io/micrometer/core/instrument/distribution/HistogramGauges$$Lambda$619
instanceKlass io/micrometer/core/instrument/distribution/ValueAtPercentile
instanceKlass io/micrometer/core/instrument/distribution/HistogramGauges
instanceKlass java/util/concurrent/atomic/AtomicIntegerFieldUpdater$AtomicIntegerFieldUpdaterImpl$1
instanceKlass java/util/concurrent/atomic/AtomicIntegerFieldUpdater
instanceKlass io/micrometer/core/instrument/distribution/TimeWindowMax
instanceKlass io/micrometer/core/instrument/distribution/NoopHistogram
instanceKlass io/micrometer/core/instrument/distribution/Histogram
instanceKlass io/micrometer/core/instrument/distribution/pause/ClockDriftPauseDetector
instanceKlass io/micrometer/core/instrument/AbstractTimer$$Lambda$618
instanceKlass org/LatencyUtils/PauseDetector
instanceKlass org/springframework/boot/actuate/autoconfigure/metrics/export/simple/SimplePropertiesConfigAdapter$$Lambda$617
instanceKlass org/springframework/boot/actuate/autoconfigure/metrics/export/simple/SimplePropertiesConfigAdapter$$Lambda$616
instanceKlass io/micrometer/core/instrument/MeterRegistry$$Lambda$615
instanceKlass io/micrometer/core/instrument/MeterRegistry$$Lambda$614
instanceKlass io/micrometer/core/instrument/distribution/DistributionStatisticConfig$Builder
instanceKlass org/hibernate/internal/EntityManagerMessageLogger
instanceKlass sun/management/LazyCompositeData$$Lambda$613
instanceKlass org/hibernate/internal/CoreMessageLogger
instanceKlass java/util/TreeMap$TreeMapSpliterator
instanceKlass sun/management/GarbageCollectionNotifInfoCompositeData$1
instanceKlass javax/management/openmbean/CompositeDataSupport
instanceKlass javax/management/openmbean/TabularDataSupport
instanceKlass org/hibernate/internal/HEMLogging
instanceKlass org/hibernate/jpa/boot/internal/EntityManagerFactoryBuilderImpl
instanceKlass sun/management/GcInfoCompositeData$2
instanceKlass org/hibernate/jpa/boot/spi/EntityManagerFactoryBuilder
instanceKlass sun/management/GcInfoCompositeData$1
instanceKlass sun/management/MappedMXBeanType$CompositeDataMXBeanType$2
instanceKlass sun/management/MappedMXBeanType$CompositeDataMXBeanType$1
instanceKlass org/springframework/orm/jpa/AbstractEntityManagerFactoryBean$$Lambda$612
instanceKlass org/hibernate/cfg/AvailableSettings
instanceKlass org/hibernate/jpa/AvailableSettings
instanceKlass sun/management/MappedMXBeanType
instanceKlass sun/management/LazyCompositeData
instanceKlass org/hibernate/dialect/Dialect
instanceKlass sun/management/GcInfoBuilder
instanceKlass org/hibernate/exception/spi/ConversionContext
instanceKlass org/springframework/orm/jpa/vendor/HibernateJpaVendorAdapter$1
instanceKlass org/springframework/orm/jpa/persistenceunit/MutablePersistenceUnitInfo
instanceKlass org/springframework/orm/jpa/persistenceunit/SmartPersistenceUnitInfo
instanceKlass org/springframework/orm/jpa/persistenceunit/PersistenceUnitReader
instanceKlass org/springframework/instrument/classloading/InstrumentationLoadTimeWeaver
instanceKlass org/springframework/instrument/classloading/LoadTimeWeaver
instanceKlass org/springframework/orm/jpa/persistenceunit/PersistenceUnitPostProcessor
instanceKlass org/springframework/jdbc/datasource/lookup/SingleDataSourceLookup
instanceKlass org/springframework/jdbc/datasource/lookup/DataSourceLookup
instanceKlass javax/persistence/Converter
instanceKlass javax/persistence/MappedSuperclass
instanceKlass javax/persistence/Embeddable
instanceKlass org/springframework/orm/jpa/persistenceunit/DefaultPersistenceUnitManager
instanceKlass org/springframework/boot/autoconfigure/domain/EntityScanPackages
instanceKlass org/hibernate/engine/transaction/jta/platform/internal/NoJtaPlatform
instanceKlass org/hibernate/engine/transaction/jta/platform/spi/JtaPlatform
instanceKlass org/hibernate/service/Service
instanceKlass org/springframework/orm/hibernate5/SpringBeanContainer
instanceKlass org/springframework/boot/autoconfigure/orm/jpa/HibernateProperties$$Lambda$611
instanceKlass org/springframework/boot/autoconfigure/orm/jpa/HibernateProperties$$Lambda$610
instanceKlass org/springframework/boot/orm/jpa/hibernate/SpringPhysicalNamingStrategy
instanceKlass org/hibernate/boot/model/naming/ImplicitNamingStrategyJpaCompliantImpl
instanceKlass org/hibernate/boot/archive/scan/internal/DisabledScanner
instanceKlass org/hibernate/boot/archive/scan/spi/Scanner
instanceKlass org/springframework/boot/autoconfigure/orm/jpa/HibernateJpaConfiguration$$Lambda$609
instanceKlass org/springframework/boot/orm/jpa/EntityManagerFactoryBuilder$Builder
instanceKlass org/springframework/boot/autoconfigure/orm/jpa/JpaBaseConfiguration$$Lambda$608
instanceKlass javax/persistence/spi/PersistenceUnitInfo
instanceKlass org/hibernate/jpa/HibernatePersistenceProvider$1
instanceKlass javax/persistence/spi/ProviderUtil
instanceKlass org/hibernate/jpa/internal/util/PersistenceUtilHelper$MetadataCache
instanceKlass org/hibernate/jpa/HibernatePersistenceProvider
instanceKlass javax/persistence/spi/PersistenceProvider
instanceKlass org/hibernate/TypeHelper
instanceKlass org/hibernate/stat/SessionStatistics
instanceKlass org/hibernate/SessionEventListener
instanceKlass org/hibernate/LobHelper
instanceKlass org/hibernate/Filter
instanceKlass org/hibernate/SimpleNaturalIdLoadAccess
instanceKlass org/hibernate/NaturalIdLoadAccess
instanceKlass javax/persistence/criteria/CriteriaQuery
instanceKlass javax/persistence/criteria/AbstractQuery
instanceKlass javax/persistence/criteria/CriteriaUpdate
instanceKlass javax/persistence/criteria/CriteriaDelete
instanceKlass javax/persistence/criteria/CommonAbstractCriteria
instanceKlass org/hibernate/MultiIdentifierLoadAccess
instanceKlass org/hibernate/IdentifierLoadAccess
instanceKlass org/hibernate/Session$LockRequest
instanceKlass org/hibernate/SharedSessionBuilder
instanceKlass org/hibernate/SessionBuilder
instanceKlass org/hibernate/graph/RootGraph
instanceKlass org/hibernate/graph/Graph
instanceKlass org/hibernate/graph/GraphNode
instanceKlass javax/persistence/EntityGraph
instanceKlass org/hibernate/query/NativeQuery
instanceKlass org/hibernate/query/Query
instanceKlass org/hibernate/SQLQuery
instanceKlass org/hibernate/SynchronizeableQuery
instanceKlass org/hibernate/Query
instanceKlass org/hibernate/query/CommonQueryContract
instanceKlass org/hibernate/BasicQueryContract
instanceKlass javax/persistence/TypedQuery
instanceKlass javax/persistence/Query
instanceKlass org/hibernate/LockOptions
instanceKlass org/springframework/orm/jpa/DefaultJpaDialect
instanceKlass org/springframework/orm/jpa/JpaDialect
instanceKlass org/springframework/boot/autoconfigure/orm/jpa/HibernateJpaConfiguration$$Lambda$607
instanceKlass org/hibernate/resource/beans/container/spi/BeanContainer
instanceKlass org/hibernate/service/spi/Stoppable
instanceKlass org/springframework/boot/autoconfigure/orm/jpa/HibernateDefaultDdlAutoProvider
instanceKlass org/springframework/boot/context/properties/bind/MapBinder$EntryBinder$$Lambda$606
instanceKlass org/springframework/boot/jdbc/SchemaManagementProvider
instanceKlass org/apache/naming/ContextAccessController
instanceKlass org/apache/naming/StringManager
instanceKlass org/apache/naming/ContextBindings
instanceKlass org/apache/catalina/core/StandardServer$2
instanceKlass org/apache/catalina/core/StandardServer$1
instanceKlass org/apache/catalina/mapper/WrapperMappingInfo
instanceKlass org/apache/catalina/core/ContainerBase$ContainerBackgroundProcessor
instanceKlass org/apache/catalina/mapper/Mapper$ContextList
instanceKlass org/apache/tomcat/util/threads/Constants
instanceKlass org/apache/tomcat/util/threads/TaskThread$WrappingRunnable
instanceKlass org/apache/catalina/core/ContainerBase$ContainerBackgroundProcessorMonitor
instanceKlass org/apache/catalina/core/ApplicationFilterConfig
instanceKlass org/apache/tomcat/websocket/server/WsSessionListener
instanceKlass javax/servlet/GenericFilter
instanceKlass java/util/concurrent/ConcurrentSkipListMap$Node
instanceKlass java/util/concurrent/ConcurrentSkipListMap$Index
instanceKlass org/apache/tomcat/websocket/server/WsWriteTimeout$EndpointComparator
instanceKlass java/util/concurrent/ConcurrentNavigableMap
instanceKlass org/apache/tomcat/websocket/server/WsWriteTimeout
instanceKlass org/apache/tomcat/websocket/WsExtension
instanceKlass javax/websocket/Extension
instanceKlass org/apache/tomcat/websocket/Constants
instanceKlass javax/websocket/CloseReason$CloseCode
instanceKlass javax/websocket/CloseReason
instanceKlass org/apache/tomcat/websocket/WsWebSocketContainer
instanceKlass org/apache/tomcat/websocket/BackgroundProcess
instanceKlass javax/servlet/http/HttpSessionIdListener
instanceKlass org/apache/catalina/ContainerServlet
instanceKlass org/apache/catalina/core/ApplicationFilterRegistration
instanceKlass javax/servlet/FilterRegistration$Dynamic
instanceKlass javax/servlet/FilterRegistration
instanceKlass org/apache/tomcat/util/descriptor/web/Constants
instanceKlass org/apache/catalina/core/ApplicationServletRegistration
instanceKlass org/springframework/boot/actuate/endpoint/web/ServletEndpointRegistrar$$Lambda$605
instanceKlass org/springframework/boot/web/servlet/ServletContextInitializerBeans$$Lambda$604
instanceKlass org/springframework/boot/web/servlet/ServletContextInitializerBeans$ServletListenerRegistrationBeanAdapter
instanceKlass javax/servlet/http/HttpSessionListener
instanceKlass javax/servlet/http/HttpSessionAttributeListener
instanceKlass javax/servlet/ServletRequestAttributeListener
instanceKlass javax/servlet/ServletRequestListener
instanceKlass javax/servlet/ServletContextAttributeListener
instanceKlass javax/servlet/FilterConfig
instanceKlass javax/servlet/FilterChain
instanceKlass org/springframework/boot/web/servlet/filter/OrderedFilter
instanceKlass org/springframework/boot/web/servlet/ServletContextInitializerBeans$FilterRegistrationBeanAdapter
instanceKlass org/springframework/boot/web/servlet/ServletContextInitializerBeans$ServletRegistrationBeanAdapter
instanceKlass org/springframework/boot/web/servlet/ServletContextInitializerBeans$RegistrationBeanAdapter
instanceKlass org/springframework/boot/autoconfigure/web/servlet/MultipartProperties$$Lambda$603
instanceKlass org/springframework/boot/autoconfigure/web/servlet/MultipartProperties$$Lambda$602
instanceKlass org/springframework/boot/autoconfigure/web/servlet/MultipartProperties$$Lambda$601
instanceKlass org/springframework/boot/autoconfigure/web/servlet/MultipartProperties$$Lambda$600
instanceKlass org/springframework/boot/web/servlet/MultipartConfigFactory
instanceKlass org/springframework/boot/context/properties/bind/handler/NoUnboundElementsBindHandler$$Lambda$599
instanceKlass org/springframework/boot/context/properties/source/UnboundElementsSourceFilter
instanceKlass org/springframework/boot/web/servlet/ServletContextInitializerBeans$$Lambda$598
instanceKlass javax/servlet/ServletRegistration$Dynamic
instanceKlass javax/servlet/Registration$Dynamic
instanceKlass org/glassfish/jersey/internal/util/ExtendedLogger
instanceKlass org/springframework/boot/actuate/endpoint/web/annotation/ServletEndpoint
instanceKlass org/springframework/boot/actuate/endpoint/annotation/EndpointDiscoverer$$Lambda$597
instanceKlass org/springframework/boot/actuate/endpoint/annotation/EndpointDiscoverer$ExtensionBean$$Lambda$596
instanceKlass java/util/stream/Collectors$$Lambda$595
instanceKlass java/util/stream/Collectors$$Lambda$594
instanceKlass java/util/stream/Collectors$$Lambda$593
instanceKlass org/springframework/boot/actuate/endpoint/annotation/EndpointDiscoverer$$Lambda$592
instanceKlass org/springframework/boot/actuate/web/mappings/MappingsEndpoint$ApplicationMappings
instanceKlass org/springframework/boot/actuate/web/mappings/MappingsEndpoint$ContextMappings
instanceKlass org/springframework/boot/actuate/scheduling/ScheduledTasksEndpoint$ScheduledTasksReport
instanceKlass org/springframework/boot/actuate/scheduling/ScheduledTasksEndpoint$TaskDescription
instanceKlass org/springframework/scheduling/config/Task
instanceKlass org/springframework/scheduling/config/ScheduledTaskHolder
instanceKlass io/micrometer/core/instrument/Measurement
instanceKlass org/springframework/boot/actuate/metrics/MetricsEndpoint$MetricResponse
instanceKlass org/springframework/boot/actuate/metrics/MetricsEndpoint$ListNamesResponse
instanceKlass io/micrometer/core/instrument/composite/CompositeMeterRegistry$$Lambda$591
instanceKlass io/micrometer/core/instrument/composite/CompositeMeterRegistry$$Lambda$590
instanceKlass io/micrometer/shaded/org/pcollections/HashPMap$SequenceIterator
instanceKlass java/util/AbstractMap$2$1
instanceKlass io/micrometer/core/instrument/composite/CompositeMeterRegistry$$Lambda$589
instanceKlass io/micrometer/core/instrument/Metrics$More
instanceKlass io/micrometer/core/instrument/composite/CompositeMeterRegistry$$Lambda$588
instanceKlass io/micrometer/core/instrument/composite/CompositeMeterRegistry$$Lambda$587
instanceKlass io/micrometer/core/instrument/composite/CompositeMeterRegistry$$Lambda$586
instanceKlass io/micrometer/core/instrument/Metrics
instanceKlass io/micrometer/core/instrument/binder/system/FileDescriptorMetrics$$Lambda$585
instanceKlass io/micrometer/core/instrument/binder/system/FileDescriptorMetrics$$Lambda$584
instanceKlass io/micrometer/core/instrument/binder/system/ProcessorMetrics$$Lambda$583
instanceKlass io/micrometer/core/instrument/binder/system/ProcessorMetrics$$Lambda$582
instanceKlass java/lang/invoke/LambdaForm$DMH
instanceKlass io/micrometer/core/instrument/binder/system/ProcessorMetrics$$Lambda$581
instanceKlass java/lang/invoke/LambdaForm$DMH
instanceKlass io/micrometer/core/instrument/binder/system/ProcessorMetrics$$Lambda$580
instanceKlass io/micrometer/core/instrument/binder/system/UptimeMetrics$$Lambda$579
instanceKlass io/micrometer/core/instrument/MeterRegistry$1
instanceKlass io/micrometer/core/instrument/MeterRegistry$$Lambda$578
instanceKlass java/lang/invoke/LambdaForm$DMH
instanceKlass io/micrometer/core/instrument/MeterRegistry$More$$Lambda$577
instanceKlass io/micrometer/core/instrument/MeterRegistry$More$$Lambda$576
instanceKlass io/micrometer/core/instrument/TimeGauge$Builder
instanceKlass io/micrometer/core/instrument/binder/system/UptimeMetrics$$Lambda$575
instanceKlass io/micrometer/core/instrument/MeterRegistry$More$$Lambda$574
instanceKlass io/micrometer/core/instrument/MeterRegistry$More$$Lambda$573
instanceKlass io/micrometer/core/instrument/FunctionCounter$Builder
instanceKlass io/micrometer/core/instrument/binder/jvm/ClassLoaderMetrics$$Lambda$572
instanceKlass io/micrometer/core/instrument/binder/jvm/ClassLoaderMetrics$$Lambda$571
instanceKlass io/micrometer/core/instrument/binder/jvm/JvmThreadMetrics$$Lambda$570
instanceKlass java/lang/invoke/LambdaForm$DMH
instanceKlass io/micrometer/core/instrument/binder/jvm/JvmThreadMetrics$$Lambda$569
instanceKlass io/micrometer/core/instrument/binder/jvm/JvmThreadMetrics$$Lambda$568
instanceKlass io/micrometer/core/instrument/binder/jvm/JvmThreadMetrics$$Lambda$567
instanceKlass io/micrometer/core/instrument/binder/jvm/JvmMemoryMetrics$$Lambda$566
instanceKlass io/micrometer/core/instrument/binder/jvm/JvmMemoryMetrics$$Lambda$565
instanceKlass io/micrometer/core/instrument/binder/jvm/JvmMemoryMetrics$$Lambda$564
instanceKlass java/lang/invoke/LambdaForm$DMH
instanceKlass io/micrometer/core/instrument/binder/jvm/JvmMemoryMetrics$$Lambda$563
instanceKlass io/micrometer/core/instrument/binder/jvm/JvmMemoryMetrics$$Lambda$562
instanceKlass io/micrometer/core/instrument/binder/jvm/JvmMemoryMetrics$$Lambda$561
instanceKlass io/micrometer/core/instrument/Tags$ArrayIterator
instanceKlass io/micrometer/core/instrument/ImmutableTag
instanceKlass io/micrometer/core/instrument/binder/jvm/JvmGcMetrics$$Lambda$560
instanceKlass sun/management/NotificationEmitterSupport$ListenerInfo
instanceKlass java/lang/invoke/LambdaForm$MH
instanceKlass io/micrometer/core/instrument/binder/jvm/JvmGcMetrics$$Lambda$559
instanceKlass java/lang/invoke/LambdaForm$DMH
instanceKlass java/util/concurrent/atomic/Striped64$Cell
instanceKlass org/springframework/boot/actuate/autoconfigure/metrics/export/simple/SimplePropertiesConfigAdapter$$Lambda$558
instanceKlass org/springframework/boot/actuate/autoconfigure/metrics/export/simple/SimplePropertiesConfigAdapter$$Lambda$557
instanceKlass io/micrometer/core/instrument/simple/SimpleMeterRegistry$1
instanceKlass io/micrometer/core/instrument/MeterRegistry$$Lambda$556
instanceKlass io/micrometer/core/instrument/MeterRegistry$$Lambda$555
instanceKlass io/micrometer/core/instrument/Counter$Builder
instanceKlass io/micrometer/core/instrument/binder/jvm/JvmGcMetrics$$Lambda$554
instanceKlass io/micrometer/core/util/internal/logging/WarnThenDebugLogger
instanceKlass io/micrometer/shaded/org/pcollections/ConsPStack$1
instanceKlass io/micrometer/core/instrument/MeterRegistry$$Lambda$553
instanceKlass io/micrometer/core/instrument/MeterRegistry$$Lambda$552
instanceKlass io/micrometer/core/instrument/AbstractMeter
instanceKlass io/micrometer/core/instrument/MeterRegistry$$Lambda$551
instanceKlass io/micrometer/core/instrument/Tags
instanceKlass io/micrometer/core/instrument/Gauge$Builder
instanceKlass io/micrometer/core/instrument/binder/jvm/JvmGcMetrics$$Lambda$550
instanceKlass io/micrometer/core/instrument/binder/jvm/JvmGcMetrics$$Lambda$549
instanceKlass java/lang/invoke/LambdaForm$DMH
instanceKlass io/micrometer/core/instrument/binder/jvm/JvmGcMetrics$$Lambda$548
instanceKlass io/micrometer/core/instrument/binder/jvm/JvmMemory$$Lambda$547
instanceKlass io/micrometer/core/instrument/binder/jvm/JvmMemory$$Lambda$546
instanceKlass org/springframework/boot/actuate/autoconfigure/metrics/MeterRegistryConfigurer$$Lambda$545
instanceKlass javax/management/NotificationListener
instanceKlass io/micrometer/core/instrument/binder/jvm/JvmMemory
instanceKlass com/sun/management/GarbageCollectionNotificationInfo
instanceKlass io/micrometer/core/util/internal/logging/AbstractInternalLogger
instanceKlass io/micrometer/core/util/internal/logging/InternalLogger
instanceKlass io/micrometer/core/util/internal/logging/InternalLoggerFactory
instanceKlass org/springframework/boot/actuate/autoconfigure/metrics/MeterRegistryConfigurer$$Lambda$544
instanceKlass io/micrometer/core/instrument/config/MeterFilter$9
instanceKlass org/springframework/boot/actuate/autoconfigure/metrics/web/client/HttpClientMetricsAutoConfiguration$$Lambda$543
instanceKlass org/springframework/boot/actuate/autoconfigure/metrics/OnlyOnceLoggingDenyMeterFilter
instanceKlass io/micrometer/core/instrument/Tag
instanceKlass org/springframework/boot/actuate/autoconfigure/metrics/ServiceLevelAgreementBoundary
instanceKlass org/springframework/boot/actuate/autoconfigure/metrics/PropertiesMeterFilter$1
instanceKlass org/springframework/boot/actuate/autoconfigure/metrics/MeterRegistryConfigurer$$Lambda$542
instanceKlass org/springframework/boot/actuate/autoconfigure/metrics/MetricsProperties$Web$Server$ServerRequest
instanceKlass org/springframework/boot/actuate/autoconfigure/metrics/MetricsProperties$Web$Server
instanceKlass org/springframework/boot/actuate/metrics/AutoTimer$1
instanceKlass org/springframework/boot/actuate/metrics/AutoTimer$$Lambda$541
instanceKlass io/micrometer/core/instrument/Timer$Builder
instanceKlass org/springframework/boot/actuate/autoconfigure/metrics/AutoTimeProperties
instanceKlass org/springframework/boot/actuate/autoconfigure/metrics/MetricsProperties$Web$Client$ClientRequest
instanceKlass org/springframework/boot/actuate/autoconfigure/metrics/MetricsProperties$Web$Client
instanceKlass io/micrometer/core/instrument/search/Search
instanceKlass io/micrometer/core/instrument/search/RequiredSearch
instanceKlass io/micrometer/core/instrument/TimeGauge
instanceKlass io/micrometer/core/instrument/FunctionCounter
instanceKlass io/micrometer/core/instrument/FunctionTimer
instanceKlass io/micrometer/core/instrument/Gauge
instanceKlass java/util/function/ToDoubleFunction
instanceKlass io/micrometer/core/instrument/LongTaskTimer
instanceKlass io/micrometer/core/instrument/Counter
instanceKlass io/micrometer/core/instrument/DistributionSummary
instanceKlass io/micrometer/core/instrument/Timer
instanceKlass io/micrometer/core/instrument/distribution/HistogramSupport
instanceKlass io/micrometer/core/instrument/Meter
instanceKlass io/micrometer/core/instrument/Meter$Id
instanceKlass io/micrometer/core/instrument/distribution/DistributionStatisticConfig
instanceKlass io/micrometer/core/instrument/internal/Mergeable
instanceKlass io/micrometer/core/instrument/config/NamingConvention$4
instanceKlass io/micrometer/core/instrument/config/NamingConvention$3
instanceKlass io/micrometer/core/instrument/config/NamingConvention$2
instanceKlass io/micrometer/core/instrument/config/NamingConvention$1
instanceKlass io/micrometer/core/instrument/config/NamingConvention$$Lambda$540
instanceKlass java/lang/invoke/LambdaForm$DMH
instanceKlass io/micrometer/core/instrument/config/NamingConvention
instanceKlass io/micrometer/core/instrument/distribution/pause/NoPauseDetector
instanceKlass io/micrometer/core/instrument/distribution/pause/PauseDetector
instanceKlass io/micrometer/shaded/org/pcollections/PStack
instanceKlass io/micrometer/shaded/org/pcollections/PSequence
instanceKlass io/micrometer/shaded/org/pcollections/PCollection
instanceKlass io/micrometer/shaded/org/pcollections/IntTree$EntryIterator
instanceKlass java/util/AbstractMap$1$1
instanceKlass io/micrometer/shaded/org/pcollections/IntTree
instanceKlass io/micrometer/shaded/org/pcollections/PMap
instanceKlass io/micrometer/shaded/org/pcollections/HashTreePMap
instanceKlass io/micrometer/core/instrument/MeterRegistry$More
instanceKlass io/micrometer/core/instrument/MeterRegistry$Config
instanceKlass io/micrometer/core/instrument/Clock$1
instanceKlass io/micrometer/core/lang/Nullable
instanceKlass io/micrometer/core/instrument/simple/SimpleConfig$$Lambda$539
instanceKlass org/springframework/boot/actuate/autoconfigure/metrics/export/properties/PropertiesConfigAdapter
instanceKlass org/springframework/boot/actuate/management/ThreadDumpEndpoint$ThreadDumpDescriptor
instanceKlass org/springframework/boot/actuate/management/PlainTextThreadDumpFormatter
instanceKlass org/springframework/boot/actuate/endpoint/web/WebEndpointResponse
instanceKlass org/springframework/boot/actuate/management/HeapDumpWebEndpoint$HeapDumper
instanceKlass org/springframework/boot/actuate/logging/LoggersEndpoint$LoggerLevels
instanceKlass org/springframework/boot/actuate/autoconfigure/logging/LoggersEndpointAutoConfiguration$$Lambda$538
instanceKlass org/springframework/boot/actuate/info/Info$Builder
instanceKlass org/springframework/boot/actuate/health/HealthEndpointSupport$HealthResult
instanceKlass org/springframework/boot/actuate/endpoint/SecurityContext
instanceKlass org/springframework/boot/actuate/health/NamedContributor
instanceKlass org/springframework/boot/actuate/autoconfigure/health/AutoConfiguredHealthContributorRegistry$$Lambda$537
instanceKlass org/springframework/boot/actuate/autoconfigure/health/AutoConfiguredHealthContributorRegistry$$Lambda$536
instanceKlass org/springframework/boot/actuate/health/DefaultContributorRegistry$$Lambda$535
instanceKlass org/springframework/boot/actuate/health/HealthContributorNameFactory
instanceKlass org/springframework/boot/actuate/health/DefaultContributorRegistry
instanceKlass org/springframework/boot/jdbc/metadata/AbstractDataSourcePoolMetadata
instanceKlass org/springframework/jdbc/datasource/DelegatingDataSource
instanceKlass org/springframework/boot/jdbc/DataSourceUnwrapper
instanceKlass org/springframework/boot/jdbc/metadata/CompositeDataSourcePoolMetadataProvider
instanceKlass java/lang/invoke/LambdaForm$Hidden
instanceKlass org/springframework/boot/autoconfigure/jdbc/metadata/DataSourcePoolMetadataProvidersConfiguration$HikariPoolDataSourceMetadataProviderConfiguration$$Lambda$534
instanceKlass org/springframework/util/ClassUtils$$Lambda$533
instanceKlass org/springframework/jdbc/config/SortedResourcesFactoryBean$$Lambda$532
instanceKlass org/springframework/boot/autoconfigure/jdbc/DataSourceInitializer
instanceKlass org/springframework/beans/factory/config/NamedBeanHolder
instanceKlass org/springframework/beans/factory/NamedBean
instanceKlass java/sql/DriverInfo
instanceKlass org/apache/catalina/loader/WebappClassLoaderBase$CombinedEnumeration
instanceKlass java/util/Collections$EmptyEnumeration
instanceKlass java/sql/DriverManager$2
instanceKlass java/sql/DriverManager$1
instanceKlass java/sql/DriverManager
instanceKlass com/mysql/cj/jdbc/AbandonedConnectionCleanupThread$$Lambda$531
instanceKlass com/mysql/cj/jdbc/AbandonedConnectionCleanupThread
instanceKlass org/springframework/boot/context/properties/source/ConfigurationPropertyNameAliases$$Lambda$530
instanceKlass org/springframework/boot/context/properties/source/ConfigurationPropertyNameAliases$$Lambda$529
instanceKlass com/zaxxer/hikari/pool/PoolBase
instanceKlass com/zaxxer/hikari/util/ConcurrentBag$IBagStateListener
instanceKlass java/sql/Connection
instanceKlass com/zaxxer/hikari/HikariPoolMXBean
instanceKlass com/zaxxer/hikari/metrics/MetricsTrackerFactory
instanceKlass org/springframework/boot/context/properties/source/IterableConfigurationPropertySource$$Lambda$528
instanceKlass org/springframework/boot/context/properties/bind/PlaceholdersResolver$$Lambda$527
instanceKlass org/springframework/boot/context/properties/source/AliasedConfigurationPropertySource
instanceKlass org/springframework/util/LinkedMultiValueMap$$Lambda$526
instanceKlass java/util/stream/Nodes$ArrayNode
instanceKlass java/util/stream/Node$Builder
instanceKlass java/util/stream/Node$OfDouble
instanceKlass java/util/stream/Node$OfLong
instanceKlass java/util/stream/Node$OfInt
instanceKlass java/util/stream/Node$OfPrimitive
instanceKlass java/util/stream/Nodes$EmptyNode
instanceKlass java/util/stream/Node
instanceKlass java/util/stream/Nodes
instanceKlass org/springframework/boot/context/properties/source/ConfigurationPropertyNameAliases$$Lambda$525
instanceKlass org/springframework/boot/context/properties/source/ConfigurationPropertyNameAliases$$Lambda$524
instanceKlass org/springframework/boot/context/properties/source/ConfigurationPropertyNameAliases
instanceKlass org/springframework/boot/context/properties/source/MapConfigurationPropertySource$$Lambda$523
instanceKlass java/lang/invoke/LambdaForm$DMH
instanceKlass org/springframework/boot/context/properties/source/MapConfigurationPropertySource
instanceKlass org/springframework/boot/autoconfigure/jdbc/DataSourceProperties$$Lambda$522
instanceKlass com/mysql/cj/jdbc/NonRegisteringDriver
instanceKlass java/sql/Driver
instanceKlass org/springframework/boot/actuate/health/HealthComponent
instanceKlass org/springframework/boot/actuate/health/Health$Builder
instanceKlass org/springframework/boot/actuate/health/AbstractHealthIndicator$$Lambda$521
instanceKlass java/lang/invoke/LambdaForm$MH
instanceKlass org/springframework/boot/actuate/autoconfigure/health/AutoConfiguredHealthEndpointGroups$$Lambda$520
instanceKlass java/lang/invoke/LambdaForm$DMH
instanceKlass org/springframework/boot/actuate/autoconfigure/health/AutoConfiguredHealthEndpointGroup
instanceKlass org/springframework/boot/actuate/health/HealthEndpointGroup
instanceKlass org/springframework/boot/actuate/health/SimpleHttpCodeStatusMapper
instanceKlass org/springframework/boot/actuate/health/SimpleStatusAggregator$StatusComparator
instanceKlass org/springframework/boot/actuate/health/SimpleStatusAggregator$$Lambda$519
instanceKlass org/springframework/boot/actuate/health/Status
instanceKlass org/springframework/boot/actuate/health/SimpleStatusAggregator
instanceKlass org/springframework/boot/actuate/autoconfigure/health/AutoConfiguredHealthEndpointGroups$$Lambda$518
instanceKlass org/springframework/boot/actuate/autoconfigure/health/AutoConfiguredHealthEndpointGroups$$Lambda$517
instanceKlass org/springframework/boot/actuate/autoconfigure/health/AutoConfiguredHealthEndpointGroups
instanceKlass org/springframework/boot/actuate/autoconfigure/health/HealthProperties$Status
instanceKlass org/springframework/boot/actuate/env/EnvironmentEndpoint$PropertySummaryDescriptor
instanceKlass org/springframework/boot/actuate/env/EnvironmentEndpoint$EnvironmentDescriptor
instanceKlass org/springframework/boot/actuate/env/EnvironmentEndpoint$EnvironmentEntryDescriptor
instanceKlass org/springframework/boot/actuate/env/EnvironmentEndpoint$PropertySourceDescriptor
instanceKlass org/springframework/boot/actuate/env/EnvironmentEndpoint$PropertyValueDescriptor
instanceKlass org/springframework/boot/actuate/context/properties/ConfigurationPropertiesReportEndpoint$ContextConfigurationProperties
instanceKlass org/springframework/boot/actuate/context/properties/ConfigurationPropertiesReportEndpoint$ApplicationConfigurationProperties
instanceKlass org/springframework/boot/actuate/endpoint/Sanitizer
instanceKlass org/springframework/boot/actuate/autoconfigure/condition/ConditionsReportEndpoint$ApplicationConditionEvaluation
instanceKlass org/springframework/cache/Cache
instanceKlass org/springframework/boot/actuate/cache/CachesEndpoint$CacheDescriptor
instanceKlass org/springframework/boot/actuate/cache/CachesEndpoint$CachesReport
instanceKlass java/util/StringJoiner
instanceKlass org/springframework/boot/actuate/endpoint/annotation/EndpointDiscoverer$$Lambda$516
instanceKlass org/springframework/boot/actuate/endpoint/annotation/EndpointDiscoverer$EndpointBean$$Lambda$515
instanceKlass org/springframework/boot/actuate/beans/BeansEndpoint$ApplicationBeans
instanceKlass org/springframework/beans/factory/support/DefaultListableBeanFactory$$Lambda$514
instanceKlass javax/ws/rs/ApplicationPath
instanceKlass org/springframework/boot/autoconfigure/web/servlet/DefaultJerseyApplicationPath
instanceKlass org/springframework/cglib/reflect/FastClassEmitter$4
instanceKlass org/springframework/cglib/core/Block
instanceKlass org/springframework/cglib/core/EmitUtils$14
instanceKlass org/springframework/cglib/core/EmitUtils$13
instanceKlass org/springframework/cglib/core/EmitUtils$12
instanceKlass org/springframework/cglib/core/EmitUtils$11
instanceKlass org/springframework/cglib/core/EmitUtils$10
instanceKlass org/springframework/cglib/core/EmitUtils$ParameterTyper
instanceKlass org/springframework/cglib/reflect/FastClassEmitter$GetIndexCallback
instanceKlass org/springframework/cglib/reflect/FastClassEmitter$3
instanceKlass org/springframework/cglib/reflect/FastClassEmitter$1
instanceKlass org/springframework/cglib/reflect/FastClass
instanceKlass org/springframework/cglib/proxy/MethodProxy$FastClassInfo
instanceKlass org/glassfish/jersey/model/internal/ManagedObjectsFinalizer
instanceKlass org/glassfish/jersey/server/ResourceFinder
instanceKlass org/glassfish/jersey/server/model/Resource
instanceKlass org/glassfish/jersey/server/model/ResourceModelComponent
instanceKlass org/glassfish/jersey/server/model/Routed
instanceKlass org/glassfish/jersey/internal/util/ReflectionHelper$8
instanceKlass org/glassfish/jersey/internal/util/ReflectionHelper$2
instanceKlass org/glassfish/jersey/internal/util/TypeVisitor
instanceKlass org/glassfish/jersey/internal/util/ReflectionHelper$1
instanceKlass org/glassfish/jersey/internal/util/ReflectionHelper
instanceKlass org/glassfish/jersey/model/internal/ComponentBag$$Lambda$513
instanceKlass org/glassfish/jersey/process/Inflector
instanceKlass org/glassfish/jersey/model/ContractProvider$Builder
instanceKlass org/glassfish/jersey/model/internal/ComponentBag$$Lambda$512
instanceKlass org/glassfish/jersey/model/internal/ComponentBag$$Lambda$511
instanceKlass org/glassfish/jersey/model/internal/ComponentBag$$Lambda$510
instanceKlass org/glassfish/jersey/model/internal/ComponentBag$$Lambda$509
instanceKlass org/glassfish/jersey/model/internal/ComponentBag$$Lambda$508
instanceKlass org/glassfish/jersey/model/internal/ComponentBag$$Lambda$507
instanceKlass java/util/function/BiPredicate
instanceKlass org/glassfish/jersey/internal/inject/InjectionManager
instanceKlass org/glassfish/jersey/model/internal/ComponentBag$$Lambda$506
instanceKlass org/glassfish/jersey/internal/inject/Binder
instanceKlass org/glassfish/jersey/model/internal/ComponentBag$$Lambda$505
instanceKlass org/glassfish/jersey/model/ContractProvider
instanceKlass org/glassfish/jersey/model/NameBound
instanceKlass org/glassfish/jersey/model/Scoped
instanceKlass org/glassfish/jersey/model/internal/ComponentBag
instanceKlass org/glassfish/jersey/model/internal/CommonConfig
instanceKlass javax/ws/rs/core/FeatureContext
instanceKlass org/springframework/boot/actuate/endpoint/annotation/EndpointDiscoverer$ExtensionBean
instanceKlass org/springframework/boot/actuate/endpoint/annotation/EndpointDiscoverer$EndpointBean
instanceKlass org/springframework/boot/actuate/endpoint/annotation/EndpointDiscoverer$OperationKey
instanceKlass org/springframework/boot/actuate/endpoint/Operation
instanceKlass org/springframework/boot/actuate/endpoint/invoke/OperationInvoker
instanceKlass org/springframework/boot/actuate/endpoint/invoke/reflect/OperationMethod
instanceKlass org/springframework/boot/actuate/endpoint/annotation/DeleteOperation
instanceKlass org/springframework/boot/actuate/endpoint/annotation/WriteOperation
instanceKlass org/springframework/boot/actuate/endpoint/annotation/ReadOperation
instanceKlass org/springframework/boot/actuate/endpoint/annotation/DiscoveredOperationsFactory
instanceKlass org/springframework/boot/actuate/endpoint/invoke/ParameterValueMapper$$Lambda$504
instanceKlass org/springframework/boot/actuate/endpoint/invoke/OperationParameter
instanceKlass org/springframework/boot/actuate/autoconfigure/endpoint/ExposeExcludePropertyEndpointFilter$$Lambda$503
instanceKlass org/springframework/boot/actuate/autoconfigure/endpoint/web/MappingWebEndpointPathMapper$$Lambda$502
instanceKlass org/springframework/boot/actuate/autoconfigure/endpoint/web/MappingWebEndpointPathMapper
instanceKlass org/springframework/aop/scope/ScopedProxyUtils
instanceKlass org/springframework/web/context/support/ServletContextScope
instanceKlass org/springframework/web/context/ContextLoader
instanceKlass org/springframework/boot/web/servlet/server/AbstractServletWebServerFactory$$Lambda$501
instanceKlass java/lang/invoke/LambdaForm$DMH
instanceKlass org/apache/tomcat/InstanceManagerBindings
instanceKlass org/apache/catalina/core/DefaultInstanceManager$AnnotationCacheEntry
instanceKlass org/apache/catalina/core/DefaultInstanceManager
instanceKlass org/apache/tomcat/InstanceManager
instanceKlass org/apache/tomcat/util/descriptor/web/ResourceBase
instanceKlass org/apache/tomcat/util/descriptor/web/Injectable
instanceKlass org/apache/catalina/SessionIdGenerator
instanceKlass org/apache/tomcat/util/modeler/Util
instanceKlass org/apache/tomcat/util/http/ConcurrentDateFormat
instanceKlass org/apache/tomcat/util/http/FastHttpDateFormat
instanceKlass javax/security/auth/message/config/RegistrationListener
instanceKlass org/apache/catalina/Authenticator
instanceKlass org/apache/tomcat/util/descriptor/web/LoginConfig
instanceKlass javax/servlet/annotation/ServletSecurity
instanceKlass javax/annotation/security/RunAs
instanceKlass org/apache/catalina/servlets/DefaultServlet$SortManager$Order
instanceKlass org/apache/catalina/servlets/DefaultServlet$PrecompressedResource
instanceKlass javax/servlet/http/HttpServletResponse
instanceKlass javax/servlet/http/HttpServletRequest
instanceKlass org/apache/catalina/servlets/DefaultServlet$SortManager
instanceKlass org/apache/catalina/servlets/DefaultServlet$CompressionFormat
instanceKlass org/apache/catalina/servlets/DefaultServlet$Range
instanceKlass org/apache/catalina/servlets/DefaultServlet$SecureEntityResolver
instanceKlass org/xml/sax/ext/EntityResolver2
instanceKlass javax/xml/parsers/DocumentBuilderFactory
instanceKlass org/apache/tomcat/util/descriptor/web/FilterDef
instanceKlass javax/annotation/security/DeclareRoles
instanceKlass javax/annotation/Resources
instanceKlass org/apache/catalina/util/Introspection
instanceKlass org/apache/catalina/startup/WebAnnotationSet
instanceKlass java/lang/instrument/ClassFileTransformer
instanceKlass org/apache/catalina/security/SecurityUtil
instanceKlass org/apache/tomcat/util/buf/UDecoder
instanceKlass org/apache/catalina/webresources/EmptyResource
instanceKlass org/apache/tomcat/util/compat/JrePlatform
instanceKlass org/apache/catalina/webresources/CachedResource
instanceKlass org/apache/catalina/util/Extension
instanceKlass org/apache/catalina/util/ManifestResource
instanceKlass org/apache/catalina/util/ExtensionValidator
instanceKlass org/apache/tomcat/util/http/CookieProcessorBase
instanceKlass org/apache/tomcat/util/http/CookieProcessor
instanceKlass org/apache/catalina/WebResource
instanceKlass org/apache/tomcat/util/http/RequestUtil
instanceKlass org/apache/catalina/WebResourceSet
instanceKlass org/apache/catalina/webresources/TomcatURLStreamHandlerFactory
instanceKlass org/apache/catalina/webresources/Cache
instanceKlass org/apache/catalina/WebResourceRoot
instanceKlass org/apache/catalina/core/ApplicationSessionCookieConfig
instanceKlass javax/servlet/SessionCookieConfig
instanceKlass org/apache/catalina/core/ApplicationContextFacade
instanceKlass org/apache/catalina/core/ApplicationContext
instanceKlass org/apache/catalina/util/ContextName
instanceKlass org/apache/catalina/core/ContainerBase$StartChild
instanceKlass org/apache/catalina/realm/X509SubjectDnRetriever
instanceKlass org/apache/catalina/realm/X509UsernameRetriever
instanceKlass java/util/logging/LogRecord
instanceKlass org/apache/catalina/util/ServerInfo
instanceKlass org/apache/catalina/connector/CoyoteAdapter
instanceKlass org/apache/catalina/Executor
instanceKlass org/apache/catalina/mbeans/MBeanUtils
instanceKlass org/apache/catalina/mbeans/MBeanFactory
instanceKlass org/apache/tomcat/util/buf/StringCache
instanceKlass org/apache/tomcat/util/threads/ScheduledThreadPoolExecutor
instanceKlass org/apache/tomcat/util/threads/TaskThreadFactory
instanceKlass org/springframework/boot/web/embedded/tomcat/TomcatWebServer$$Lambda$500
instanceKlass org/springframework/boot/autoconfigure/web/embedded/TomcatWebServerFactoryCustomizer$$Lambda$499
instanceKlass org/apache/tomcat/websocket/server/WsContextListener
instanceKlass javax/servlet/ServletContextListener
instanceKlass org/springframework/boot/web/embedded/tomcat/DisableReferenceClearingContextCustomizer
instanceKlass org/springframework/boot/web/embedded/tomcat/TomcatServletWebServerFactory$DisablePersistSessionListener
instanceKlass org/springframework/boot/web/embedded/tomcat/TomcatStarter
instanceKlass org/apache/catalina/core/StandardHost$MemoryLeakTrackingListener
instanceKlass org/springframework/boot/web/servlet/server/AbstractServletWebServerFactory$SessionConfiguringInitializer
instanceKlass org/springframework/boot/web/servlet/server/AbstractServletWebServerFactory$$Lambda$498
instanceKlass org/springframework/boot/web/embedded/tomcat/TomcatServletWebServerFactory$StaticResourceConfigurer
instanceKlass org/apache/catalina/core/StandardWrapperFacade
instanceKlass java/util/EventListenerProxy
instanceKlass org/apache/tomcat/util/security/PermissionCheck
instanceKlass org/apache/juli/WebappProperties
instanceKlass org/apache/tomcat/InstrumentableClassLoader
instanceKlass org/apache/catalina/Loader
instanceKlass org/apache/tomcat/util/scan/StandardJarScanner
instanceKlass org/apache/tomcat/JarScanner
instanceKlass org/apache/tomcat/util/scan/StandardJarScanFilter
instanceKlass org/apache/tomcat/JarScanFilter
instanceKlass org/springframework/boot/web/embedded/tomcat/TomcatServletWebServerFactory$$Lambda$497
instanceKlass org/apache/catalina/util/CharsetMapper
instanceKlass org/apache/catalina/startup/Tomcat$FixContextListener
instanceKlass org/apache/catalina/util/URLEncoder
instanceKlass org/apache/catalina/Wrapper
instanceKlass org/apache/catalina/core/StandardContext$ContextFilterMaps
instanceKlass org/apache/catalina/util/ErrorPageSupport
instanceKlass org/apache/tomcat/util/descriptor/web/XmlEncodingBase
instanceKlass org/apache/tomcat/util/descriptor/web/ApplicationParameter
instanceKlass org/apache/catalina/core/StandardContext$1
instanceKlass org/apache/catalina/ThreadBindingListener
instanceKlass org/apache/catalina/Globals
instanceKlass org/apache/catalina/realm/RealmBase$AllRolesMode
instanceKlass org/apache/catalina/realm/DigestCredentialHandlerBase
instanceKlass org/apache/catalina/CredentialHandler
instanceKlass org/apache/catalina/Realm
instanceKlass org/apache/catalina/Pipeline
instanceKlass org/apache/catalina/Contained
instanceKlass org/apache/tomcat/util/threads/LimitLatch
instanceKlass org/springframework/boot/web/embedded/tomcat/CompressionConnectorCustomizer
instanceKlass org/apache/tomcat/util/net/SocketWrapperBase
instanceKlass org/apache/tomcat/util/net/SSLImplementation
instanceKlass org/apache/tomcat/util/buf/CharsetCache
instanceKlass org/apache/tomcat/util/buf/B2CConverter
instanceKlass org/springframework/boot/web/embedded/tomcat/TomcatServletWebServerFactory$$Lambda$496
instanceKlass org/apache/coyote/Processor
instanceKlass org/apache/coyote/Adapter
instanceKlass org/apache/coyote/Response
instanceKlass org/apache/coyote/Request
instanceKlass org/apache/tomcat/util/net/SSLHostConfig
instanceKlass org/apache/tomcat/util/IntrospectionUtils
instanceKlass org/apache/catalina/ContainerListener
instanceKlass org/apache/catalina/mapper/Mapper$MapElement
instanceKlass org/apache/catalina/mapper/Mapper
instanceKlass org/apache/tomcat/util/file/ConfigFileLoader
instanceKlass org/apache/tomcat/util/file/ConfigurationSource$1
instanceKlass org/apache/catalina/startup/CatalinaBaseConfigurationSource
instanceKlass org/apache/tomcat/util/file/ConfigurationSource
instanceKlass org/apache/tomcat/util/descriptor/web/NamingResources
instanceKlass java/beans/PropertyChangeListener
instanceKlass java/beans/ChangeListenerMap
instanceKlass java/beans/PropertyChangeSupport
instanceKlass org/apache/catalina/Service
instanceKlass org/apache/catalina/Server
instanceKlass org/apache/tomcat/util/collections/SynchronizedStack
instanceKlass org/apache/tomcat/util/modeler/BaseModelMBean
instanceKlass javax/management/modelmbean/ModelMBeanNotificationBroadcaster
instanceKlass org/apache/coyote/AbstractProtocol$ConnectionHandler
instanceKlass org/apache/tomcat/util/net/AbstractEndpoint$Handler
instanceKlass org/apache/coyote/CompressionConfig
instanceKlass org/apache/tomcat/util/net/NioSelectorPool
instanceKlass org/apache/tomcat/util/net/SocketProperties
instanceKlass org/apache/tomcat/util/net/AbstractEndpoint
instanceKlass java/io/DeleteOnExitHook$1
instanceKlass java/io/DeleteOnExitHook
instanceKlass java/io/File$TempDirectory
instanceKlass org/apache/tomcat/util/ExceptionUtils
instanceKlass org/apache/tomcat/util/compat/JreCompat
instanceKlass org/apache/tomcat/util/modeler/FeatureInfo
instanceKlass org/apache/tomcat/util/modeler/ManagedBean
instanceKlass org/apache/tomcat/util/modeler/NoDescriptorRegistry$NoJmxMBeanServer
instanceKlass org/apache/tomcat/util/modeler/Registry
instanceKlass org/apache/tomcat/util/modeler/RegistryMBean
instanceKlass org/springframework/boot/web/servlet/context/ServletWebServerApplicationContext$$Lambda$495
instanceKlass org/springframework/boot/web/server/ErrorPageRegistrar
instanceKlass org/springframework/boot/autoconfigure/web/embedded/TomcatWebServerFactoryCustomizer$$Lambda$494
instanceKlass org/springframework/boot/autoconfigure/web/embedded/TomcatWebServerFactoryCustomizer$$Lambda$493
instanceKlass org/springframework/boot/autoconfigure/web/embedded/TomcatWebServerFactoryCustomizer$$Lambda$492
instanceKlass org/springframework/boot/autoconfigure/web/embedded/TomcatWebServerFactoryCustomizer$$Lambda$491
instanceKlass org/springframework/boot/autoconfigure/web/embedded/TomcatWebServerFactoryCustomizer$$Lambda$490
instanceKlass java/util/stream/Collectors$$Lambda$489
instanceKlass java/util/stream/Collectors$$Lambda$488
instanceKlass java/util/stream/Collectors$$Lambda$487
instanceKlass java/util/stream/Collectors$$Lambda$486
instanceKlass org/springframework/boot/autoconfigure/web/embedded/TomcatWebServerFactoryCustomizer$$Lambda$485
instanceKlass org/springframework/boot/autoconfigure/web/embedded/TomcatWebServerFactoryCustomizer$$Lambda$484
instanceKlass org/springframework/boot/context/properties/PropertyMapper$Source$$Lambda$483
instanceKlass org/springframework/boot/autoconfigure/web/embedded/TomcatWebServerFactoryCustomizer$$Lambda$482
instanceKlass org/springframework/boot/autoconfigure/web/embedded/TomcatWebServerFactoryCustomizer$$Lambda$481
instanceKlass org/springframework/boot/autoconfigure/web/embedded/TomcatWebServerFactoryCustomizer$$Lambda$480
instanceKlass org/springframework/boot/autoconfigure/web/embedded/TomcatWebServerFactoryCustomizer$$Lambda$479
instanceKlass org/springframework/boot/autoconfigure/web/embedded/TomcatWebServerFactoryCustomizer$$Lambda$478
instanceKlass org/springframework/boot/autoconfigure/web/embedded/TomcatWebServerFactoryCustomizer$$Lambda$477
instanceKlass org/springframework/boot/autoconfigure/web/embedded/TomcatWebServerFactoryCustomizer$$Lambda$476
instanceKlass org/springframework/boot/autoconfigure/web/embedded/TomcatWebServerFactoryCustomizer$$Lambda$475
instanceKlass org/springframework/boot/autoconfigure/web/embedded/TomcatWebServerFactoryCustomizer$$Lambda$474
instanceKlass org/springframework/boot/autoconfigure/web/embedded/TomcatWebServerFactoryCustomizer$$Lambda$473
instanceKlass org/springframework/boot/autoconfigure/web/embedded/TomcatWebServerFactoryCustomizer$$Lambda$472
instanceKlass org/springframework/boot/autoconfigure/web/embedded/TomcatWebServerFactoryCustomizer$$Lambda$471
instanceKlass org/springframework/boot/autoconfigure/web/embedded/TomcatWebServerFactoryCustomizer$$Lambda$470
instanceKlass org/springframework/boot/autoconfigure/web/embedded/TomcatWebServerFactoryCustomizer$$Lambda$469
instanceKlass org/springframework/boot/autoconfigure/web/embedded/TomcatWebServerFactoryCustomizer$$Lambda$468
instanceKlass org/springframework/boot/autoconfigure/web/embedded/TomcatWebServerFactoryCustomizer$$Lambda$467
instanceKlass org/springframework/boot/autoconfigure/web/embedded/TomcatWebServerFactoryCustomizer$$Lambda$466
instanceKlass org/springframework/boot/autoconfigure/web/embedded/TomcatWebServerFactoryCustomizer$$Lambda$465
instanceKlass org/springframework/boot/autoconfigure/web/embedded/TomcatWebServerFactoryCustomizer$$Lambda$464
instanceKlass org/springframework/boot/autoconfigure/web/embedded/TomcatWebServerFactoryCustomizer$$Lambda$463
instanceKlass org/springframework/boot/autoconfigure/web/embedded/TomcatWebServerFactoryCustomizer$$Lambda$462
instanceKlass org/springframework/boot/autoconfigure/web/embedded/TomcatWebServerFactoryCustomizer$$Lambda$461
instanceKlass org/springframework/boot/autoconfigure/web/embedded/TomcatWebServerFactoryCustomizer$$Lambda$460
instanceKlass org/springframework/boot/autoconfigure/web/embedded/TomcatWebServerFactoryCustomizer$$Lambda$459
instanceKlass org/springframework/boot/autoconfigure/web/embedded/TomcatWebServerFactoryCustomizer$$Lambda$458
instanceKlass org/springframework/boot/autoconfigure/web/embedded/TomcatWebServerFactoryCustomizer$$Lambda$457
instanceKlass org/springframework/boot/autoconfigure/web/embedded/TomcatWebServerFactoryCustomizer$$Lambda$456
instanceKlass org/springframework/boot/autoconfigure/web/embedded/TomcatWebServerFactoryCustomizer$$Lambda$455
instanceKlass org/springframework/boot/autoconfigure/web/embedded/TomcatWebServerFactoryCustomizer$$Lambda$454
instanceKlass org/springframework/boot/autoconfigure/web/embedded/TomcatWebServerFactoryCustomizer$$Lambda$453
instanceKlass org/springframework/boot/autoconfigure/web/embedded/TomcatWebServerFactoryCustomizer$$Lambda$452
instanceKlass org/springframework/boot/autoconfigure/web/embedded/TomcatWebServerFactoryCustomizer$$Lambda$451
instanceKlass org/springframework/boot/autoconfigure/web/embedded/TomcatWebServerFactoryCustomizer$$Lambda$450
instanceKlass org/springframework/boot/autoconfigure/web/embedded/TomcatWebServerFactoryCustomizer$$Lambda$449
instanceKlass org/springframework/boot/context/properties/PropertyMapper$Source$$Lambda$448
instanceKlass org/springframework/boot/autoconfigure/web/embedded/TomcatWebServerFactoryCustomizer$$Lambda$447
instanceKlass org/springframework/boot/context/properties/PropertyMapper$$Lambda$446
instanceKlass org/springframework/boot/autoconfigure/web/embedded/TomcatWebServerFactoryCustomizer$$Lambda$445
instanceKlass org/springframework/boot/autoconfigure/web/embedded/TomcatWebServerFactoryCustomizer$$Lambda$444
instanceKlass org/springframework/boot/autoconfigure/web/embedded/TomcatWebServerFactoryCustomizer$$Lambda$443
instanceKlass org/springframework/boot/autoconfigure/web/embedded/TomcatWebServerFactoryCustomizer$$Lambda$442
instanceKlass org/springframework/boot/autoconfigure/web/embedded/TomcatWebServerFactoryCustomizer$$Lambda$441
instanceKlass org/springframework/boot/autoconfigure/web/embedded/TomcatWebServerFactoryCustomizer$$Lambda$440
instanceKlass java/util/function/Predicate$$Lambda$439
instanceKlass org/springframework/boot/autoconfigure/web/embedded/TomcatWebServerFactoryCustomizer$$Lambda$438
instanceKlass java/lang/invoke/LambdaForm$DMH
instanceKlass org/springframework/boot/autoconfigure/web/embedded/TomcatWebServerFactoryCustomizer$$Lambda$437
instanceKlass java/lang/invoke/LambdaForm$DMH
instanceKlass org/springframework/boot/autoconfigure/web/embedded/TomcatWebServerFactoryCustomizer$$Lambda$436
instanceKlass org/springframework/boot/autoconfigure/web/embedded/TomcatWebServerFactoryCustomizer$$Lambda$435
instanceKlass org/springframework/boot/context/properties/PropertyMapper$Source$$Lambda$434
instanceKlass org/springframework/boot/context/properties/PropertyMapper$Source$$Lambda$433
instanceKlass org/springframework/boot/context/properties/PropertyMapper$Source$$Lambda$432
instanceKlass org/springframework/boot/autoconfigure/web/embedded/TomcatWebServerFactoryCustomizer$$Lambda$431
instanceKlass org/springframework/boot/autoconfigure/web/embedded/TomcatWebServerFactoryCustomizer$$Lambda$430
instanceKlass org/springframework/boot/autoconfigure/web/embedded/TomcatWebServerFactoryCustomizer$$Lambda$429
instanceKlass org/springframework/boot/autoconfigure/web/embedded/TomcatWebServerFactoryCustomizer$$Lambda$428
instanceKlass org/springframework/boot/autoconfigure/web/servlet/TomcatServletWebServerFactoryCustomizer$$Lambda$427
instanceKlass java/lang/invoke/LambdaForm$DMH
instanceKlass org/springframework/boot/autoconfigure/web/servlet/ServletWebServerFactoryCustomizer$$Lambda$426
instanceKlass org/springframework/boot/autoconfigure/web/servlet/ServletWebServerFactoryCustomizer$$Lambda$425
instanceKlass org/springframework/boot/autoconfigure/web/servlet/ServletWebServerFactoryCustomizer$$Lambda$424
instanceKlass org/springframework/boot/autoconfigure/web/servlet/ServletWebServerFactoryCustomizer$$Lambda$423
instanceKlass org/springframework/boot/autoconfigure/web/servlet/ServletWebServerFactoryCustomizer$$Lambda$422
instanceKlass org/springframework/boot/autoconfigure/web/servlet/ServletWebServerFactoryCustomizer$$Lambda$421
instanceKlass org/springframework/boot/autoconfigure/web/servlet/ServletWebServerFactoryCustomizer$$Lambda$420
instanceKlass org/springframework/boot/autoconfigure/web/servlet/ServletWebServerFactoryCustomizer$$Lambda$419
instanceKlass org/springframework/boot/autoconfigure/web/servlet/ServletWebServerFactoryCustomizer$$Lambda$418
instanceKlass org/springframework/boot/autoconfigure/web/servlet/ServletWebServerFactoryCustomizer$$Lambda$417
instanceKlass org/springframework/boot/autoconfigure/web/servlet/ServletWebServerFactoryCustomizer$$Lambda$416
instanceKlass org/springframework/boot/autoconfigure/web/servlet/ServletWebServerFactoryCustomizer$$Lambda$415
instanceKlass org/springframework/boot/autoconfigure/web/servlet/ServletWebServerFactoryCustomizer$$Lambda$414
instanceKlass org/springframework/boot/autoconfigure/web/servlet/ServletWebServerFactoryCustomizer$$Lambda$413
instanceKlass org/springframework/boot/autoconfigure/web/servlet/ServletWebServerFactoryCustomizer$$Lambda$412
instanceKlass org/springframework/boot/autoconfigure/web/servlet/ServletWebServerFactoryCustomizer$$Lambda$411
instanceKlass org/springframework/boot/autoconfigure/web/servlet/ServletWebServerFactoryCustomizer$$Lambda$410
instanceKlass org/springframework/boot/autoconfigure/web/servlet/ServletWebServerFactoryCustomizer$$Lambda$409
instanceKlass org/springframework/boot/autoconfigure/web/servlet/ServletWebServerFactoryCustomizer$$Lambda$408
instanceKlass org/springframework/boot/autoconfigure/web/servlet/ServletWebServerFactoryCustomizer$$Lambda$407
instanceKlass org/springframework/boot/autoconfigure/web/servlet/ServletWebServerFactoryCustomizer$$Lambda$406
instanceKlass java/lang/invoke/LambdaForm$DMH
instanceKlass org/springframework/boot/context/properties/PropertyMapper$Source$$Lambda$405
instanceKlass org/springframework/boot/context/properties/PropertyMapper$NullPointerExceptionSafeSupplier
instanceKlass org/springframework/boot/context/properties/PropertyMapper$CachingSupplier
instanceKlass org/springframework/boot/autoconfigure/web/servlet/ServletWebServerFactoryCustomizer$$Lambda$404
instanceKlass org/springframework/boot/context/properties/PropertyMapper$$Lambda$403
instanceKlass org/springframework/boot/context/properties/PropertyMapper$SourceOperator
instanceKlass org/springframework/boot/context/properties/PropertyMapper$Source
instanceKlass org/springframework/boot/context/properties/PropertyMapper$$Lambda$402
instanceKlass org/springframework/boot/context/properties/PropertyMapper
instanceKlass org/springframework/boot/util/LambdaSafe$InvocationResult
instanceKlass org/springframework/boot/autoconfigure/websocket/servlet/TomcatWebSocketServletWebServerCustomizer$$Lambda$401
instanceKlass org/springframework/boot/util/LambdaSafe$Callbacks$$Lambda$400
instanceKlass org/springframework/boot/util/LambdaSafe$Callbacks$$Lambda$399
instanceKlass org/springframework/boot/web/server/WebServerFactoryCustomizerBeanPostProcessor$$Lambda$398
instanceKlass org/springframework/boot/util/LambdaSafe$GenericTypeFilter
instanceKlass org/springframework/boot/util/LambdaSafe$Filter
instanceKlass org/springframework/boot/util/LambdaSafe$LambdaSafeCallback
instanceKlass org/springframework/boot/util/LambdaSafe
instanceKlass org/springframework/boot/context/properties/bind/JavaBeanBinder$BeanProperty$$Lambda$397
instanceKlass org/springframework/boot/context/properties/bind/JavaBeanBinder$Bean$$Lambda$396
instanceKlass org/springframework/boot/context/properties/bind/JavaBeanBinder$BeanSupplier
instanceKlass org/springframework/boot/context/properties/bind/JavaBeanBinder$Bean$$Lambda$395
instanceKlass org/springframework/boot/context/properties/bind/JavaBeanBinder$Bean$$Lambda$394
instanceKlass org/springframework/boot/context/properties/bind/DataObjectPropertyName
instanceKlass org/springframework/boot/context/properties/bind/JavaBeanBinder$Bean$$Lambda$393
instanceKlass org/springframework/boot/context/properties/bind/JavaBeanBinder$Bean$$Lambda$392
instanceKlass org/springframework/boot/context/properties/bind/JavaBeanBinder$BeanProperty
instanceKlass org/springframework/boot/context/properties/ConfigurationPropertiesBinder$$Lambda$391
instanceKlass org/springframework/beans/factory/annotation/BeanFactoryAnnotationUtils
instanceKlass org/springframework/boot/context/properties/ConversionServiceDeducer$Factory
instanceKlass org/springframework/core/NestedExceptionUtils
instanceKlass org/springframework/boot/context/properties/ConversionServiceDeducer
instanceKlass org/springframework/beans/factory/support/DefaultListableBeanFactory$1
instanceKlass org/springframework/boot/context/properties/ConfigurationPropertiesBindHandlerAdvisor
instanceKlass org/springframework/boot/context/properties/bind/AbstractBindHandler
instanceKlass org/springframework/boot/context/properties/NestedConfigurationProperty
instanceKlass org/springframework/boot/autoconfigure/web/ServerProperties$Undertow$Options
instanceKlass org/springframework/boot/autoconfigure/web/ServerProperties$Undertow$Accesslog
instanceKlass org/springframework/boot/autoconfigure/web/ServerProperties$Jetty$Accesslog
instanceKlass org/springframework/boot/autoconfigure/web/ServerProperties$Tomcat$Mbeanregistry
instanceKlass org/springframework/boot/autoconfigure/web/ServerProperties$Tomcat$Resource
instanceKlass org/springframework/boot/autoconfigure/web/ServerProperties$Tomcat$Accesslog
instanceKlass org/springframework/boot/autoconfigure/web/ErrorProperties$Whitelabel
instanceKlass org/springframework/core/BridgeMethodResolver$$Lambda$390
instanceKlass org/springframework/core/BridgeMethodResolver$$Lambda$389
instanceKlass javax/servlet/ServletContext
instanceKlass org/springframework/boot/web/server/ErrorPage
instanceKlass org/springframework/boot/web/server/SslStoreProvider
instanceKlass org/apache/catalina/Valve
instanceKlass org/springframework/boot/web/embedded/tomcat/TomcatWebServer
instanceKlass org/apache/coyote/AbstractProtocol
instanceKlass org/apache/coyote/ProtocolHandler
instanceKlass org/apache/catalina/util/LifecycleBase
instanceKlass org/apache/catalina/JmxEnabled
instanceKlass org/apache/catalina/Context
instanceKlass org/apache/tomcat/ContextBind
instanceKlass org/apache/catalina/Engine
instanceKlass org/springframework/boot/web/server/WebServer
instanceKlass org/apache/catalina/Host
instanceKlass org/apache/catalina/Container
instanceKlass org/apache/catalina/Lifecycle
instanceKlass java/util/stream/SortedOps$RefSortingSink$$Lambda$388
instanceKlass java/lang/invoke/LambdaForm$DMH
instanceKlass java/util/stream/SortedOps
instanceKlass org/springframework/core/OrderComparator$$Lambda$387
instanceKlass org/springframework/beans/factory/support/DefaultListableBeanFactory$FactoryAwareOrderSourceProvider
instanceKlass org/springframework/core/OrderComparator$OrderSourceProvider
instanceKlass org/springframework/beans/factory/support/DefaultListableBeanFactory$$Lambda$386
instanceKlass org/springframework/beans/factory/support/DefaultListableBeanFactory$$Lambda$385
instanceKlass org/springframework/beans/factory/support/DefaultListableBeanFactory$$Lambda$384
instanceKlass org/springframework/boot/web/embedded/tomcat/TldSkipPatterns
instanceKlass java/lang/ClassLoaderHelper
instanceKlass org/apache/tomcat/jni/Library
instanceKlass org/apache/tomcat/util/res/StringManager
instanceKlass org/apache/juli/logging/DirectJDKLog
instanceKlass org/apache/juli/logging/Log
instanceKlass org/apache/juli/logging/LogFactory
instanceKlass org/apache/catalina/core/AprLifecycleListener
instanceKlass org/apache/catalina/LifecycleListener
instanceKlass org/springframework/boot/web/servlet/server/StaticResourceJars
instanceKlass org/springframework/boot/web/servlet/server/DocumentRoot
instanceKlass org/springframework/boot/web/servlet/server/Jsp
instanceKlass org/springframework/boot/web/server/MimeMappings$Mapping
instanceKlass org/springframework/boot/web/server/MimeMappings
instanceKlass org/springframework/boot/web/servlet/server/SessionStoreDirectory
instanceKlass org/springframework/boot/web/servlet/server/Session$Cookie
instanceKlass org/springframework/boot/web/servlet/server/Session
instanceKlass org/springframework/boot/web/embedded/tomcat/TomcatProtocolHandlerCustomizer
instanceKlass org/springframework/boot/web/embedded/tomcat/TomcatContextCustomizer
instanceKlass org/springframework/boot/web/embedded/tomcat/TomcatConnectorCustomizer
instanceKlass org/springframework/ui/context/support/ResourceBundleThemeSource
instanceKlass org/springframework/ui/context/HierarchicalThemeSource
instanceKlass org/springframework/ui/context/support/UiApplicationContextUtils
instanceKlass org/springframework/context/support/MessageSourceSupport
instanceKlass org/springframework/context/HierarchicalMessageSource
instanceKlass org/springframework/core/MethodClassKey
instanceKlass org/springframework/aop/IntroductionAwareMethodMatcher
instanceKlass org/springframework/transaction/annotation/Transactional
instanceKlass org/springframework/transaction/interceptor/TransactionalProxy
instanceKlass org/springframework/boot/actuate/autoconfigure/metrics/MeterRegistryConfigurer
instanceKlass org/springframework/boot/actuate/autoconfigure/metrics/MeterRegistryCustomizer
instanceKlass org/springframework/beans/factory/support/DefaultListableBeanFactory$DependencyObjectProvider
instanceKlass org/springframework/beans/factory/support/DefaultListableBeanFactory$BeanObjectProvider
instanceKlass org/springframework/aop/aspectj/AspectJPointcutAdvisor
instanceKlass org/springframework/transaction/interceptor/TransactionAttributeSourcePointcut$TransactionAttributeSourceClassFilter
instanceKlass org/springframework/aop/TrueClassFilter
instanceKlass org/springframework/aop/support/StaticMethodMatcher
instanceKlass org/springframework/transaction/interceptor/TransactionAspectSupport$ReactiveTransactionSupport
instanceKlass org/springframework/transaction/interceptor/TransactionAspectSupport$ThrowableHolder
instanceKlass org/springframework/transaction/TransactionStatus
instanceKlass org/springframework/transaction/SavepointManager
instanceKlass org/springframework/transaction/TransactionExecution
instanceKlass org/springframework/transaction/interceptor/TransactionAspectSupport$TransactionInfo
instanceKlass org/springframework/transaction/interceptor/TransactionAspectSupport$InvocationCallback
instanceKlass org/springframework/core/ReactiveAdapterRegistry
instanceKlass org/aopalliance/intercept/MethodInvocation
instanceKlass org/aopalliance/intercept/Invocation
instanceKlass org/aopalliance/intercept/Joinpoint
instanceKlass org/springframework/transaction/annotation/JtaTransactionAnnotationParser
instanceKlass org/springframework/transaction/annotation/SpringTransactionAnnotationParser
instanceKlass org/springframework/transaction/annotation/TransactionAnnotationParser
instanceKlass javax/transaction/Transactional
instanceKlass org/springframework/transaction/interceptor/TransactionAttribute
instanceKlass org/springframework/transaction/interceptor/AbstractFallbackTransactionAttributeSource
instanceKlass org/springframework/aop/IntroductionAdvisor
instanceKlass org/springframework/aop/IntroductionInfo
instanceKlass org/springframework/aop/aspectj/AspectJProxyUtils
instanceKlass org/springframework/aop/framework/autoproxy/ProxyCreationContext
instanceKlass org/springframework/core/annotation/AnnotationUtils$$Lambda$383
instanceKlass org/springframework/transaction/annotation/TransactionManagementConfigurer
instanceKlass org/springframework/core/annotation/AnnotationUtils$$Lambda$382
instanceKlass org/aspectj/lang/annotation/Aspect
instanceKlass org/springframework/boot/autoconfigure/orm/jpa/DataSourceInitializedPublisher$DataSourceSchemaCreatedPublisher
instanceKlass org/springframework/aop/TruePointcut
instanceKlass org/springframework/validation/beanvalidation/MethodValidationInterceptor
instanceKlass org/springframework/validation/annotation/Validated
instanceKlass org/springframework/aop/Advisor$1
instanceKlass javax/validation/metadata/BeanDescriptor
instanceKlass javax/validation/metadata/ElementDescriptor
instanceKlass org/springframework/aop/framework/JdkDynamicAopProxy
instanceKlass org/springframework/aop/framework/AopProxy
instanceKlass org/springframework/aop/framework/DefaultAopProxyFactory
instanceKlass org/springframework/aop/framework/AopProxyFactory
instanceKlass org/springframework/aop/framework/DefaultAdvisorChainFactory
instanceKlass org/springframework/aop/framework/AdvisorChainFactory
instanceKlass org/springframework/aop/target/EmptyTargetSource
instanceKlass org/springframework/context/annotation/ContextAnnotationAutowireCandidateResolver$1
instanceKlass org/springframework/core/annotation/SynthesizedMergedAnnotationInvocationHandler$$Lambda$381
instanceKlass org/springframework/core/annotation/SynthesizedMergedAnnotationInvocationHandler
instanceKlass org/springframework/core/annotation/TypeMappedAnnotation$$Lambda$380
instanceKlass org/springframework/core/annotation/SynthesizedAnnotation
instanceKlass org/springframework/aop/TrueMethodMatcher
instanceKlass org/springframework/aop/MethodMatcher
instanceKlass org/springframework/aop/support/annotation/AnnotationClassFilter
instanceKlass org/springframework/aop/ClassFilter
instanceKlass org/springframework/aop/support/annotation/AnnotationMatchingPointcut
instanceKlass org/springframework/aop/Pointcut
instanceKlass org/springframework/dao/support/PersistenceExceptionTranslationInterceptor
instanceKlass org/springframework/stereotype/Repository
instanceKlass org/springframework/core/SimpleAliasRegistry$$Lambda$379
instanceKlass org/springframework/boot/context/properties/ConfigurationPropertiesBean
instanceKlass org/springframework/aop/aspectj/annotation/AbstractAspectJAdvisorFactory$AspectJAnnotationParameterNameDiscoverer
instanceKlass java/util/Comparator$$Lambda$378
instanceKlass java/lang/invoke/LambdaForm$DMH
instanceKlass org/springframework/util/comparator/ComparableComparator
instanceKlass org/springframework/util/comparator/Comparators
instanceKlass org/springframework/aop/aspectj/annotation/ReflectiveAspectJAdvisorFactory$$Lambda$377
instanceKlass org/springframework/aop/aspectj/annotation/ReflectiveAspectJAdvisorFactory$$Lambda$376
instanceKlass org/springframework/util/comparator/InstanceComparator
instanceKlass org/springframework/core/convert/converter/ConvertingComparator
instanceKlass org/aspectj/lang/annotation/AfterThrowing
instanceKlass org/aspectj/lang/annotation/AfterReturning
instanceKlass org/aspectj/lang/annotation/After
instanceKlass org/aspectj/lang/annotation/Before
instanceKlass org/aspectj/lang/annotation/Around
instanceKlass org/aspectj/lang/annotation/Pointcut
instanceKlass org/springframework/aop/aspectj/annotation/AbstractAspectJAdvisorFactory
instanceKlass org/springframework/core/convert/support/NumberToNumberConverterFactory$NumberToNumber
instanceKlass sun/reflect/generics/reflectiveObjects/GenericArrayTypeImpl
instanceKlass org/springframework/aop/framework/autoproxy/BeanFactoryAdvisorRetrievalHelper
instanceKlass org/springframework/aop/aspectj/annotation/BeanFactoryAspectJAdvisorsBuilder
instanceKlass org/springframework/aop/framework/adapter/ThrowsAdviceAdapter
instanceKlass org/springframework/aop/framework/adapter/AfterReturningAdviceAdapter
instanceKlass org/springframework/aop/framework/adapter/MethodBeforeAdviceAdapter
instanceKlass org/springframework/aop/framework/adapter/AdvisorAdapter
instanceKlass org/springframework/aop/framework/adapter/DefaultAdvisorAdapterRegistry
instanceKlass org/springframework/aop/framework/adapter/GlobalAdvisorAdapterRegistry
instanceKlass org/springframework/aop/aspectj/autoproxy/AspectJPrecedenceComparator
instanceKlass org/springframework/aop/framework/autoproxy/TargetSourceCreator
instanceKlass org/springframework/aop/framework/adapter/AdvisorAdapterRegistry
instanceKlass org/springframework/aop/TargetSource
instanceKlass org/springframework/aop/aspectj/annotation/AspectJAdvisorFactory
instanceKlass org/springframework/data/jpa/repository/query/EscapeCharacter
instanceKlass java/lang/Class$EnclosingMethodInfo
instanceKlass sun/reflect/generics/tree/VoidDescriptor
instanceKlass org/springframework/asm/Handle
instanceKlass org/springframework/core/LocalVariableTableParameterNameDiscoverer$$Lambda$375
instanceKlass org/springframework/data/mapping/PersistentEntity
instanceKlass org/springframework/data/repository/core/RepositoryInformation
instanceKlass org/springframework/data/repository/core/EntityInformation
instanceKlass org/springframework/data/repository/core/EntityMetadata
instanceKlass org/springframework/data/repository/query/QueryMethodEvaluationContextProvider
instanceKlass org/springframework/data/repository/core/support/RepositoryComposition$RepositoryFragments
instanceKlass org/springframework/data/querydsl/EntityPathResolver
instanceKlass org/springframework/core/annotation/AnnotatedElementUtils$AnnotatedElementForAnnotations
instanceKlass org/springframework/core/annotation/AnnotationUtils$$Lambda$374
instanceKlass org/springframework/beans/factory/annotation/AutowiredAnnotationBeanPostProcessor$$Lambda$373
instanceKlass org/springframework/beans/factory/annotation/InjectionMetadata$InjectedElement
instanceKlass org/springframework/beans/factory/annotation/AutowiredAnnotationBeanPostProcessor$$Lambda$372
instanceKlass org/springframework/beans/factory/annotation/AutowiredAnnotationBeanPostProcessor$$Lambda$371
instanceKlass org/springframework/context/annotation/CommonAnnotationBeanPostProcessor$$Lambda$370
instanceKlass org/springframework/context/annotation/CommonAnnotationBeanPostProcessor$$Lambda$369
instanceKlass org/springframework/beans/factory/annotation/InitDestroyAnnotationBeanPostProcessor$$Lambda$368
instanceKlass org/springframework/orm/jpa/support/PersistenceAnnotationBeanPostProcessor$$Lambda$367
instanceKlass org/springframework/orm/jpa/support/PersistenceAnnotationBeanPostProcessor$$Lambda$366
instanceKlass org/springframework/util/ReflectionUtils$FieldCallback
instanceKlass javax/persistence/PersistenceUnit
instanceKlass org/springframework/beans/factory/annotation/InjectionMetadata
instanceKlass org/springframework/beans/factory/annotation/AutowiredAnnotationBeanPostProcessor$$Lambda$365
instanceKlass org/springframework/beans/factory/annotation/Lookup
instanceKlass org/springframework/boot/context/properties/ConfigurationPropertiesJsr303Validator
instanceKlass org/springframework/boot/context/properties/PropertySourcesDeducer
instanceKlass org/springframework/util/ReflectionUtils$$Lambda$364
instanceKlass javax/annotation/PreDestroy
instanceKlass org/springframework/jndi/JndiTemplate
instanceKlass org/springframework/beans/factory/annotation/InitDestroyAnnotationBeanPostProcessor$LifecycleMetadata
instanceKlass javax/xml/ws/WebServiceRef
instanceKlass javax/inject/Inject
instanceKlass org/springframework/context/support/PostProcessorRegistrationDelegate$BeanPostProcessorChecker
instanceKlass org/springframework/beans/factory/support/AbstractBeanFactory$$Lambda$363
instanceKlass org/springframework/context/expression/CachedExpressionEvaluator
instanceKlass org/springframework/orm/jpa/SharedEntityManagerCreator
instanceKlass org/springframework/boot/actuate/autoconfigure/web/server/ManagementContextAutoConfiguration$DifferentManagementContextConfiguration
instanceKlass org/springframework/boot/actuate/autoconfigure/web/server/ManagementContextAutoConfiguration$CloseManagementContextListener
instanceKlass javax/servlet/annotation/MultipartConfig
instanceKlass org/springframework/boot/autoconfigure/web/embedded/EmbeddedWebServerFactoryCustomizerAutoConfiguration$JettyWebServerFactoryCustomizerConfiguration
instanceKlass org/springframework/boot/autoconfigure/web/embedded/EmbeddedWebServerFactoryCustomizerAutoConfiguration$UndertowWebServerFactoryCustomizerConfiguration
instanceKlass org/springframework/boot/autoconfigure/web/embedded/EmbeddedWebServerFactoryCustomizerAutoConfiguration$NettyWebServerFactoryCustomizerConfiguration
instanceKlass org/springframework/core/task/TaskDecorator
instanceKlass org/springframework/boot/autoconfigure/aop/AopAutoConfiguration$ClassProxyingConfiguration
instanceKlass org/springframework/boot/actuate/autoconfigure/web/mappings/MappingsEndpointAutoConfiguration$ReactiveWebConfiguration
instanceKlass org/springframework/boot/actuate/metrics/AutoTimer
instanceKlass org/springframework/boot/web/client/BasicAuthentication
instanceKlass org/springframework/web/client/ResponseErrorHandler
instanceKlass org/springframework/web/util/UriTemplateHandler
instanceKlass org/springframework/boot/web/client/RestTemplateBuilder$RequestFactoryCustomizer
instanceKlass org/springframework/boot/autoconfigure/http/JacksonHttpMessageConvertersConfiguration$MappingJackson2XmlHttpMessageConverterConfiguration
instanceKlass io/micrometer/core/lang/NonNullFields
instanceKlass io/micrometer/core/lang/NonNullApi
instanceKlass org/springframework/boot/actuate/health/HealthWebEndpointResponseMapper
instanceKlass org/springframework/boot/actuate/endpoint/jmx/JmxOperationResponseMapper
instanceKlass org/springframework/boot/actuate/endpoint/jmx/EndpointObjectNameFactory
instanceKlass org/springframework/jmx/export/metadata/JmxAttributeSource
instanceKlass org/springframework/boot/actuate/endpoint/annotation/EndpointExtension
instanceKlass org/springframework/boot/actuate/endpoint/web/annotation/EndpointWebExtension
instanceKlass org/springframework/orm/jpa/persistenceunit/PersistenceUnitManager
instanceKlass org/springframework/boot/autoconfigure/jdbc/metadata/DataSourcePoolMetadataProvidersConfiguration$CommonsDbcp2PoolDataSourceMetadataProviderConfiguration
instanceKlass org/springframework/boot/autoconfigure/jdbc/DataSourceJmxConfiguration$TomcatDataSourceJmxConfiguration
instanceKlass org/springframework/boot/autoconfigure/jdbc/DataSourceConfiguration
instanceKlass org/springframework/boot/autoconfigure/web/servlet/ServletWebServerFactoryConfiguration
instanceKlass org/springframework/boot/autoconfigure/websocket/servlet/WebSocketServletAutoConfiguration$JettyWebSocketConfiguration
instanceKlass org/springframework/boot/autoconfigure/websocket/servlet/WebSocketServletAutoConfiguration$UndertowWebSocketConfiguration
instanceKlass org/springframework/boot/autoconfigure/jackson/JacksonAutoConfiguration$JodaDateTimeJacksonConfiguration
instanceKlass org/springframework/data/jpa/util/BeanDefinitionUtils$EntityManagerFactoryBeanDefinition
instanceKlass org/springframework/data/jpa/util/BeanDefinitionUtils
instanceKlass org/springframework/core/SimpleAliasRegistry$$Lambda$362
instanceKlass java/util/concurrent/ConcurrentHashMap$MapEntry
instanceKlass java/util/concurrent/ConcurrentHashMap$Traverser
instanceKlass org/springframework/beans/factory/config/BeanDefinitionVisitor
instanceKlass org/springframework/context/support/PropertySourcesPlaceholderConfigurer$$Lambda$361
instanceKlass org/springframework/util/DefaultPropertiesPersister
instanceKlass org/springframework/util/PropertiesPersister
instanceKlass org/springframework/cglib/proxy/Enhancer$EnhancerFactoryData
instanceKlass org/springframework/cglib/proxy/MethodProxy$CreateInfo
instanceKlass org/springframework/cglib/proxy/MethodProxy
instanceKlass org/springframework/cglib/core/EmitUtils$6
instanceKlass org/springframework/cglib/core/ProcessSwitchCallback
instanceKlass java/util/DualPivotQuicksort
instanceKlass org/springframework/cglib/core/EmitUtils$5
instanceKlass org/springframework/cglib/proxy/MethodInterceptorGenerator$2
instanceKlass org/springframework/cglib/core/ObjectSwitchCallback
instanceKlass org/springframework/cglib/proxy/Enhancer$6
instanceKlass org/springframework/cglib/proxy/CallbackGenerator$Context
instanceKlass org/springframework/cglib/proxy/BridgeMethodResolver
instanceKlass org/springframework/cglib/core/MethodInfoTransformer
instanceKlass org/springframework/cglib/proxy/Enhancer$2
instanceKlass org/springframework/cglib/core/DuplicatesPredicate
instanceKlass org/springframework/cglib/core/RejectModifierPredicate
instanceKlass org/springframework/cglib/core/MethodWrapper$MethodWrapperKey
instanceKlass org/springframework/cglib/core/MethodWrapper
instanceKlass org/springframework/cglib/proxy/Factory
instanceKlass javafx/application/HostServices
instanceKlass org/springframework/cglib/core/VisibilityPredicate
instanceKlass org/springframework/cglib/transform/TransformingClassGenerator
instanceKlass org/springframework/cglib/proxy/ProxyRefDispatcher
instanceKlass org/springframework/cglib/proxy/FixedValueGenerator
instanceKlass org/springframework/cglib/proxy/FixedValue
instanceKlass org/springframework/cglib/proxy/DispatcherGenerator
instanceKlass org/springframework/cglib/proxy/Dispatcher
instanceKlass org/springframework/cglib/proxy/LazyLoaderGenerator
instanceKlass org/springframework/cglib/proxy/LazyLoader
instanceKlass org/springframework/cglib/proxy/InvocationHandlerGenerator
instanceKlass org/springframework/cglib/proxy/InvocationHandler
instanceKlass org/springframework/cglib/proxy/MethodInterceptorGenerator$1
instanceKlass org/springframework/cglib/core/Transformer
instanceKlass org/springframework/cglib/proxy/MethodInterceptorGenerator
instanceKlass org/springframework/cglib/proxy/NoOpGenerator
instanceKlass org/springframework/cglib/proxy/CallbackGenerator
instanceKlass org/springframework/cglib/proxy/CallbackInfo
instanceKlass org/springframework/cglib/core/ClassNameReader
instanceKlass org/springframework/cglib/core/DebuggingClassWriter$1
instanceKlass org/springframework/asm/Handler
instanceKlass org/springframework/cglib/core/EmitUtils$9
instanceKlass org/springframework/cglib/core/EmitUtils$8
instanceKlass org/springframework/cglib/core/Local
instanceKlass org/springframework/cglib/core/EmitUtils$7
instanceKlass org/springframework/cglib/core/ProcessArrayCallback
instanceKlass org/springframework/asm/Edge
instanceKlass org/springframework/asm/FieldVisitor
instanceKlass org/springframework/cglib/core/ClassEmitter$FieldInfo
instanceKlass org/springframework/cglib/core/MethodInfo
instanceKlass org/springframework/cglib/core/LocalVariablesSorter$State
instanceKlass org/springframework/asm/Frame
instanceKlass org/springframework/asm/Label
instanceKlass org/springframework/cglib/core/EmitUtils$ArrayDelimiters
instanceKlass org/springframework/cglib/core/EmitUtils
instanceKlass org/springframework/cglib/core/ClassInfo
instanceKlass org/springframework/cglib/core/ReflectUtils$4
instanceKlass org/springframework/cglib/core/ReflectUtils$5
instanceKlass java/lang/AssertionStatusDirectives
instanceKlass org/springframework/cglib/core/ReflectUtils$3
instanceKlass org/springframework/cglib/core/ReflectUtils$2
instanceKlass org/springframework/cglib/core/ReflectUtils$1
instanceKlass org/springframework/cglib/core/ReflectUtils
instanceKlass org/springframework/asm/ByteVector
instanceKlass org/springframework/asm/Symbol
instanceKlass org/springframework/asm/SymbolTable
instanceKlass org/springframework/cglib/core/AsmApi
instanceKlass org/springframework/cglib/core/Constants
instanceKlass org/springframework/cglib/core/internal/LoadingCache$2
instanceKlass org/springframework/cglib/core/internal/LoadingCache$1
instanceKlass org/springframework/cglib/core/internal/LoadingCache
instanceKlass org/springframework/cglib/core/AbstractClassGenerator$ClassLoaderData$3
instanceKlass org/springframework/cglib/core/AbstractClassGenerator$ClassLoaderData$1
instanceKlass org/springframework/cglib/core/Predicate
instanceKlass org/springframework/cglib/core/AbstractClassGenerator$ClassLoaderData$2
instanceKlass org/springframework/cglib/core/internal/Function
instanceKlass org/springframework/cglib/core/AbstractClassGenerator$ClassLoaderData
instanceKlass org/springframework/cglib/core/internal/CustomizerRegistry
instanceKlass org/springframework/cglib/core/DefaultNamingPolicy
instanceKlass org/springframework/cglib/core/NamingPolicy
instanceKlass org/springframework/cglib/core/DefaultGeneratorStrategy
instanceKlass org/springframework/cglib/core/GeneratorStrategy
instanceKlass org/springframework/cglib/core/KeyFactory$4
instanceKlass org/springframework/cglib/core/KeyFactory$3
instanceKlass org/springframework/cglib/core/HashCodeCustomizer
instanceKlass org/springframework/cglib/core/KeyFactory$2
instanceKlass org/springframework/cglib/core/FieldTypeCustomizer
instanceKlass org/springframework/cglib/core/KeyFactory$1
instanceKlass org/springframework/cglib/core/Customizer
instanceKlass org/springframework/cglib/core/KeyFactoryCustomizer
instanceKlass org/springframework/cglib/core/Signature
instanceKlass org/springframework/cglib/core/CollectionUtils
instanceKlass org/springframework/cglib/core/TypeUtils
instanceKlass org/springframework/cglib/core/KeyFactory
instanceKlass org/springframework/cglib/proxy/Enhancer$EnhancerKey
instanceKlass org/springframework/cglib/core/AbstractClassGenerator$Source
instanceKlass org/springframework/cglib/proxy/Enhancer$1
instanceKlass org/springframework/cglib/core/AbstractClassGenerator
instanceKlass org/springframework/cglib/core/ClassGenerator
instanceKlass org/springframework/context/annotation/ConfigurationClassEnhancer$EnhancedConfiguration
instanceKlass org/springframework/aop/framework/autoproxy/AutoProxyUtils
instanceKlass org/springframework/objenesis/strategy/BaseInstantiatorStrategy
instanceKlass org/springframework/objenesis/strategy/InstantiatorStrategy
instanceKlass org/springframework/objenesis/SpringObjenesis
instanceKlass org/springframework/objenesis/Objenesis
instanceKlass org/springframework/context/annotation/ConfigurationClassEnhancer$ConditionalCallbackFilter
instanceKlass org/springframework/cglib/proxy/CallbackFilter
instanceKlass org/springframework/cglib/proxy/NoOp$1
instanceKlass org/springframework/cglib/proxy/NoOp
instanceKlass org/springframework/context/annotation/ConfigurationClassEnhancer$BeanFactoryAwareMethodInterceptor
instanceKlass org/springframework/context/annotation/ConfigurationClassEnhancer$BeanMethodInterceptor
instanceKlass org/springframework/context/annotation/ConfigurationClassEnhancer$ConditionalCallback
instanceKlass org/springframework/cglib/proxy/MethodInterceptor
instanceKlass org/springframework/cglib/proxy/Callback
instanceKlass org/springframework/context/annotation/ConfigurationClassEnhancer
instanceKlass org/springframework/boot/actuate/autoconfigure/web/server/ManagementContextAutoConfiguration
instanceKlass org/springframework/boot/actuate/autoconfigure/web/server/ManagementContextAutoConfiguration$SameManagementContextConfiguration
instanceKlass org/springframework/boot/actuate/autoconfigure/web/server/ManagementContextAutoConfiguration$SameManagementContextConfiguration$EnableSameManagementContextConfiguration
instanceKlass org/springframework/boot/actuate/autoconfigure/web/server/ManagementServerProperties$Servlet
instanceKlass org/springframework/boot/autoconfigure/jersey/JerseyProperties$Filter
instanceKlass org/springframework/boot/autoconfigure/jersey/JerseyProperties$Servlet
instanceKlass org/springframework/boot/autoconfigure/task/TaskSchedulingProperties$Pool
instanceKlass org/springframework/boot/autoconfigure/task/TaskSchedulingProperties$Shutdown
instanceKlass org/springframework/boot/autoconfigure/security/oauth2/resource/OAuth2ResourceServerProperties$Jwt
instanceKlass org/springframework/boot/autoconfigure/security/oauth2/resource/OAuth2ResourceServerProperties$Opaquetoken
instanceKlass org/springframework/boot/autoconfigure/jdbc/JdbcProperties$Template
instanceKlass javax/persistence/PersistenceContexts
instanceKlass javax/persistence/PersistenceProperty
instanceKlass javax/persistence/PersistenceContext
instanceKlass org/springframework/lang/Nullable
instanceKlass org/springframework/boot/autoconfigure/task/TaskExecutionProperties$Pool
instanceKlass org/springframework/boot/autoconfigure/task/TaskExecutionProperties$Shutdown
instanceKlass org/springframework/boot/autoconfigure/http/HttpProperties$Encoding
instanceKlass org/springframework/boot/actuate/autoconfigure/metrics/MetricsProperties$Distribution
instanceKlass org/springframework/boot/actuate/autoconfigure/metrics/MetricsProperties$Web
instanceKlass org/springframework/boot/actuate/autoconfigure/info/InfoContributorProperties$Git
instanceKlass org/springframework/boot/autoconfigure/info/ProjectInfoProperties$Build
instanceKlass org/springframework/boot/autoconfigure/info/ProjectInfoProperties$Git
instanceKlass org/springframework/boot/actuate/autoconfigure/endpoint/web/WebEndpointProperties$Exposure
instanceKlass org/springframework/boot/actuate/autoconfigure/endpoint/jmx/JmxEndpointProperties$Exposure
instanceKlass org/springframework/boot/autoconfigure/orm/jpa/HibernatePropertiesCustomizer
instanceKlass org/springframework/boot/autoconfigure/orm/jpa/HibernateSettings
instanceKlass org/springframework/boot/autoconfigure/orm/jpa/HibernateProperties$Naming
instanceKlass org/springframework/boot/autoconfigure/jdbc/DataSourceProperties$Xa
instanceKlass org/springframework/boot/autoconfigure/web/ErrorProperties
instanceKlass org/springframework/boot/autoconfigure/web/ServerProperties$Undertow
instanceKlass org/springframework/boot/autoconfigure/web/ServerProperties$Netty
instanceKlass org/springframework/boot/autoconfigure/web/ServerProperties$Jetty
instanceKlass org/springframework/boot/autoconfigure/web/ServerProperties$Tomcat
instanceKlass org/springframework/boot/autoconfigure/web/ServerProperties$Servlet
instanceKlass org/springframework/boot/web/server/Http2
instanceKlass org/springframework/boot/web/server/Compression
instanceKlass org/springframework/boot/web/server/Ssl
instanceKlass org/springframework/boot/context/properties/DeprecatedConfigurationProperty
instanceKlass org/springframework/boot/actuate/autoconfigure/web/server/ManagementServerProperties
instanceKlass org/springframework/boot/actuate/autoconfigure/web/jersey/JerseySameManagementContextConfiguration
instanceKlass javax/servlet/GenericServlet
instanceKlass javax/servlet/ServletConfig
instanceKlass org/glassfish/jersey/server/spi/Container
instanceKlass org/springframework/boot/autoconfigure/jersey/JerseyProperties
instanceKlass org/springframework/boot/actuate/autoconfigure/web/jersey/JerseyManagementContextConfiguration
instanceKlass org/springframework/boot/actuate/autoconfigure/endpoint/web/jersey/JerseyWebEndpointManagementContextConfiguration$JerseyWebEndpointsResourcesRegistrar
instanceKlass org/springframework/boot/actuate/autoconfigure/endpoint/web/jersey/JerseyWebEndpointManagementContextConfiguration
instanceKlass org/springframework/boot/actuate/endpoint/web/ExposableServletEndpoint
instanceKlass org/springframework/boot/actuate/autoconfigure/endpoint/web/ServletEndpointManagementContextConfiguration
instanceKlass org/springframework/boot/actuate/endpoint/web/ServletEndpointRegistrar
instanceKlass org/springframework/boot/autoconfigure/web/servlet/JerseyApplicationPath
instanceKlass org/springframework/boot/actuate/autoconfigure/endpoint/web/ServletEndpointManagementContextConfiguration$JerseyServletEndpointManagementContextConfiguration
instanceKlass org/springframework/web/multipart/commons/CommonsFileUploadSupport
instanceKlass org/springframework/boot/autoconfigure/web/servlet/MultipartAutoConfiguration
instanceKlass org/springframework/boot/autoconfigure/web/servlet/HttpEncodingAutoConfiguration$LocaleCharsetMappingsCustomizer
instanceKlass org/springframework/boot/autoconfigure/web/servlet/MultipartProperties
instanceKlass org/springframework/boot/autoconfigure/web/servlet/HttpEncodingAutoConfiguration
instanceKlass org/springframework/boot/autoconfigure/web/embedded/EmbeddedWebServerFactoryCustomizerAutoConfiguration
instanceKlass org/springframework/boot/autoconfigure/web/embedded/TomcatWebServerFactoryCustomizer
instanceKlass org/springframework/boot/autoconfigure/web/embedded/EmbeddedWebServerFactoryCustomizerAutoConfiguration$TomcatWebServerFactoryCustomizerConfiguration
instanceKlass org/springframework/validation/beanvalidation/SpringValidatorAdapter
instanceKlass org/springframework/validation/SmartValidator
instanceKlass org/springframework/validation/Validator
instanceKlass org/springframework/boot/autoconfigure/validation/ValidationAutoConfiguration
instanceKlass org/springframework/transaction/reactive/TransactionalOperator
instanceKlass org/springframework/transaction/ReactiveTransactionManager
instanceKlass org/springframework/boot/autoconfigure/transaction/TransactionAutoConfiguration
instanceKlass org/springframework/transaction/support/DefaultTransactionDefinition
instanceKlass org/springframework/transaction/TransactionDefinition
instanceKlass org/springframework/boot/autoconfigure/transaction/TransactionProperties
instanceKlass org/springframework/boot/autoconfigure/transaction/PlatformTransactionManagerCustomizer
instanceKlass org/springframework/boot/autoconfigure/data/neo4j/Neo4jDataAutoConfiguration
instanceKlass org/springframework/boot/autoconfigure/transaction/TransactionAutoConfiguration$TransactionTemplateConfiguration
instanceKlass org/springframework/transaction/support/TransactionOperations
instanceKlass org/springframework/boot/autoconfigure/transaction/TransactionAutoConfiguration$EnableTransactionManagementConfiguration
instanceKlass org/springframework/boot/autoconfigure/transaction/TransactionAutoConfiguration$EnableTransactionManagementConfiguration$CglibAutoProxyConfiguration
instanceKlass org/springframework/transaction/event/TransactionalEventListenerFactory
instanceKlass org/springframework/aop/support/AbstractPointcutAdvisor
instanceKlass org/springframework/aop/PointcutAdvisor
instanceKlass org/springframework/aop/Advisor
instanceKlass org/springframework/transaction/interceptor/TransactionAspectSupport
instanceKlass org/aopalliance/intercept/MethodInterceptor
instanceKlass org/aopalliance/intercept/Interceptor
instanceKlass org/aopalliance/aop/Advice
instanceKlass org/springframework/transaction/interceptor/TransactionAttributeSource
instanceKlass org/springframework/boot/autoconfigure/jdbc/DataSourceTransactionManagerAutoConfiguration
instanceKlass org/springframework/boot/autoconfigure/jdbc/DataSourceTransactionManagerAutoConfiguration$DataSourceTransactionManagerConfiguration
instanceKlass org/springframework/boot/autoconfigure/task/TaskSchedulingAutoConfiguration
instanceKlass org/springframework/boot/autoconfigure/security/oauth2/resource/servlet/OAuth2ResourceServerAutoConfiguration
instanceKlass org/springframework/boot/autoconfigure/jdbc/JdbcTemplateAutoConfiguration
instanceKlass org/springframework/jdbc/core/namedparam/NamedParameterJdbcTemplate
instanceKlass org/springframework/boot/task/TaskSchedulerBuilder
instanceKlass org/springframework/boot/autoconfigure/task/TaskSchedulingProperties
instanceKlass org/springframework/boot/autoconfigure/security/oauth2/resource/OAuth2ResourceServerProperties
instanceKlass org/springframework/boot/autoconfigure/security/servlet/UserDetailsServiceAutoConfiguration
instanceKlass org/springframework/boot/autoconfigure/security/servlet/SecurityAutoConfiguration
instanceKlass org/springframework/boot/autoconfigure/jdbc/NamedParameterJdbcTemplateConfiguration
instanceKlass org/springframework/jdbc/core/namedparam/NamedParameterJdbcOperations
instanceKlass org/springframework/boot/autoconfigure/jdbc/JdbcProperties
instanceKlass org/springframework/boot/autoconfigure/jdbc/JdbcTemplateConfiguration
instanceKlass org/springframework/data/jpa/util/JpaMetamodelCacheCleanup
instanceKlass org/springframework/data/mapping/context/AbstractMappingContext
instanceKlass org/springframework/data/mapping/context/MappingContext
instanceKlass org/springframework/boot/autoconfigure/data/jpa/JpaRepositoriesAutoConfiguration
instanceKlass org/springframework/util/StopWatch$TaskInfo
instanceKlass org/springframework/beans/factory/parsing/ComponentDefinition
instanceKlass org/springframework/data/config/ParsingUtils
instanceKlass org/springframework/data/repository/config/RepositoryBeanDefinitionBuilder$$Lambda$360
instanceKlass org/springframework/data/repository/config/RepositoryBeanDefinitionBuilder$$Lambda$359
instanceKlass org/springframework/data/repository/config/RepositoryBeanDefinitionBuilder$$Lambda$358
instanceKlass org/springframework/data/repository/config/RepositoryFragmentConfiguration
instanceKlass org/springframework/data/repository/config/RepositoryBeanDefinitionBuilder$$Lambda$357
instanceKlass org/springframework/data/repository/config/RepositoryBeanDefinitionBuilder$$Lambda$356
instanceKlass org/springframework/data/repository/config/FragmentMetadata$$Lambda$355
instanceKlass org/springframework/data/repository/core/support/RepositoryFragmentsFactoryBean
instanceKlass org/springframework/data/repository/config/RepositoryBeanDefinitionBuilder$$Lambda$354
instanceKlass org/springframework/data/repository/config/RepositoryBeanDefinitionBuilder$$Lambda$353
instanceKlass org/springframework/data/repository/config/CustomRepositoryImplementationDetector$$Lambda$352
instanceKlass org/springframework/data/repository/config/SelectionSet$$Lambda$351
instanceKlass org/springframework/data/repository/config/SelectionSet$$Lambda$350
instanceKlass org/springframework/data/repository/config/CustomRepositoryImplementationDetector$$Lambda$349
instanceKlass org/springframework/data/repository/config/SelectionSet
instanceKlass org/springframework/data/repository/config/CustomRepositoryImplementationDetector$$Lambda$348
instanceKlass java/util/function/Function$$Lambda$347
instanceKlass org/springframework/data/util/StreamUtils$$Lambda$346
instanceKlass org/springframework/data/util/StreamUtils
instanceKlass org/springframework/data/repository/config/CustomRepositoryImplementationDetector$$Lambda$345
instanceKlass org/springframework/data/repository/config/CustomRepositoryImplementationDetector$$Lambda$344
instanceKlass org/springframework/data/repository/config/CustomRepositoryImplementationDetector$$Lambda$343
instanceKlass org/springframework/data/repository/config/CustomRepositoryImplementationDetector$$Lambda$342
instanceKlass org/springframework/data/repository/config/CustomRepositoryImplementationDetector$$Lambda$341
instanceKlass org/springframework/data/repository/config/DefaultImplementationLookupConfiguration
instanceKlass org/springframework/data/repository/config/ImplementationLookupConfiguration
instanceKlass org/springframework/data/repository/core/support/PropertiesBasedNamedQueries
instanceKlass org/springframework/data/repository/core/NamedQueries
instanceKlass org/springframework/data/repository/config/RepositoryBeanDefinitionBuilder$$Lambda$340
instanceKlass org/springframework/data/repository/config/NamedQueriesBeanDefinitionBuilder
instanceKlass org/springframework/data/repository/config/RepositoryBeanDefinitionBuilder$$Lambda$339
instanceKlass org/springframework/data/repository/config/DefaultRepositoryConfiguration$$Lambda$338
instanceKlass com/elikya/apps/rhoe/desk/model/entity/Tax
instanceKlass com/elikya/apps/rhoe/desk/model/repository/TaxRepository
instanceKlass com/elikya/apps/rhoe/desk/model/entity/Sale
instanceKlass com/elikya/apps/rhoe/desk/model/repository/SaleRepository
instanceKlass com/elikya/apps/rhoe/desk/model/entity/SaleLign
instanceKlass com/elikya/apps/rhoe/desk/model/repository/SaleLignRepository
instanceKlass com/elikya/apps/rhoe/desk/model/entity/Provider
instanceKlass com/elikya/apps/rhoe/desk/model/repository/ProviderRepository
instanceKlass com/elikya/apps/rhoe/desk/model/entity/Product
instanceKlass com/elikya/apps/rhoe/desk/model/repository/ProductRepository
instanceKlass com/elikya/apps/rhoe/desk/model/entity/ProductLog
instanceKlass com/elikya/apps/rhoe/desk/model/repository/ProductLogRepository
instanceKlass org/springframework/data/repository/util/ReactiveWrappers$$Lambda$337
instanceKlass org/springframework/data/repository/util/ReactiveWrappers$$Lambda$336
instanceKlass org/springframework/data/repository/util/ReactiveWrappers$$Lambda$335
instanceKlass org/springframework/data/repository/util/ReactiveWrappers$$Lambda$334
instanceKlass org/springframework/core/ReactiveTypeDescriptor
instanceKlass java/util/stream/Streams$2
instanceKlass java/util/stream/Streams
instanceKlass java/util/stream/Streams$ConcatSpliterator
instanceKlass java/util/stream/Streams$AbstractStreamBuilderImpl
instanceKlass java/util/stream/Stream$Builder
instanceKlass org/springframework/data/repository/util/ReactiveWrappers$$Lambda$333
instanceKlass org/springframework/data/repository/util/ReactiveWrappers$$Lambda$332
instanceKlass org/springframework/data/util/ReflectionUtils
instanceKlass org/springframework/data/domain/Page
instanceKlass org/springframework/data/domain/Slice
instanceKlass org/springframework/data/domain/Pageable
instanceKlass org/springframework/data/domain/Sort
instanceKlass org/springframework/data/domain/Example
instanceKlass org/springframework/data/repository/util/ReactiveWrappers
instanceKlass org/springframework/data/repository/core/support/DefaultRepositoryMetadata$$Lambda$331
instanceKlass org/springframework/data/repository/core/support/DefaultRepositoryMetadata$$Lambda$330
instanceKlass org/springframework/data/util/ParameterizedTypeInformation$$Lambda$329
instanceKlass org/springframework/data/util/ParameterizedTypeInformation$$Lambda$328
instanceKlass org/springframework/data/util/ParameterizedTypeInformation$$Lambda$327
instanceKlass java/util/function/IntFunction
instanceKlass java/lang/invoke/LambdaForm$DMH
instanceKlass org/springframework/data/util/Pair
instanceKlass java/util/stream/Streams$RangeIntSpliterator
instanceKlass org/springframework/core/GenericTypeResolver$TypeVariableMapVariableResolver
instanceKlass org/springframework/data/repository/core/support/AbstractRepositoryMetadata$$Lambda$326
instanceKlass org/springframework/data/repository/core/CrudMethods
instanceKlass com/elikya/apps/rhoe/desk/model/entity/Category
instanceKlass org/springframework/data/util/ClassTypeInformation$$Lambda$325
instanceKlass org/springframework/data/util/ClassTypeInformation$$Lambda$324
instanceKlass org/springframework/data/util/TypeDiscoverer$$Lambda$323
instanceKlass org/springframework/data/util/TypeDiscoverer$$Lambda$322
instanceKlass org/springframework/data/util/TypeDiscoverer$$Lambda$321
instanceKlass org/springframework/data/jpa/util/HibernateProxyDetector$$Lambda$320
instanceKlass org/springframework/data/jpa/util/HibernateProxyDetector$$Lambda$319
instanceKlass org/springframework/data/util/ProxyUtils$$Lambda$318
instanceKlass org/springframework/data/util/ProxyUtils$$Lambda$317
instanceKlass org/hibernate/proxy/HibernateProxy
instanceKlass org/springframework/data/jpa/util/HibernateProxyDetector
instanceKlass org/springframework/data/util/ProxyUtils$ProxyDetector
instanceKlass org/springframework/data/util/ProxyUtils
instanceKlass org/springframework/data/util/TypeDiscoverer
instanceKlass org/springframework/data/util/TypeInformation
instanceKlass org/springframework/data/repository/core/support/AbstractRepositoryMetadata
instanceKlass org/springframework/data/repository/core/RepositoryMetadata
instanceKlass com/elikya/apps/rhoe/desk/model/repository/CategoryRepository
instanceKlass org/springframework/data/jpa/repository/config/JpaRepositoryConfigExtension$LazyJvmAgent$$Lambda$316
instanceKlass org/springframework/data/jpa/repository/config/JpaRepositoryConfigExtension$LazyJvmAgent
instanceKlass org/springframework/data/repository/config/DefaultRepositoryConfiguration
instanceKlass org/springframework/data/repository/config/RepositoryConfiguration
instanceKlass org/springframework/data/repository/util/ClassUtils
instanceKlass org/springframework/data/repository/config/RepositoryConfigurationSourceSupport$$Lambda$315
instanceKlass org/springframework/data/util/Streamable$$Lambda$314
instanceKlass org/springframework/util/MethodInvoker
instanceKlass org/springframework/beans/factory/support/ConstructorResolver$ArgumentsHolder
instanceKlass org/springframework/beans/factory/support/ConstructorResolver$ConstructorPropertiesChecker
instanceKlass org/springframework/beans/factory/support/AutowireUtils$$Lambda$313
instanceKlass org/springframework/beans/factory/support/AutowireUtils
instanceKlass org/springframework/beans/Mergeable
instanceKlass org/springframework/beans/factory/InjectionPoint
instanceKlass org/springframework/beans/factory/config/RuntimeBeanNameReference
instanceKlass org/springframework/beans/factory/support/ConstructorResolver
instanceKlass org/springframework/data/repository/config/RepositoryConfigurationSourceSupport$$Lambda$312
instanceKlass org/springframework/data/repository/config/RepositoryConfigurationSourceSupport$$Lambda$311
instanceKlass org/springframework/data/repository/NoRepositoryBean
instanceKlass org/springframework/data/repository/RepositoryDefinition
instanceKlass org/springframework/data/repository/config/AnnotationRepositoryConfigurationSource$$Lambda$310
instanceKlass org/springframework/data/util/LazyStreamable
instanceKlass org/springframework/data/util/Streamable
instanceKlass org/springframework/data/repository/config/AnnotationRepositoryConfigurationSource$$Lambda$309
instanceKlass org/springframework/data/util/Lazy$$Lambda$308
instanceKlass org/springframework/data/util/Lazy
instanceKlass org/springframework/data/repository/config/CustomRepositoryImplementationDetector$$Lambda$307
instanceKlass org/springframework/data/repository/config/RepositoryConfigurationSourceSupport$SpringImplementationDetectionConfiguration
instanceKlass org/springframework/data/repository/config/ImplementationDetectionConfiguration
instanceKlass org/springframework/data/repository/config/CustomRepositoryImplementationDetector
instanceKlass org/springframework/data/repository/config/FragmentMetadata
instanceKlass org/springframework/data/repository/config/RepositoryBeanDefinitionBuilder
instanceKlass org/springframework/data/repository/config/RepositoryConfigurationSource$$Lambda$306
instanceKlass org/springframework/data/repository/config/AnnotationRepositoryConfigurationSource$$Lambda$305
instanceKlass org/springframework/data/jpa/repository/support/JpaEvaluationContextExtension
instanceKlass org/springframework/data/spel/spi/EvaluationContextExtension
instanceKlass org/springframework/data/jpa/repository/config/JpaRepositoryConfigExtension$$Lambda$304
instanceKlass org/springframework/data/jpa/repository/config/JpaRepositoryConfigExtension$$Lambda$303
instanceKlass org/springframework/data/jpa/repository/support/DefaultJpaContext
instanceKlass org/springframework/data/jpa/repository/JpaContext
instanceKlass org/springframework/data/jpa/repository/config/JpaRepositoryConfigExtension$$Lambda$302
instanceKlass org/springframework/data/jpa/repository/config/JpaRepositoryConfigExtension$$Lambda$301
instanceKlass org/springframework/beans/factory/config/AbstractFactoryBean
instanceKlass org/springframework/data/jpa/repository/config/JpaRepositoryConfigExtension$$Lambda$300
instanceKlass org/springframework/data/jpa/repository/support/EntityManagerBeanDefinitionRegistrarPostProcessor
instanceKlass org/springframework/data/jpa/repository/config/JpaRepositoryConfigExtension$$Lambda$299
instanceKlass org/slf4j/helpers/FormattingTuple
instanceKlass org/slf4j/helpers/MessageFormatter
instanceKlass org/springframework/data/repository/core/support/RepositoryFactorySupport
instanceKlass java/util/stream/MatchOps$$Lambda$298
instanceKlass org/springframework/data/repository/config/AnnotationRepositoryConfigurationSource$$Lambda$297
instanceKlass org/springframework/data/repository/config/RepositoryBeanDefinitionRegistrarSupport
instanceKlass org/springframework/data/repository/config/SpringDataAnnotationBeanNameGenerator
instanceKlass org/springframework/data/repository/config/RepositoryBeanNameGenerator
instanceKlass org/springframework/data/config/ConfigurationUtils
instanceKlass org/springframework/data/repository/config/RepositoryConfigurationSourceSupport
instanceKlass org/springframework/data/repository/config/RepositoryConfigurationSource
instanceKlass org/springframework/data/repository/config/DefaultRepositoryBaseClass
instanceKlass org/springframework/data/jpa/repository/config/EnableJpaRepositories
instanceKlass org/springframework/boot/autoconfigure/data/jpa/JpaRepositoriesRegistrar$EnableJpaRepositoriesConfiguration
instanceKlass org/springframework/data/repository/config/RepositoryConfigurationDelegate
instanceKlass org/springframework/data/repository/config/RepositoryConfigurationExtensionSupport
instanceKlass org/springframework/data/repository/config/RepositoryConfigurationExtension
instanceKlass org/springframework/data/repository/core/support/RepositoryFactoryBeanSupport
instanceKlass org/springframework/data/repository/core/support/RepositoryFactoryInformation
instanceKlass org/springframework/boot/autoconfigure/task/TaskExecutionAutoConfiguration
instanceKlass org/springframework/boot/task/TaskExecutorBuilder
instanceKlass org/springframework/boot/autoconfigure/task/TaskExecutionProperties
instanceKlass org/springframework/boot/autoconfigure/dao/PersistenceExceptionTranslationAutoConfiguration
instanceKlass org/springframework/boot/autoconfigure/context/ConfigurationPropertiesAutoConfiguration
instanceKlass org/springframework/boot/autoconfigure/aop/AopAutoConfiguration
instanceKlass org/springframework/boot/autoconfigure/aop/AopAutoConfiguration$AspectJAutoProxyingConfiguration
instanceKlass org/springframework/boot/autoconfigure/aop/AopAutoConfiguration$AspectJAutoProxyingConfiguration$CglibAutoProxyConfiguration
instanceKlass org/springframework/aop/config/AopConfigUtils
instanceKlass org/springframework/boot/autoconfigure/admin/SpringApplicationAdminJmxAutoConfiguration
instanceKlass org/springframework/boot/actuate/autoconfigure/web/servlet/ManagementServletContext
instanceKlass org/springframework/boot/actuate/autoconfigure/web/servlet/ServletManagementContextFactory
instanceKlass org/springframework/boot/actuate/autoconfigure/web/ManagementContextFactory
instanceKlass org/springframework/boot/actuate/autoconfigure/web/servlet/ServletManagementContextAutoConfiguration
instanceKlass org/springframework/boot/actuate/autoconfigure/web/mappings/MappingsEndpointAutoConfiguration
instanceKlass org/springframework/boot/actuate/web/mappings/servlet/FiltersMappingDescriptionProvider
instanceKlass org/springframework/boot/actuate/web/mappings/servlet/ServletsMappingDescriptionProvider
instanceKlass org/springframework/boot/actuate/web/mappings/MappingDescriptionProvider
instanceKlass org/springframework/boot/actuate/autoconfigure/web/mappings/MappingsEndpointAutoConfiguration$ServletWebConfiguration
instanceKlass org/springframework/boot/admin/SpringApplicationAdminMXBeanRegistrar
instanceKlass org/springframework/boot/actuate/web/mappings/MappingsEndpoint
instanceKlass org/springframework/boot/actuate/autoconfigure/trace/http/HttpTraceEndpointAutoConfiguration
instanceKlass org/springframework/boot/actuate/autoconfigure/trace/http/HttpTraceAutoConfiguration
instanceKlass org/springframework/boot/actuate/autoconfigure/scheduling/ScheduledTasksEndpointAutoConfiguration
instanceKlass org/springframework/boot/actuate/metrics/web/tomcat/TomcatMetricsBinder
instanceKlass org/springframework/boot/actuate/autoconfigure/metrics/web/tomcat/TomcatMetricsAutoConfiguration
instanceKlass org/springframework/boot/actuate/autoconfigure/metrics/web/client/HttpClientMetricsAutoConfiguration
instanceKlass org/springframework/boot/actuate/metrics/web/client/MetricsRestTemplateCustomizer
instanceKlass org/springframework/boot/web/client/RestTemplateCustomizer
instanceKlass org/springframework/boot/actuate/metrics/web/client/DefaultRestTemplateExchangeTagsProvider
instanceKlass org/springframework/boot/actuate/autoconfigure/metrics/web/client/WebClientMetricsConfiguration
instanceKlass org/springframework/boot/actuate/autoconfigure/metrics/web/client/RestTemplateMetricsConfiguration
instanceKlass org/springframework/boot/actuate/metrics/web/client/RestTemplateExchangeTagsProvider
instanceKlass org/springframework/boot/autoconfigure/web/client/RestTemplateAutoConfiguration
instanceKlass org/springframework/boot/web/client/RestTemplateBuilder
instanceKlass org/springframework/boot/autoconfigure/http/HttpMessageConvertersAutoConfiguration
instanceKlass org/springframework/boot/autoconfigure/http/HttpMessageConverters
instanceKlass org/springframework/boot/autoconfigure/http/JsonbHttpMessageConvertersConfiguration
instanceKlass org/springframework/boot/autoconfigure/http/GsonHttpMessageConvertersConfiguration
instanceKlass org/springframework/boot/autoconfigure/http/JacksonHttpMessageConvertersConfiguration
instanceKlass org/springframework/boot/autoconfigure/jsonb/JsonbAutoConfiguration
instanceKlass org/springframework/boot/autoconfigure/gson/GsonAutoConfiguration
instanceKlass org/springframework/boot/autoconfigure/http/JacksonHttpMessageConvertersConfiguration$MappingJackson2HttpMessageConverterConfiguration
instanceKlass org/springframework/boot/autoconfigure/http/HttpMessageConvertersAutoConfiguration$StringHttpMessageConverterConfiguration
instanceKlass org/springframework/boot/actuate/autoconfigure/metrics/orm/jpa/HibernateMetricsAutoConfiguration
instanceKlass org/springframework/boot/autoconfigure/http/HttpProperties
instanceKlass org/springframework/boot/actuate/autoconfigure/metrics/jdbc/DataSourcePoolMetricsAutoConfiguration
instanceKlass org/springframework/boot/actuate/autoconfigure/metrics/jdbc/DataSourcePoolMetricsAutoConfiguration$DataSourcePoolMetadataMetricsConfiguration
instanceKlass org/springframework/boot/actuate/autoconfigure/metrics/jdbc/DataSourcePoolMetricsAutoConfiguration$HikariDataSourceMetricsConfiguration
instanceKlass io/micrometer/core/instrument/binder/system/FileDescriptorMetrics
instanceKlass io/micrometer/core/instrument/binder/system/ProcessorMetrics
instanceKlass org/springframework/boot/actuate/autoconfigure/metrics/SystemMetricsAutoConfiguration
instanceKlass io/micrometer/core/instrument/binder/system/UptimeMetrics
instanceKlass org/springframework/boot/actuate/autoconfigure/metrics/MetricsEndpointAutoConfiguration
instanceKlass org/springframework/boot/actuate/autoconfigure/metrics/LogbackMetricsAutoConfiguration
instanceKlass io/micrometer/core/instrument/binder/logging/LogbackMetrics
instanceKlass io/micrometer/core/instrument/binder/jvm/ClassLoaderMetrics
instanceKlass io/micrometer/core/instrument/binder/jvm/JvmThreadMetrics
instanceKlass io/micrometer/core/instrument/binder/jvm/JvmMemoryMetrics
instanceKlass org/springframework/boot/actuate/autoconfigure/metrics/JvmMetricsAutoConfiguration
instanceKlass io/micrometer/core/instrument/binder/jvm/JvmGcMetrics
instanceKlass org/springframework/boot/actuate/autoconfigure/metrics/CompositeMeterRegistryConfiguration
instanceKlass org/springframework/boot/actuate/autoconfigure/metrics/NoOpMeterRegistryConfiguration
instanceKlass org/springframework/boot/autoconfigure/condition/OnBeanCondition$$Lambda$296
instanceKlass org/springframework/boot/actuate/autoconfigure/metrics/export/simple/SimpleMetricsExportAutoConfiguration
instanceKlass io/micrometer/core/instrument/simple/SimpleConfig
instanceKlass io/micrometer/core/instrument/config/MeterRegistryConfig
instanceKlass org/springframework/boot/actuate/autoconfigure/metrics/export/simple/SimpleProperties
instanceKlass org/springframework/boot/actuate/autoconfigure/metrics/PropertiesMeterFilter
instanceKlass io/micrometer/core/instrument/config/MeterFilter
instanceKlass org/springframework/boot/actuate/autoconfigure/metrics/MeterRegistryPostProcessor
instanceKlass org/springframework/boot/actuate/autoconfigure/metrics/MetricsAutoConfiguration
instanceKlass org/springframework/boot/actuate/autoconfigure/metrics/CompositeMeterRegistryAutoConfiguration
instanceKlass org/springframework/boot/actuate/autoconfigure/metrics/MetricsProperties
instanceKlass org/springframework/boot/actuate/autoconfigure/management/ThreadDumpEndpointAutoConfiguration
instanceKlass org/springframework/boot/actuate/autoconfigure/management/HeapDumpWebEndpointAutoConfiguration
instanceKlass org/springframework/boot/actuate/autoconfigure/logging/LoggersEndpointAutoConfiguration
instanceKlass org/springframework/boot/actuate/autoconfigure/logging/LogFileWebEndpointAutoConfiguration
instanceKlass org/springframework/boot/actuate/autoconfigure/health/AbstractCompositeHealthContributorConfiguration
instanceKlass org/springframework/boot/actuate/autoconfigure/logging/LogFileWebEndpointProperties
instanceKlass org/springframework/boot/actuate/autoconfigure/info/InfoEndpointAutoConfiguration
instanceKlass org/springframework/boot/actuate/info/InfoPropertiesInfoContributor
instanceKlass org/springframework/boot/actuate/info/EnvironmentInfoContributor
instanceKlass org/springframework/boot/actuate/info/InfoContributor
instanceKlass org/springframework/boot/actuate/autoconfigure/info/InfoContributorAutoConfiguration
instanceKlass org/springframework/boot/actuate/autoconfigure/health/HealthEndpointAutoConfiguration
instanceKlass org/springframework/boot/info/InfoProperties
instanceKlass org/springframework/boot/actuate/autoconfigure/info/InfoContributorProperties
instanceKlass org/springframework/boot/autoconfigure/info/ProjectInfoAutoConfiguration
instanceKlass org/springframework/boot/autoconfigure/info/ProjectInfoProperties
instanceKlass org/springframework/boot/actuate/autoconfigure/health/HealthEndpointReactiveWebExtensionConfiguration
instanceKlass org/springframework/boot/actuate/autoconfigure/health/ReactiveHealthEndpointConfiguration
instanceKlass org/springframework/boot/actuate/autoconfigure/health/HealthEndpointWebExtensionConfiguration
instanceKlass org/springframework/boot/actuate/autoconfigure/health/HealthProperties
instanceKlass org/springframework/boot/actuate/health/HealthEndpointGroups
instanceKlass org/springframework/boot/actuate/health/HttpCodeStatusMapper
instanceKlass org/springframework/boot/actuate/autoconfigure/health/HealthEndpointConfiguration
instanceKlass org/springframework/boot/actuate/health/StatusAggregator
instanceKlass org/springframework/boot/actuate/autoconfigure/health/HealthContributorRegistryHealthIndicatorRegistryAdapter
instanceKlass org/springframework/boot/actuate/health/HealthIndicatorRegistry
instanceKlass org/springframework/boot/actuate/health/HealthContributorRegistry
instanceKlass org/springframework/boot/actuate/health/ContributorRegistry
instanceKlass org/springframework/boot/actuate/health/NamedContributors
instanceKlass org/springframework/boot/actuate/autoconfigure/health/LegacyHealthEndpointCompatibilityConfiguration
instanceKlass org/springframework/boot/actuate/autoconfigure/health/HealthIndicatorProperties
instanceKlass org/springframework/boot/actuate/health/HealthStatusHttpMapper
instanceKlass org/springframework/boot/actuate/autoconfigure/health/LegacyHealthEndpointAdaptersConfiguration
instanceKlass org/springframework/boot/actuate/health/AbstractHealthIndicator
instanceKlass org/springframework/boot/actuate/health/HealthIndicator
instanceKlass org/springframework/boot/actuate/health/HealthContributor
instanceKlass org/springframework/boot/actuate/autoconfigure/system/DiskSpaceHealthContributorAutoConfiguration
instanceKlass org/springframework/boot/actuate/health/HealthAggregator
instanceKlass org/springframework/boot/actuate/autoconfigure/system/DiskSpaceHealthIndicatorProperties
instanceKlass org/springframework/boot/actuate/autoconfigure/health/HealthContributorAutoConfiguration
instanceKlass org/springframework/boot/actuate/env/EnvironmentEndpointWebExtension
instanceKlass org/springframework/boot/actuate/autoconfigure/env/EnvironmentEndpointAutoConfiguration
instanceKlass org/springframework/boot/actuate/endpoint/web/annotation/ExposableControllerEndpoint
instanceKlass org/springframework/boot/actuate/endpoint/web/ExposableWebEndpoint
instanceKlass org/springframework/boot/actuate/endpoint/web/PathMappedEndpoint
instanceKlass org/springframework/boot/actuate/autoconfigure/env/EnvironmentEndpointProperties
instanceKlass org/springframework/boot/actuate/endpoint/web/PathMappedEndpoints
instanceKlass org/springframework/boot/actuate/endpoint/web/annotation/ControllerEndpointsSupplier
instanceKlass org/springframework/boot/actuate/endpoint/web/WebEndpointsSupplier
instanceKlass org/springframework/boot/actuate/endpoint/web/PathMapper
instanceKlass org/springframework/boot/actuate/autoconfigure/endpoint/web/WebEndpointAutoConfiguration
instanceKlass org/springframework/boot/actuate/endpoint/web/EndpointMediaTypes
instanceKlass org/springframework/boot/actuate/autoconfigure/endpoint/web/WebEndpointProperties
instanceKlass org/springframework/boot/actuate/autoconfigure/endpoint/web/WebEndpointAutoConfiguration$WebEndpointServletConfiguration
instanceKlass org/springframework/boot/actuate/endpoint/jmx/ExposableJmxEndpoint
instanceKlass org/springframework/boot/actuate/endpoint/ExposableEndpoint
instanceKlass org/springframework/boot/actuate/endpoint/web/annotation/ServletEndpointsSupplier
instanceKlass org/springframework/boot/actuate/autoconfigure/endpoint/ExposeExcludePropertyEndpointFilter
instanceKlass org/springframework/boot/actuate/endpoint/annotation/EndpointDiscoverer
instanceKlass org/springframework/boot/actuate/endpoint/jmx/JmxEndpointExporter
instanceKlass org/springframework/boot/actuate/autoconfigure/endpoint/jmx/JmxEndpointAutoConfiguration
instanceKlass org/springframework/boot/actuate/endpoint/jmx/JmxEndpointsSupplier
instanceKlass org/springframework/boot/actuate/endpoint/EndpointsSupplier
instanceKlass org/springframework/boot/actuate/autoconfigure/endpoint/jmx/JmxEndpointProperties
instanceKlass org/springframework/jmx/export/naming/MetadataNamingStrategy
instanceKlass org/springframework/jmx/export/naming/ObjectNamingStrategy
instanceKlass org/springframework/boot/autoconfigure/jmx/JmxAutoConfiguration
instanceKlass org/springframework/boot/actuate/endpoint/invoker/cache/CachingOperationInvokerAdvisor
instanceKlass org/springframework/boot/actuate/endpoint/invoke/OperationInvokerAdvisor
instanceKlass org/springframework/boot/actuate/autoconfigure/endpoint/EndpointAutoConfiguration
instanceKlass org/springframework/boot/actuate/endpoint/invoke/ParameterValueMapper
instanceKlass org/springframework/boot/actuate/autoconfigure/context/properties/ConfigurationPropertiesReportEndpointAutoConfiguration
instanceKlass org/springframework/boot/actuate/autoconfigure/context/properties/ConfigurationPropertiesReportEndpointProperties
instanceKlass org/springframework/boot/actuate/autoconfigure/condition/ConditionsReportEndpointAutoConfiguration
instanceKlass org/springframework/boot/actuate/cache/CachesEndpointWebExtension
instanceKlass org/springframework/boot/actuate/autoconfigure/cache/CachesEndpointAutoConfiguration
instanceKlass org/springframework/boot/autoconfigure/cache/CacheAutoConfiguration
instanceKlass org/springframework/beans/factory/support/AbstractAutowireCapableBeanFactory$FactoryBeanMethodTypeFinder
instanceKlass org/springframework/boot/autoconfigure/orm/jpa/DataSourceInitializedPublisher
instanceKlass org/springframework/boot/autoconfigure/orm/jpa/JpaProperties
instanceKlass org/springframework/boot/autoconfigure/orm/jpa/EntityManagerFactoryBuilderCustomizer
instanceKlass org/springframework/boot/autoconfigure/transaction/TransactionManagerCustomizers
instanceKlass org/springframework/transaction/support/ResourceTransactionManager
instanceKlass org/springframework/boot/orm/jpa/EntityManagerFactoryBuilder
instanceKlass org/springframework/orm/jpa/vendor/AbstractJpaVendorAdapter
instanceKlass org/hibernate/boot/model/naming/ImplicitNamingStrategy
instanceKlass org/hibernate/boot/model/naming/PhysicalNamingStrategy
instanceKlass org/springframework/orm/jpa/JpaVendorAdapter
instanceKlass org/springframework/boot/autoconfigure/orm/jpa/JpaBaseConfiguration
instanceKlass org/springframework/boot/autoconfigure/orm/jpa/HibernateProperties
instanceKlass org/springframework/boot/autoconfigure/jdbc/DataSourceAutoConfiguration
instanceKlass org/springframework/boot/jdbc/metadata/DataSourcePoolMetadata
instanceKlass org/springframework/boot/jdbc/metadata/DataSourcePoolMetadataProvider
instanceKlass org/springframework/boot/autoconfigure/jdbc/metadata/DataSourcePoolMetadataProvidersConfiguration$HikariPoolDataSourceMetadataProviderConfiguration
instanceKlass org/springframework/boot/autoconfigure/jdbc/DataSourceAutoConfiguration$PooledDataSourceConfiguration
instanceKlass org/springframework/boot/autoconfigure/jdbc/DataSourceJmxConfiguration$Hikari
instanceKlass org/springframework/boot/autoconfigure/jdbc/DataSourceInitializationConfiguration
instanceKlass org/springframework/boot/autoconfigure/jdbc/metadata/DataSourcePoolMetadataProvidersConfiguration
instanceKlass org/springframework/boot/autoconfigure/jdbc/DataSourceInitializerPostProcessor
instanceKlass org/springframework/boot/autoconfigure/jdbc/DataSourceInitializerInvoker
instanceKlass org/springframework/boot/autoconfigure/jdbc/DataSourceJmxConfiguration
instanceKlass org/springframework/boot/autoconfigure/jdbc/DataSourceConfiguration$Generic
instanceKlass org/springframework/boot/autoconfigure/jdbc/DataSourceConfiguration$Dbcp2
instanceKlass org/springframework/boot/autoconfigure/jdbc/DataSourceConfiguration$Tomcat
instanceKlass org/springframework/boot/autoconfigure/jdbc/DataSourceProperties
instanceKlass org/springframework/boot/autoconfigure/jdbc/DataSourceConfiguration$Hikari
instanceKlass org/springframework/boot/autoconfigure/condition/OnBeanCondition$SingleCandidateSpec$$Lambda$295
instanceKlass javax/sql/XADataSource
instanceKlass org/springframework/boot/autoconfigure/transaction/jta/JtaAutoConfiguration
instanceKlass org/springframework/boot/autoconfigure/transaction/jta/AtomikosJtaConfiguration
instanceKlass org/springframework/boot/autoconfigure/transaction/jta/BitronixJtaConfiguration
instanceKlass org/springframework/boot/autoconfigure/transaction/jta/JndiJtaConfiguration
instanceKlass org/springframework/boot/autoconfigure/orm/jpa/HibernateJpaAutoConfiguration
instanceKlass org/springframework/boot/autoconfigure/jms/artemis/ArtemisAutoConfiguration
instanceKlass org/springframework/boot/autoconfigure/jms/activemq/ActiveMQAutoConfiguration
instanceKlass org/springframework/boot/autoconfigure/jdbc/XADataSourceAutoConfiguration
instanceKlass org/springframework/boot/actuate/autoconfigure/beans/BeansEndpointAutoConfiguration
instanceKlass org/springframework/boot/actuate/autoconfigure/audit/AuditEventsEndpointAutoConfiguration
instanceKlass org/springframework/boot/actuate/autoconfigure/audit/AuditAutoConfiguration
instanceKlass org/springframework/boot/web/server/ErrorPageRegistrarBeanPostProcessor
instanceKlass org/springframework/boot/autoconfigure/web/servlet/TomcatServletWebServerFactoryCustomizer
instanceKlass org/springframework/boot/autoconfigure/web/servlet/ServletWebServerFactoryCustomizer
instanceKlass org/springframework/boot/web/server/AbstractConfigurableWebServerFactory
instanceKlass org/springframework/boot/web/servlet/server/ConfigurableServletWebServerFactory
instanceKlass org/springframework/boot/web/embedded/tomcat/ConfigurableTomcatWebServerFactory
instanceKlass org/springframework/boot/web/server/ConfigurableWebServerFactory
instanceKlass org/springframework/boot/web/server/ErrorPageRegistry
instanceKlass org/springframework/boot/web/server/WebServerFactory
instanceKlass org/springframework/beans/factory/ObjectProvider
instanceKlass org/springframework/boot/web/server/WebServerFactoryCustomizerBeanPostProcessor
instanceKlass org/springframework/boot/autoconfigure/web/servlet/ServletWebServerFactoryConfiguration$EmbeddedUndertow
instanceKlass org/springframework/boot/autoconfigure/web/servlet/ServletWebServerFactoryConfiguration$EmbeddedJetty
instanceKlass org/springframework/boot/autoconfigure/web/servlet/ServletWebServerFactoryConfiguration$EmbeddedTomcat
instanceKlass org/springframework/boot/autoconfigure/web/ServerProperties
instanceKlass org/springframework/boot/autoconfigure/websocket/servlet/WebSocketServletAutoConfiguration
instanceKlass org/springframework/boot/autoconfigure/websocket/servlet/TomcatWebSocketServletWebServerCustomizer
instanceKlass org/springframework/boot/web/server/WebServerFactoryCustomizer
instanceKlass org/springframework/boot/autoconfigure/websocket/servlet/WebSocketServletAutoConfiguration$TomcatWebSocketConfiguration
instanceKlass org/springframework/boot/web/servlet/server/ServletWebServerFactory
instanceKlass org/springframework/boot/autoconfigure/web/servlet/ServletWebServerFactoryAutoConfiguration
instanceKlass org/springframework/boot/autoconfigure/jackson/JacksonAutoConfiguration
instanceKlass org/springframework/boot/autoconfigure/jackson/JacksonAutoConfiguration$JacksonObjectMapperConfiguration
instanceKlass org/springframework/boot/autoconfigure/jackson/JacksonAutoConfiguration$ParameterNamesModuleConfiguration
instanceKlass org/springframework/boot/autoconfigure/jackson/JacksonAutoConfiguration$JacksonObjectMapperBuilderConfiguration
instanceKlass org/springframework/boot/autoconfigure/jackson/JacksonAutoConfiguration$Jackson2ObjectMapperBuilderCustomizerConfiguration$StandardJackson2ObjectMapperBuilderCustomizer
instanceKlass org/springframework/boot/autoconfigure/jackson/Jackson2ObjectMapperBuilderCustomizer
instanceKlass org/springframework/boot/autoconfigure/jackson/JacksonAutoConfiguration$Jackson2ObjectMapperBuilderCustomizerConfiguration
instanceKlass org/springframework/core/annotation/AnnotatedElementUtils
instanceKlass org/springframework/context/annotation/BeanAnnotationHelper
instanceKlass org/springframework/util/ReflectionUtils$$Lambda$294
instanceKlass org/springframework/util/ReflectionUtils$MethodCallback
instanceKlass org/springframework/beans/factory/support/AbstractAutowireCapableBeanFactory$$Lambda$293
instanceKlass org/springframework/boot/context/properties/ConstructorBinding
instanceKlass org/springframework/boot/context/properties/ConfigurationPropertiesBindConstructorProvider
instanceKlass org/springframework/boot/context/properties/ConfigurationPropertiesBeanRegistrar$$Lambda$292
instanceKlass org/springframework/boot/context/properties/EnableConfigurationPropertiesRegistrar$$Lambda$291
instanceKlass org/springframework/boot/context/properties/EnableConfigurationPropertiesRegistrar$$Lambda$290
instanceKlass org/springframework/boot/context/properties/EnableConfigurationPropertiesRegistrar$$Lambda$289
instanceKlass org/springframework/boot/context/properties/ConfigurationPropertiesBeanRegistrar
instanceKlass org/springframework/boot/context/properties/ConfigurationBeanFactoryMetadata
instanceKlass org/springframework/boot/context/properties/ConfigurationPropertiesBeanDefinitionValidator
instanceKlass org/springframework/boot/context/properties/ConfigurationPropertiesBinder$Factory
instanceKlass org/springframework/boot/context/properties/ConfigurationPropertiesBinder
instanceKlass org/springframework/boot/context/properties/ConfigurationPropertiesBindingPostProcessor
instanceKlass org/springframework/boot/autoconfigure/jackson/JacksonProperties
instanceKlass org/springframework/core/type/StandardMethodMetadata
instanceKlass org/springframework/boot/autoconfigure/context/PropertyPlaceholderAutoConfiguration
instanceKlass org/springframework/beans/factory/config/ConstructorArgumentValues$$Lambda$288
instanceKlass org/springframework/beans/factory/config/ConstructorArgumentValues$$Lambda$287
instanceKlass org/springframework/beans/factory/config/ConstructorArgumentValues$$Lambda$286
instanceKlass com/elikya/apps/rhoe/desk/controller/TaxesController
instanceKlass com/elikya/apps/rhoe/desk/controller/SalesController
instanceKlass com/elikya/apps/rhoe/desk/controller/SaleDetailsController
instanceKlass com/elikya/apps/rhoe/desk/controller/ReportsController
instanceKlass com/elikya/apps/rhoe/desk/controller/ProductsController
instanceKlass com/elikya/apps/rhoe/desk/controller/ProductStockDetailsController
instanceKlass com/elikya/apps/rhoe/desk/controller/ProductQuantityController
instanceKlass com/elikya/apps/rhoe/desk/controller/ProductHandlerController
instanceKlass com/elikya/apps/rhoe/desk/controller/PasswordController
instanceKlass com/elikya/apps/rhoe/desk/controller/OptionsController
instanceKlass com/elikya/apps/rhoe/desk/controller/NewSaleController
instanceKlass com/elikya/apps/rhoe/desk/controller/MoreController
instanceKlass com/elikya/apps/rhoe/desk/util/Observable
instanceKlass com/elikya/apps/rhoe/desk/controller/LoginController
instanceKlass com/elikya/apps/rhoe/desk/controller/LanguageController
instanceKlass com/elikya/apps/rhoe/desk/controller/ItemsProductsController
instanceKlass com/elikya/apps/rhoe/desk/controller/HelpController
instanceKlass com/elikya/apps/rhoe/desk/controller/EnterpriseController
instanceKlass com/elikya/apps/rhoe/desk/controller/DeletionDialogController
instanceKlass com/elikya/apps/rhoe/desk/controller/CodeVerifierController
instanceKlass com/elikya/apps/rhoe/desk/controller/AccountController
instanceKlass com/elikya/apps/rhoe/desk/controller/AboutController
instanceKlass org/springframework/boot/autoconfigure/condition/OnBeanCondition$MatchResult
instanceKlass org/springframework/core/io/support/PropertiesLoaderSupport
instanceKlass org/springframework/boot/autoconfigure/condition/OnBeanCondition$Spec$$Lambda$285
instanceKlass org/springframework/boot/autoconfigure/condition/OnBeanCondition$Spec
instanceKlass org/springframework/beans/factory/config/ConstructorArgumentValues$ValueHolder
instanceKlass org/springframework/beans/factory/config/ConstructorArgumentValues
instanceKlass org/springframework/boot/autoconfigure/AutoConfigurationPackages$BasePackages
instanceKlass org/springframework/boot/autoconfigure/AutoConfigurationPackages
instanceKlass org/springframework/boot/autoconfigure/AutoConfigurationPackages$PackageImport
instanceKlass org/springframework/context/annotation/ConfigurationClassBeanDefinitionReader$$Lambda$284
instanceKlass org/springframework/context/annotation/ConfigurationClassBeanDefinitionReader$$Lambda$283
instanceKlass org/springframework/context/annotation/ConfigurationClassBeanDefinitionReader$TrackedConditionEvaluator
instanceKlass org/springframework/boot/actuate/autoconfigure/web/server/ManagementContextConfigurationImportSelector$ManagementConfiguration
instanceKlass org/springframework/boot/actuate/autoconfigure/web/ManagementContextConfiguration
instanceKlass org/springframework/context/annotation/ConfigurationClassParser$DefaultDeferredImportSelectorGroup
instanceKlass org/springframework/boot/actuate/autoconfigure/web/server/ManagementContextConfigurationImportSelector
instanceKlass org/springframework/boot/actuate/autoconfigure/web/server/EnableManagementContext
instanceKlass org/springframework/boot/web/reactive/context/ConfigurableReactiveWebApplicationContext
instanceKlass org/springframework/boot/web/reactive/context/ReactiveWebApplicationContext
instanceKlass org/springframework/boot/actuate/autoconfigure/web/server/ConditionalOnManagementPort
instanceKlass org/springframework/http/server/ServerHttpRequest
instanceKlass org/springframework/http/HttpInputMessage
instanceKlass org/springframework/http/HttpRequest
instanceKlass org/springframework/boot/devtools/restart/Restarter
instanceKlass org/springframework/boot/autoconfigure/validation/PrimaryDefaultValidatorPostProcessor
instanceKlass org/springframework/transaction/annotation/AbstractTransactionManagementConfiguration
instanceKlass org/springframework/context/annotation/ImportAware
instanceKlass org/springframework/context/annotation/AutoProxyRegistrar
instanceKlass org/springframework/transaction/annotation/TransactionManagementConfigurationSelector$1
instanceKlass org/springframework/context/annotation/AdviceModeImportSelector
instanceKlass org/springframework/transaction/annotation/EnableTransactionManagement
instanceKlass org/springframework/boot/autoconfigure/data/AbstractRepositoryConfigurationSourceSupport
instanceKlass org/springframework/context/annotation/AspectJAutoProxyRegistrar
instanceKlass org/springframework/context/annotation/EnableAspectJAutoProxy
instanceKlass org/aspectj/weaver/ShadowMunger
instanceKlass org/aspectj/weaver/IHasPosition
instanceKlass org/aspectj/util/PartialOrder$PartialComparable
instanceKlass org/springframework/boot/actuate/trace/http/HttpTraceEndpoint
instanceKlass org/springframework/boot/actuate/scheduling/ScheduledTasksEndpoint
instanceKlass org/springframework/boot/actuate/metrics/MetricsEndpoint
instanceKlass org/springframework/boot/actuate/management/ThreadDumpEndpoint
instanceKlass org/springframework/boot/actuate/management/HeapDumpWebEndpoint
instanceKlass org/springframework/boot/actuate/logging/LoggersEndpoint
instanceKlass org/springframework/boot/actuate/endpoint/annotation/DiscovererEndpointFilter
instanceKlass org/springframework/boot/actuate/endpoint/EndpointFilter
instanceKlass org/springframework/boot/actuate/endpoint/annotation/FilteredEndpoint
instanceKlass org/springframework/boot/actuate/endpoint/web/annotation/WebEndpoint
instanceKlass org/springframework/boot/actuate/logging/LogFileWebEndpoint
instanceKlass org/springframework/boot/actuate/info/InfoEndpoint
instanceKlass org/springframework/boot/actuate/autoconfigure/info/ConditionalOnEnabledInfoContributor
instanceKlass org/springframework/boot/actuate/health/HealthEndpointSupport
instanceKlass org/springframework/boot/actuate/env/EnvironmentEndpoint
instanceKlass org/springframework/boot/actuate/context/properties/ConfigurationPropertiesReportEndpoint
instanceKlass org/springframework/boot/actuate/context/ShutdownEndpoint
instanceKlass org/springframework/boot/actuate/autoconfigure/condition/ConditionsReportEndpoint
instanceKlass org/springframework/boot/actuate/cache/CachesEndpoint
instanceKlass org/springframework/boot/autoconfigure/cache/CacheConfigurations$$Lambda$282
instanceKlass org/springframework/boot/autoconfigure/cache/NoOpCacheConfiguration
instanceKlass org/springframework/boot/autoconfigure/cache/SimpleCacheConfiguration
instanceKlass org/springframework/boot/autoconfigure/cache/CaffeineCacheConfiguration
instanceKlass org/springframework/boot/autoconfigure/cache/RedisCacheConfiguration
instanceKlass org/springframework/boot/autoconfigure/cache/CouchbaseCacheConfiguration
instanceKlass org/springframework/boot/autoconfigure/cache/JCacheCacheConfiguration
instanceKlass org/springframework/boot/autoconfigure/cache/InfinispanCacheConfiguration
instanceKlass org/springframework/boot/autoconfigure/cache/HazelcastCacheConfiguration
instanceKlass org/springframework/boot/autoconfigure/cache/EhCacheCacheConfiguration
instanceKlass org/springframework/boot/autoconfigure/cache/GenericCacheConfiguration
instanceKlass org/springframework/boot/autoconfigure/cache/CacheConfigurations
instanceKlass org/springframework/boot/autoconfigure/cache/CacheAutoConfiguration$CacheConfigurationImportSelector
instanceKlass org/springframework/boot/autoconfigure/orm/jpa/DataSourceInitializedPublisher$Registrar
instanceKlass org/springframework/boot/autoconfigure/jdbc/DataSourceInitializationConfiguration$Registrar
instanceKlass com/zaxxer/hikari/HikariConfig
instanceKlass com/zaxxer/hikari/HikariConfigMXBean
instanceKlass org/springframework/boot/jdbc/DataSourceBuilder
instanceKlass org/springframework/boot/autoconfigure/condition/AbstractNestedCondition$MemberOutcomes
instanceKlass org/springframework/boot/autoconfigure/condition/AbstractNestedCondition$MemberConditions$$Lambda$281
instanceKlass org/springframework/boot/autoconfigure/condition/AbstractNestedCondition$MemberMatchOutcomes
instanceKlass org/springframework/boot/autoconfigure/condition/AbstractNestedCondition$MemberConditions
instanceKlass org/springframework/transaction/support/AbstractPlatformTransactionManager
instanceKlass org/springframework/transaction/jta/TransactionFactory
instanceKlass org/springframework/boot/autoconfigure/condition/ConditionalOnJndi
instanceKlass org/springframework/boot/actuate/beans/BeansEndpoint
instanceKlass org/springframework/boot/context/properties/bind/CollectionBinder$$Lambda$280
instanceKlass org/springframework/boot/actuate/autoconfigure/endpoint/condition/OnAvailableEndpointCondition$ExposureInformation
instanceKlass org/springframework/boot/actuate/endpoint/EndpointId
instanceKlass org/springframework/boot/actuate/endpoint/annotation/Endpoint
instanceKlass org/springframework/boot/actuate/audit/AuditEventsEndpoint
instanceKlass org/springframework/boot/autoconfigure/condition/OnPropertyCondition$Spec
instanceKlass org/springframework/boot/autoconfigure/condition/OnPropertyCondition$$Lambda$279
instanceKlass org/apache/coyote/UpgradeProtocol
instanceKlass org/springframework/boot/autoconfigure/web/servlet/ServletWebServerFactoryAutoConfiguration$BeanPostProcessorsRegistrar
instanceKlass org/apache/tomcat/websocket/server/WsSci
instanceKlass javax/servlet/ServletContainerInitializer
instanceKlass org/apache/catalina/startup/Tomcat
instanceKlass javax/xml/bind/annotation/XmlElement
instanceKlass org/springframework/beans/factory/annotation/Autowired
instanceKlass org/glassfish/jersey/jackson/JacksonFeature
instanceKlass javax/ws/rs/core/Feature
instanceKlass org/springframework/boot/autoconfigure/condition/OnWebApplicationCondition$1
instanceKlass org/springframework/boot/web/servlet/RegistrationBean
instanceKlass org/springframework/boot/web/servlet/ServletContextInitializer
instanceKlass org/springframework/boot/autoconfigure/web/servlet/ConditionalOnMissingFilterBean
instanceKlass javax/annotation/PostConstruct
instanceKlass org/springframework/boot/autoconfigure/condition/ConditionalOnMissingClass
instanceKlass org/springframework/context/annotation/ConfigurationMethod
instanceKlass org/springframework/core/annotation/MergedAnnotationCollectors$$Lambda$278
instanceKlass java/lang/invoke/LambdaForm$DMH
instanceKlass org/springframework/core/annotation/TypeMappedAnnotation$$Lambda$277
instanceKlass org/springframework/core/annotation/MergedAnnotationCollectors$$Lambda$276
instanceKlass org/springframework/core/annotation/MergedAnnotationCollectors$$Lambda$275
instanceKlass org/springframework/core/annotation/MergedAnnotationCollectors$$Lambda$274
instanceKlass java/util/function/Function$$Lambda$273
instanceKlass org/springframework/core/annotation/MergedAnnotationCollectors
instanceKlass org/springframework/core/type/AnnotatedTypeMetadata$$Lambda$272
instanceKlass org/springframework/core/type/AnnotatedTypeMetadata$$Lambda$271
instanceKlass org/springframework/core/annotation/MergedAnnotationPredicates$UniquePredicate
instanceKlass org/springframework/core/annotation/MergedAnnotationPredicates
instanceKlass org/springframework/core/type/AnnotatedTypeMetadata$$Lambda$270
instanceKlass org/springframework/boot/context/properties/ConfigurationProperties
instanceKlass org/springframework/context/annotation/ConfigurationClassParser$DeferredImportSelectorGroupingHandler$$Lambda$269
instanceKlass org/springframework/boot/autoconfigure/AutoConfigurationImportSelector$AutoConfigurationGroup$$Lambda$268
instanceKlass org/springframework/context/annotation/DeferredImportSelector$Group$Entry
instanceKlass org/springframework/boot/autoconfigure/AutoConfigurationSorter$AutoConfigurationClasses$$Lambda$267
instanceKlass org/springframework/boot/autoconfigure/AutoConfigureOrder
instanceKlass org/springframework/boot/autoconfigure/AutoConfigurationSorter$$Lambda$266
instanceKlass org/springframework/boot/autoconfigure/condition/ConditionalOnResource
instanceKlass org/springframework/boot/actuate/autoconfigure/health/ConditionalOnEnabledHealthIndicator
instanceKlass org/springframework/core/type/classreading/MergedAnnotationReadingVisitor$$Lambda$265
instanceKlass org/springframework/boot/actuate/autoconfigure/endpoint/condition/ConditionalOnAvailableEndpoint
instanceKlass org/springframework/boot/autoconfigure/condition/ConditionalOnMissingBean
instanceKlass org/springframework/boot/autoconfigure/condition/ConditionalOnProperty
instanceKlass org/springframework/boot/autoconfigure/AutoConfigureAfter
instanceKlass org/springframework/boot/autoconfigure/AutoConfigureBefore
instanceKlass org/springframework/boot/context/properties/EnableConfigurationPropertiesRegistrar
instanceKlass org/springframework/boot/context/properties/EnableConfigurationProperties
instanceKlass org/springframework/boot/devtools/restart/ConditionalOnInitializedRestarter
instanceKlass org/springframework/boot/autoconfigure/AutoConfigurationSorter$AutoConfigurationClass
instanceKlass org/springframework/boot/autoconfigure/AutoConfigurationSorter$AutoConfigurationClasses
instanceKlass org/springframework/boot/autoconfigure/AutoConfigurationSorter
instanceKlass org/springframework/boot/autoconfigure/AutoConfigurationImportSelector$AutoConfigurationGroup$$Lambda$264
instanceKlass org/springframework/boot/autoconfigure/AutoConfigurationImportSelector$AutoConfigurationGroup$$Lambda$263
instanceKlass org/springframework/boot/autoconfigure/AutoConfigurationImportSelector$AutoConfigurationGroup$$Lambda$262
instanceKlass org/springframework/boot/autoconfigure/AutoConfigurationImportSelector$AutoConfigurationGroup$$Lambda$261
instanceKlass java/lang/invoke/LambdaForm$DMH
instanceKlass org/springframework/boot/autoconfigure/AutoConfigurationImportSelector$AutoConfigurationGroup$$Lambda$260
instanceKlass org/springframework/boot/autoconfigure/condition/ConditionEvaluationReportAutoConfigurationImportListener
instanceKlass org/springframework/boot/autoconfigure/AutoConfigurationImportListener
instanceKlass javax/ws/rs/core/Application
instanceKlass org/glassfish/jersey/server/ServerConfig
instanceKlass org/glassfish/jersey/ExtendedConfig
instanceKlass javax/ws/rs/core/Configuration
instanceKlass javax/ws/rs/core/Configurable
instanceKlass org/springframework/boot/jdbc/XADataSourceWrapper
instanceKlass org/springframework/cache/interceptor/AbstractCacheInvoker
instanceKlass org/springframework/boot/actuate/trace/http/HttpTraceRepository
instanceKlass io/micrometer/core/instrument/Clock
instanceKlass org/springframework/boot/actuate/audit/AuditEventRepository
instanceKlass org/springframework/boot/autoconfigure/condition/ConditionalOnSingleCandidate
instanceKlass org/springframework/boot/autoconfigure/condition/ConditionalOnBean
instanceKlass org/springframework/boot/autoconfigure/condition/ConditionalOnWebApplication
instanceKlass org/springframework/boot/autoconfigure/condition/ConditionEvaluationReport$ConditionAndOutcome
instanceKlass org/springframework/boot/autoconfigure/condition/ConditionEvaluationReport$ConditionAndOutcomes
instanceKlass javax/websocket/server/ServerContainer
instanceKlass javax/websocket/WebSocketContainer
instanceKlass org/springframework/web/multipart/support/StandardServletMultipartResolver
instanceKlass org/springframework/web/multipart/MultipartResolver
instanceKlass javax/servlet/MultipartConfigElement
instanceKlass org/springframework/web/filter/GenericFilterBean
instanceKlass javax/servlet/Filter
instanceKlass org/springframework/http/ReactiveHttpInputMessage
instanceKlass org/springframework/http/HttpMessage
instanceKlass org/springframework/http/server/reactive/HttpHandler
instanceKlass org/springframework/http/client/support/HttpAccessor
instanceKlass org/springframework/web/client/RestOperations
instanceKlass javax/transaction/Transaction
instanceKlass org/springframework/scheduling/TaskScheduler
instanceKlass org/springframework/util/CustomizableThreadCreator
instanceKlass org/springframework/scheduling/SchedulingTaskExecutor
instanceKlass org/springframework/core/task/AsyncListenableTaskExecutor
instanceKlass org/springframework/core/task/AsyncTaskExecutor
instanceKlass org/springframework/core/task/TaskExecutor
instanceKlass org/springframework/orm/jpa/AbstractEntityManagerFactoryBean
instanceKlass org/springframework/dao/support/PersistenceExceptionTranslator
instanceKlass org/springframework/orm/jpa/EntityManagerFactoryInfo
instanceKlass org/springframework/context/weaving/LoadTimeWeaverAware
instanceKlass org/hibernate/engine/spi/SessionImplementor
instanceKlass org/hibernate/jpa/spi/HibernateEntityManagerImplementor
instanceKlass org/hibernate/jpa/spi/HibernateEntityManagerFactoryAware
instanceKlass org/hibernate/ejb/HibernateEntityManager
instanceKlass org/hibernate/engine/spi/SharedSessionContractImplementor
instanceKlass org/hibernate/query/spi/QueryProducerImplementor
instanceKlass org/hibernate/type/descriptor/WrapperOptions
instanceKlass org/hibernate/engine/jdbc/LobCreationContext
instanceKlass org/hibernate/resource/transaction/spi/TransactionCoordinatorBuilder$Options
instanceKlass org/hibernate/resource/jdbc/spi/JdbcSessionOwner
instanceKlass org/hibernate/Session
instanceKlass org/hibernate/jpa/HibernateEntityManager
instanceKlass org/hibernate/SharedSessionContract
instanceKlass org/hibernate/query/QueryProducer
instanceKlass org/springframework/aop/framework/ProxyConfig
instanceKlass org/apache/catalina/Manager
instanceKlass io/micrometer/core/instrument/binder/tomcat/TomcatMetrics
instanceKlass io/micrometer/core/instrument/binder/jetty/JettyServerThreadPoolMetrics
instanceKlass org/hibernate/SessionFactory
instanceKlass javax/naming/Referenceable
instanceKlass org/hibernate/jpa/HibernateEntityManagerFactory
instanceKlass javax/persistence/EntityManager
instanceKlass javax/activation/MimeType
instanceKlass org/glassfish/jersey/server/spring/SpringComponentProvider
instanceKlass org/glassfish/jersey/server/spi/ComponentProvider
instanceKlass javax/servlet/ServletRegistration
instanceKlass javax/servlet/Registration
instanceKlass org/springframework/jmx/support/MBeanRegistrationSupport
instanceKlass org/springframework/jmx/export/MBeanExportOperations
instanceKlass org/springframework/transaction/PlatformTransactionManager
instanceKlass org/springframework/transaction/TransactionManager
instanceKlass javax/transaction/TransactionManager
instanceKlass org/springframework/http/codec/CodecConfigurer
instanceKlass io/micrometer/core/annotation/Timed
instanceKlass io/micrometer/core/instrument/binder/logging/Log4j2Metrics
instanceKlass io/micrometer/core/instrument/binder/kafka/KafkaConsumerMetrics
instanceKlass io/micrometer/core/instrument/binder/MeterBinder
instanceKlass io/micrometer/core/instrument/MeterRegistry
instanceKlass org/springframework/data/web/PageableHandlerMethodArgumentResolverSupport
instanceKlass org/springframework/data/web/PageableArgumentResolver
instanceKlass org/springframework/web/method/support/HandlerMethodArgumentResolver
instanceKlass org/springframework/jdbc/datasource/AbstractDataSource
instanceKlass javax/sql/DataSource
instanceKlass java/sql/Wrapper
instanceKlass javax/sql/CommonDataSource
instanceKlass org/springframework/jdbc/support/JdbcAccessor
instanceKlass org/springframework/jdbc/core/JdbcOperations
instanceKlass javax/naming/ldap/LdapContext
instanceKlass javax/naming/directory/DirContext
instanceKlass org/springframework/data/jpa/repository/JpaRepository
instanceKlass org/springframework/data/repository/query/QueryByExampleExecutor
instanceKlass org/springframework/data/repository/PagingAndSortingRepository
instanceKlass org/springframework/data/repository/CrudRepository
instanceKlass org/springframework/data/repository/Repository
instanceKlass org/springframework/cache/CacheManager
instanceKlass org/springframework/boot/autoconfigure/condition/ConditionMessage$ItemsBuilder
instanceKlass org/springframework/boot/autoconfigure/condition/ConditionMessage$Builder
instanceKlass org/springframework/boot/autoconfigure/condition/ConditionMessage
instanceKlass org/springframework/boot/autoconfigure/condition/ConditionalOnClass
instanceKlass org/springframework/boot/autoconfigure/condition/ConditionOutcome
instanceKlass org/springframework/boot/autoconfigure/condition/OnClassCondition$ThreadedOutcomesResolver$$Lambda$259
instanceKlass org/springframework/boot/autoconfigure/condition/OnClassCondition$ThreadedOutcomesResolver
instanceKlass org/springframework/boot/autoconfigure/condition/OnClassCondition$StandardOutcomesResolver
instanceKlass org/springframework/boot/autoconfigure/condition/OnClassCondition$OutcomesResolver
instanceKlass org/springframework/boot/autoconfigure/condition/SpringBootCondition
instanceKlass org/springframework/context/annotation/ConfigurationCondition
instanceKlass org/springframework/boot/autoconfigure/AutoConfigurationImportFilter
instanceKlass org/springframework/boot/autoconfigure/AutoConfigurationImportSelector$$Lambda$258
instanceKlass org/springframework/boot/autoconfigure/AutoConfigurationImportSelector$$Lambda$257
instanceKlass org/springframework/boot/autoconfigure/AutoConfigurationMetadataLoader$PropertiesAutoConfigurationMetadata
instanceKlass org/springframework/boot/autoconfigure/AutoConfigurationMetadata
instanceKlass org/springframework/boot/autoconfigure/AutoConfigurationMetadataLoader
instanceKlass org/springframework/boot/autoconfigure/AutoConfigurationImportSelector$AutoConfigurationGroup$$Lambda$256
instanceKlass org/springframework/context/annotation/ConfigurationClassParser$DeferredImportSelectorGroupingHandler$$Lambda$255
instanceKlass org/springframework/context/annotation/ConfigurationClassParser$DeferredImportSelectorGrouping
instanceKlass org/springframework/boot/autoconfigure/AutoConfigurationImportSelector$AutoConfigurationGroup
instanceKlass org/springframework/context/annotation/DeferredImportSelector$Group
instanceKlass org/springframework/context/annotation/ConfigurationClassParser$DeferredImportSelectorHandler$$Lambda$254
instanceKlass org/springframework/context/annotation/ConfigurationClassParser$DeferredImportSelectorGroupingHandler
instanceKlass org/springframework/boot/autoconfigure/AutoConfigurationImportSelector$AutoConfigurationEntry
instanceKlass javafx/fxml/Initializable
instanceKlass org/springframework/core/annotation/MergedAnnotationsCollection$AnnotationsSpliterator
instanceKlass org/springframework/data/annotation/QueryAnnotation
instanceKlass org/springframework/data/jpa/repository/Query
instanceKlass org/springframework/core/type/classreading/SimpleMethodMetadataReadingVisitor$Source
instanceKlass org/springframework/core/type/classreading/SimpleMethodMetadataReadingVisitor$$Lambda$253
instanceKlass org/springframework/core/type/classreading/SimpleMethodMetadataReadingVisitor$$Lambda$252
instanceKlass org/springframework/core/type/classreading/MergedAnnotationReadingVisitor$ArrayVisitor$$Lambda$251
instanceKlass org/springframework/core/type/classreading/MergedAnnotationReadingVisitor$$Lambda$250
instanceKlass javax/persistence/UniqueConstraint
instanceKlass javax/persistence/Index
instanceKlass javax/persistence/Table
instanceKlass javax/persistence/Entity
instanceKlass org/springframework/core/type/AnnotationMetadata$$Lambda$249
instanceKlass org/springframework/core/type/classreading/SimpleAnnotationMetadata
instanceKlass org/springframework/core/annotation/MergedAnnotationsCollection
instanceKlass org/springframework/core/type/classreading/SimpleAnnotationMetadataReadingVisitor$$Lambda$248
instanceKlass org/springframework/core/type/classreading/SimpleMethodMetadata
instanceKlass org/springframework/core/type/MethodMetadata
instanceKlass org/springframework/asm/MethodVisitor
instanceKlass org/springframework/core/annotation/TypeMappedAnnotation$$Lambda$247
instanceKlass org/springframework/asm/Type
instanceKlass org/springframework/asm/AnnotationVisitor
instanceKlass org/springframework/core/type/classreading/SimpleAnnotationMetadataReadingVisitor$$Lambda$246
instanceKlass org/springframework/core/type/classreading/SimpleAnnotationMetadataReadingVisitor$$Lambda$245
instanceKlass org/springframework/core/type/classreading/SimpleAnnotationMetadataReadingVisitor$Source
instanceKlass org/springframework/asm/Context
instanceKlass org/springframework/asm/Attribute
instanceKlass sun/nio/ch/IOStatus
instanceKlass java/nio/DirectByteBuffer$Deallocator
instanceKlass sun/nio/ch/Util$BufferCache
instanceKlass sun/nio/ch/Util$2
instanceKlass sun/nio/ch/Util
instanceKlass sun/nio/ch/NativeThread
instanceKlass java/nio/channels/spi/AbstractInterruptibleChannel$1
instanceKlass org/springframework/asm/ClassReader
instanceKlass java/nio/channels/Channels
instanceKlass sun/nio/ch/NativeDispatcher
instanceKlass sun/nio/ch/NativeThreadSet
instanceKlass sun/nio/fs/NativeBuffer$Deallocator
instanceKlass sun/nio/fs/NativeBuffer
instanceKlass sun/nio/fs/NativeBuffers
instanceKlass sun/nio/fs/UnixChannelFactory$Flags
instanceKlass sun/nio/fs/UnixChannelFactory
instanceKlass sun/nio/fs/UnixFileModeAttribute
instanceKlass java/nio/file/Files
instanceKlass java/nio/file/OpenOption
instanceKlass org/springframework/asm/ClassVisitor
instanceKlass org/springframework/core/type/classreading/SimpleMetadataReader
instanceKlass sun/nio/fs/UnixMountEntry
instanceKlass sun/nio/fs/UnixFileStoreAttributes
instanceKlass sun/nio/fs/UnixFileAttributes
instanceKlass java/nio/file/attribute/PosixFileAttributes
instanceKlass java/nio/file/attribute/BasicFileAttributes
instanceKlass sun/nio/fs/UnixNativeDispatcher$1
instanceKlass sun/nio/fs/UnixNativeDispatcher
instanceKlass sun/nio/fs/Util
instanceKlass sun/nio/fs/AbstractPath
instanceKlass java/nio/file/FileSystem
instanceKlass java/nio/file/spi/FileSystemProvider
instanceKlass sun/nio/fs/DefaultFileSystemProvider
instanceKlass java/nio/file/FileSystems$DefaultFileSystemHolder$1
instanceKlass java/nio/file/FileSystems$DefaultFileSystemHolder
instanceKlass java/nio/file/FileSystems
instanceKlass org/springframework/util/AntPathMatcher$AntPathStringMatcher
instanceKlass java/util/Comparator$$Lambda$244
instanceKlass org/springframework/core/io/support/PathMatchingResourcePatternResolver$$Lambda$243
instanceKlass org/springframework/context/annotation/ParserStrategyUtils
instanceKlass org/springframework/context/annotation/ComponentScanAnnotationParser$2
instanceKlass org/springframework/context/annotation/PropertySource
instanceKlass org/springframework/context/annotation/PropertySources
instanceKlass org/springframework/context/annotation/ConfigurationClass
instanceKlass org/springframework/context/annotation/ComponentScanAnnotationParser
instanceKlass org/springframework/context/annotation/ConfigurationClassParser$SourceClass
instanceKlass org/springframework/context/annotation/ConfigurationClassParser$DeferredImportSelectorHandler
instanceKlass org/springframework/context/annotation/ImportRegistry
instanceKlass org/springframework/context/annotation/ConfigurationClassParser$$Lambda$242
instanceKlass org/springframework/context/annotation/ConfigurationClassParser$DeferredImportSelectorHolder
instanceKlass org/springframework/context/annotation/ConfigurationClassParser$$Lambda$241
instanceKlass org/springframework/core/io/support/DefaultPropertySourceFactory
instanceKlass org/springframework/core/io/support/PropertySourceFactory
instanceKlass org/springframework/context/annotation/ConfigurationClassParser
instanceKlass org/springframework/context/annotation/ConfigurationClassPostProcessor$$Lambda$240
instanceKlass org/springframework/core/annotation/AnnotationUtils
instanceKlass org/springframework/context/annotation/Bean
instanceKlass org/springframework/beans/BeanMetadataAttribute
instanceKlass org/springframework/aop/framework/AopInfrastructureBean
instanceKlass org/springframework/context/annotation/ImportResource
instanceKlass org/springframework/core/Conventions
instanceKlass org/springframework/context/annotation/ConfigurationClassUtils
instanceKlass org/springframework/beans/AbstractNestablePropertyAccessor$PropertyTokenHolder
instanceKlass org/springframework/beans/factory/config/TypedStringValue
instanceKlass org/springframework/context/annotation/ConfigurationClassBeanDefinitionReader
instanceKlass org/springframework/core/convert/Property
instanceKlass org/springframework/beans/AbstractNestablePropertyAccessor$PropertyHandler
instanceKlass org/springframework/core/SerializableTypeWrapper$MethodInvokeTypeProvider
instanceKlass java/lang/reflect/Proxy$1
instanceKlass java/lang/reflect/Proxy$KeyX
instanceKlass org/springframework/core/SerializableTypeWrapper$TypeProxyInvocationHandler
instanceKlass org/springframework/core/SerializableTypeWrapper$MethodParameterTypeProvider
instanceKlass org/springframework/core/SerializableTypeWrapper$TypeProvider
instanceKlass org/springframework/boot/autoconfigure/BackgroundPreinitializer$CharsetInitializer
instanceKlass java/lang/invoke/LambdaForm$MH
instanceKlass java/lang/invoke/LambdaForm$DMH
instanceKlass org/springframework/core/MethodParameter$$Lambda$239
instanceKlass java/lang/invoke/LambdaForm$DMH
instanceKlass org/springframework/core/MethodParameter
instanceKlass org/springframework/boot/autoconfigure/BackgroundPreinitializer$JacksonInitializer
instanceKlass org/springframework/http/converter/json/Jackson2ObjectMapperBuilder$$Lambda$238
instanceKlass org/springframework/core/BridgeMethodResolver
instanceKlass org/springframework/http/converter/json/Jackson2ObjectMapperBuilder$$Lambda$237
instanceKlass org/springframework/http/converter/json/Jackson2ObjectMapperBuilder$$Lambda$236
instanceKlass java/lang/invoke/LambdaForm$DMH
instanceKlass com/fasterxml/jackson/databind/deser/ValueInstantiators$Base
instanceKlass com/fasterxml/jackson/databind/type/TypeModifier
instanceKlass java/beans/SimpleBeanInfo
instanceKlass com/fasterxml/jackson/databind/deser/Deserializers$Base
instanceKlass com/sun/beans/WildcardTypeImpl
instanceKlass com/fasterxml/jackson/databind/util/ArrayBuilders
instanceKlass com/sun/beans/TypeResolver
instanceKlass java/beans/MethodRef
instanceKlass com/sun/beans/util/Cache$CacheEntry
instanceKlass com/fasterxml/jackson/databind/ObjectMapper$1
instanceKlass com/fasterxml/jackson/databind/Module$SetupContext
instanceKlass com/sun/beans/util/Cache
instanceKlass com/sun/beans/finder/AbstractFinder
instanceKlass com/fasterxml/jackson/datatype/jdk8/PackageVersion
instanceKlass com/sun/beans/finder/ClassFinder
instanceKlass org/springframework/beans/ExtendedBeanInfo
instanceKlass java/beans/BeanInfo
instanceKlass org/springframework/beans/ExtendedBeanInfoFactory
instanceKlass org/springframework/beans/BeanInfoFactory
instanceKlass org/springframework/beans/CachedIntrospectionResults
instanceKlass org/springframework/beans/PropertyAccessorUtils
instanceKlass org/springframework/beans/factory/support/DefaultSingletonBeanRegistry$$Lambda$235
instanceKlass org/springframework/beans/factory/support/DefaultSingletonBeanRegistry$$Lambda$234
instanceKlass org/springframework/beans/factory/support/DisposableBeanAdapter
instanceKlass org/springframework/beans/factory/DisposableBean
instanceKlass com/fasterxml/jackson/databind/module/SimpleKeyDeserializers
instanceKlass org/springframework/beans/factory/InitializingBean
instanceKlass com/fasterxml/jackson/databind/KeyDeserializer
instanceKlass org/springframework/expression/spel/support/StandardTypeConverter
instanceKlass org/springframework/expression/TypeConverter
instanceKlass org/springframework/expression/spel/support/StandardTypeLocator
instanceKlass org/springframework/expression/TypeLocator
instanceKlass com/fasterxml/jackson/datatype/jsr310/ser/ZonedDateTimeSerializer$$Lambda$233
instanceKlass com/fasterxml/jackson/datatype/jsr310/ser/ZonedDateTimeSerializer$$Lambda$232
instanceKlass java/lang/invoke/LambdaForm$DMH
instanceKlass org/springframework/context/expression/BeanFactoryResolver
instanceKlass org/springframework/expression/BeanResolver
instanceKlass com/fasterxml/jackson/datatype/jsr310/ser/ZonedDateTimeSerializer$$Lambda$231
instanceKlass org/springframework/context/expression/EnvironmentAccessor
instanceKlass org/springframework/context/expression/MapAccessor
instanceKlass org/springframework/expression/spel/CompilablePropertyAccessor
instanceKlass org/springframework/asm/Opcodes
instanceKlass org/springframework/context/expression/BeanFactoryAccessor
instanceKlass com/fasterxml/jackson/datatype/jsr310/ser/OffsetDateTimeSerializer$$Lambda$230
instanceKlass com/fasterxml/jackson/datatype/jsr310/ser/OffsetDateTimeSerializer$$Lambda$229
instanceKlass org/springframework/expression/spel/support/ReflectivePropertyAccessor
instanceKlass com/fasterxml/jackson/datatype/jsr310/ser/OffsetDateTimeSerializer$$Lambda$228
instanceKlass java/lang/invoke/LambdaForm$DMH
instanceKlass org/springframework/context/expression/BeanExpressionContextAccessor
instanceKlass org/springframework/expression/PropertyAccessor
instanceKlass org/springframework/expression/TypedValue
instanceKlass org/springframework/expression/spel/support/StandardOperatorOverloader
instanceKlass org/springframework/expression/OperatorOverloader
instanceKlass org/springframework/expression/spel/support/StandardTypeComparator
instanceKlass org/springframework/expression/TypeComparator
instanceKlass org/springframework/expression/spel/support/StandardEvaluationContext
instanceKlass com/fasterxml/jackson/datatype/jsr310/ser/InstantSerializer$$Lambda$227
instanceKlass org/springframework/expression/EvaluationContext
instanceKlass java/util/function/ToIntFunction
instanceKlass com/fasterxml/jackson/datatype/jsr310/ser/InstantSerializer$$Lambda$226
instanceKlass com/fasterxml/jackson/datatype/jsr310/ser/InstantSerializer$$Lambda$225
instanceKlass java/util/function/ToLongFunction
instanceKlass java/lang/invoke/LambdaForm$DMH
instanceKlass org/springframework/expression/common/LiteralExpression
instanceKlass org/springframework/expression/Expression
instanceKlass org/springframework/beans/factory/config/AutowiredPropertyMarker
instanceKlass com/fasterxml/jackson/databind/ser/Serializers$Base
instanceKlass org/springframework/beans/factory/support/BeanDefinitionValueResolver
instanceKlass org/springframework/beans/factory/support/AbstractAutowireCapableBeanFactory$$Lambda$224
instanceKlass org/springframework/beans/BeanWrapper
instanceKlass org/springframework/beans/ConfigurablePropertyAccessor
instanceKlass org/springframework/beans/PropertyAccessor
instanceKlass org/springframework/beans/factory/parsing/PassThroughSourceExtractor
instanceKlass org/springframework/beans/factory/support/AbstractBeanFactory$$Lambda$223
instanceKlass org/springframework/beans/factory/support/NullBean
instanceKlass com/fasterxml/jackson/databind/type/ClassKey
instanceKlass org/springframework/beans/factory/BeanFactoryUtils$$Lambda$222
instanceKlass com/fasterxml/jackson/databind/module/SimpleDeserializers
instanceKlass com/fasterxml/jackson/datatype/jsr310/deser/InstantDeserializer$$Lambda$221
instanceKlass com/fasterxml/jackson/datatype/jsr310/deser/InstantDeserializer$$Lambda$220
instanceKlass com/fasterxml/jackson/datatype/jsr310/deser/InstantDeserializer$$Lambda$219
instanceKlass com/fasterxml/jackson/datatype/jsr310/deser/InstantDeserializer$$Lambda$218
instanceKlass com/fasterxml/jackson/datatype/jsr310/deser/InstantDeserializer$$Lambda$217
instanceKlass org/springframework/core/annotation/AnnotationAttributes$$Lambda$216
instanceKlass com/fasterxml/jackson/datatype/jsr310/deser/InstantDeserializer$$Lambda$215
instanceKlass com/fasterxml/jackson/datatype/jsr310/deser/InstantDeserializer$$Lambda$214
instanceKlass com/fasterxml/jackson/datatype/jsr310/deser/InstantDeserializer$$Lambda$213
instanceKlass org/springframework/core/annotation/TypeMappedAnnotation$$Lambda$212
instanceKlass com/fasterxml/jackson/datatype/jsr310/deser/InstantDeserializer$$Lambda$211
instanceKlass com/fasterxml/jackson/datatype/jsr310/deser/InstantDeserializer$$Lambda$210
instanceKlass com/fasterxml/jackson/datatype/jsr310/deser/InstantDeserializer$FromDecimalArguments
instanceKlass com/fasterxml/jackson/datatype/jsr310/deser/InstantDeserializer$$Lambda$209
instanceKlass com/fasterxml/jackson/datatype/jsr310/deser/InstantDeserializer$FromIntegerArguments
instanceKlass com/fasterxml/jackson/datatype/jsr310/deser/InstantDeserializer$$Lambda$208
instanceKlass org/springframework/beans/factory/config/RuntimeBeanReference
instanceKlass org/springframework/beans/factory/config/BeanReference
instanceKlass org/springframework/beans/MutablePropertyValues
instanceKlass com/fasterxml/jackson/databind/JsonDeserializer
instanceKlass org/springframework/beans/PropertyValues
instanceKlass com/fasterxml/jackson/databind/deser/NullValueProvider
instanceKlass org/springframework/beans/factory/support/BeanDefinitionBuilder
instanceKlass org/springframework/boot/autoconfigure/SharedMetadataReaderFactoryContextInitializer$CachingMetadataReaderFactoryPostProcessor$$Lambda$207
instanceKlass org/springframework/boot/autoconfigure/SharedMetadataReaderFactoryContextInitializer$SharedMetadataReaderFactoryBean
instanceKlass org/springframework/context/support/PostProcessorRegistrationDelegate
instanceKlass com/fasterxml/jackson/databind/deser/ContextualDeserializer
instanceKlass org/springframework/boot/web/servlet/context/ServletWebServerApplicationContext$ExistingWebApplicationScopes$$Lambda$206
instanceKlass org/springframework/web/context/support/WebApplicationContextUtils$WebRequestObjectFactory
instanceKlass org/springframework/web/context/request/WebRequest
instanceKlass org/springframework/web/context/request/RequestAttributes
instanceKlass com/fasterxml/jackson/core/Version
instanceKlass org/springframework/web/context/support/WebApplicationContextUtils$SessionObjectFactory
instanceKlass javax/servlet/http/HttpSession
instanceKlass com/fasterxml/jackson/core/util/VersionUtil
instanceKlass org/springframework/web/context/support/WebApplicationContextUtils$ResponseObjectFactory
instanceKlass com/fasterxml/jackson/datatype/jsr310/PackageVersion
instanceKlass javax/servlet/ServletResponse
instanceKlass org/springframework/web/context/support/WebApplicationContextUtils$RequestObjectFactory
instanceKlass javax/servlet/ServletRequest
instanceKlass org/springframework/web/context/request/AbstractRequestAttributesScope
instanceKlass com/fasterxml/jackson/databind/Module
instanceKlass org/springframework/boot/web/servlet/context/ServletWebServerApplicationContext$ExistingWebApplicationScopes
instanceKlass org/springframework/web/context/ServletContextAware
instanceKlass com/fasterxml/jackson/databind/ser/BeanSerializerModifier
instanceKlass org/springframework/web/context/support/ServletContextAwareProcessor
instanceKlass com/fasterxml/jackson/databind/ser/Serializers
instanceKlass com/fasterxml/jackson/databind/cfg/SerializerFactoryConfig
instanceKlass org/springframework/context/support/ApplicationListenerDetector
instanceKlass org/springframework/beans/factory/ObjectFactory
instanceKlass org/springframework/context/MessageSourceAware
instanceKlass org/springframework/context/ApplicationEventPublisherAware
instanceKlass org/springframework/beans/factory/config/BeanExpressionContext
instanceKlass org/springframework/beans/factory/config/EmbeddedValueResolver
instanceKlass org/springframework/util/StringValueResolver
instanceKlass org/springframework/context/support/ApplicationContextAwareProcessor
instanceKlass org/springframework/beans/support/ResourceEditorRegistrar
instanceKlass org/springframework/beans/PropertyEditorRegistrar
instanceKlass org/springframework/expression/spel/SpelParserConfiguration
instanceKlass org/springframework/expression/common/TemplateAwareExpressionParser
instanceKlass org/springframework/expression/ExpressionParser
instanceKlass com/fasterxml/jackson/databind/ser/std/StdJdkSerializers
instanceKlass org/springframework/context/expression/StandardBeanExpressionResolver$1
instanceKlass org/springframework/expression/ParserContext
instanceKlass org/springframework/context/expression/StandardBeanExpressionResolver
instanceKlass org/springframework/beans/factory/config/BeanExpressionResolver
instanceKlass org/springframework/web/context/request/RequestContextHolder
instanceKlass org/springframework/web/context/support/WebApplicationContextUtils
instanceKlass org/springframework/boot/context/config/ConfigFileApplicationListener$PropertySourceOrderingPostProcessor
instanceKlass org/springframework/boot/logging/DeferredLog$1
instanceKlass com/fasterxml/jackson/databind/ser/ContextualSerializer
instanceKlass com/fasterxml/jackson/databind/ser/std/NumberSerializers
instanceKlass org/springframework/beans/factory/support/BeanDefinitionReaderUtils
instanceKlass org/springframework/context/annotation/Description
instanceKlass org/springframework/context/annotation/Role
instanceKlass org/springframework/context/annotation/DependsOn
instanceKlass org/springframework/context/annotation/Primary
instanceKlass org/springframework/context/annotation/Lazy
instanceKlass com/fasterxml/jackson/databind/ser/SerializerFactory
instanceKlass java/beans/FeatureDescriptor
instanceKlass com/sun/beans/WeakCache
instanceKlass java/beans/Introspector
instanceKlass org/springframework/core/type/AnnotationMetadata$$Lambda$205
instanceKlass org/springframework/core/type/AnnotationMetadata$$Lambda$204
instanceKlass com/fasterxml/jackson/databind/deser/DeserializerCache
instanceKlass org/springframework/core/type/AnnotationMetadata$$Lambda$203
instanceKlass com/fasterxml/jackson/databind/deser/std/StdKeyDeserializers
instanceKlass org/springframework/core/annotation/AbstractMergedAnnotation$$Lambda$202
instanceKlass com/fasterxml/jackson/databind/deser/KeyDeserializers
instanceKlass com/fasterxml/jackson/databind/deser/ValueInstantiators
instanceKlass com/fasterxml/jackson/databind/AbstractTypeResolver
instanceKlass com/fasterxml/jackson/databind/deser/BeanDeserializerModifier
instanceKlass org/springframework/core/annotation/TypeMappedAnnotation$$Lambda$201
instanceKlass java/util/stream/Collectors$$Lambda$200
instanceKlass com/fasterxml/jackson/databind/cfg/DeserializerFactoryConfig
instanceKlass java/util/stream/Collectors$$Lambda$199
instanceKlass org/springframework/core/type/AnnotationMetadata$$Lambda$198
instanceKlass com/fasterxml/jackson/databind/PropertyName
instanceKlass org/springframework/core/type/AnnotationMetadata$$Lambda$197
instanceKlass com/fasterxml/jackson/databind/deser/Deserializers
instanceKlass org/springframework/core/type/AnnotationMetadata$$Lambda$196
instanceKlass com/fasterxml/jackson/databind/deser/DeserializerFactory
instanceKlass org/springframework/core/annotation/TypeMappedAnnotations$Aggregate
instanceKlass org/springframework/core/annotation/TypeMappedAnnotations$AggregatesCollector
instanceKlass org/springframework/core/annotation/TypeMappedAnnotations$AggregatesSpliterator
instanceKlass org/springframework/core/annotation/AnnotationTypeMappings$$Lambda$195
instanceKlass org/springframework/context/annotation/ScopeMetadata
instanceKlass org/springframework/context/annotation/Conditional
instanceKlass org/springframework/core/type/StandardClassMetadata
instanceKlass com/fasterxml/jackson/databind/ser/SerializerCache
instanceKlass org/springframework/core/type/AnnotationMetadata
instanceKlass org/springframework/core/type/AnnotatedTypeMetadata
instanceKlass org/springframework/core/type/ClassMetadata
instanceKlass com/fasterxml/jackson/databind/JsonSerializer
instanceKlass org/springframework/beans/factory/annotation/AnnotatedBeanDefinition
instanceKlass com/fasterxml/jackson/databind/jsonschema/SchemaAware
instanceKlass com/fasterxml/jackson/databind/jsonFormatVisitors/JsonFormatVisitable
instanceKlass org/springframework/boot/autoconfigure/AutoConfigurationPackages$Registrar
instanceKlass org/springframework/boot/context/annotation/DeterminableImports
instanceKlass org/springframework/context/annotation/ImportBeanDefinitionRegistrar
instanceKlass com/fasterxml/jackson/databind/DatabindContext
instanceKlass org/springframework/context/annotation/ComponentScans
instanceKlass com/fasterxml/jackson/databind/node/JsonNodeFactory
instanceKlass com/fasterxml/jackson/databind/node/JsonNodeCreator
instanceKlass org/springframework/boot/autoconfigure/AutoConfigurationImportSelector
instanceKlass org/springframework/context/annotation/DeferredImportSelector
instanceKlass org/springframework/context/annotation/ImportSelector
instanceKlass com/fasterxml/jackson/databind/cfg/ContextAttributes
instanceKlass com/fasterxml/jackson/core/util/Separators
instanceKlass com/fasterxml/jackson/core/util/DefaultPrettyPrinter$NopIndenter
instanceKlass com/fasterxml/jackson/core/util/DefaultPrettyPrinter$Indenter
instanceKlass org/springframework/core/annotation/AnnotationTypeMapping$$Lambda$194
instanceKlass com/fasterxml/jackson/databind/cfg/ConfigFeature
instanceKlass org/springframework/boot/autoconfigure/AutoConfigurationExcludeFilter
instanceKlass com/fasterxml/jackson/databind/cfg/ConfigOverride
instanceKlass com/fasterxml/jackson/annotation/JsonFormat$Features
instanceKlass org/springframework/boot/context/TypeExcludeFilter
instanceKlass com/fasterxml/jackson/annotation/JsonFormat$Value
instanceKlass java/lang/annotation/Repeatable
instanceKlass com/fasterxml/jackson/databind/cfg/MapperConfig
instanceKlass org/springframework/context/annotation/Import
instanceKlass org/springframework/boot/autoconfigure/AutoConfigurationPackage
instanceKlass com/fasterxml/jackson/databind/introspect/VisibilityChecker$Std
instanceKlass com/fasterxml/jackson/databind/introspect/VisibilityChecker
instanceKlass com/fasterxml/jackson/annotation/JsonSetter$Value
instanceKlass org/springframework/context/annotation/ComponentScan$Filter
instanceKlass org/springframework/context/annotation/Configuration
instanceKlass com/fasterxml/jackson/annotation/JsonInclude$Value
instanceKlass com/fasterxml/jackson/annotation/JacksonAnnotationValue
instanceKlass org/springframework/core/annotation/AnnotationTypeMapping$$Lambda$193
instanceKlass com/fasterxml/jackson/databind/cfg/ConfigOverrides
instanceKlass com/fasterxml/jackson/databind/BeanDescription
instanceKlass com/fasterxml/jackson/databind/introspect/AnnotatedClass$Creators
instanceKlass com/fasterxml/jackson/databind/introspect/Annotated
instanceKlass com/fasterxml/jackson/databind/introspect/TypeResolutionContext
instanceKlass org/springframework/context/annotation/ComponentScan
instanceKlass org/springframework/boot/autoconfigure/EnableAutoConfiguration
instanceKlass org/springframework/boot/SpringBootConfiguration
instanceKlass com/fasterxml/jackson/databind/introspect/AnnotationCollector$NoAnnotations
instanceKlass com/fasterxml/jackson/databind/util/Annotations
instanceKlass com/fasterxml/jackson/databind/introspect/AnnotationCollector
instanceKlass com/fasterxml/jackson/databind/introspect/AnnotatedClassResolver
instanceKlass org/springframework/boot/autoconfigure/SpringBootApplication
instanceKlass com/fasterxml/jackson/databind/introspect/ClassIntrospector
instanceKlass org/springframework/core/annotation/TypeMappedAnnotations$IsPresent
instanceKlass com/fasterxml/jackson/databind/introspect/SimpleMixInResolver
instanceKlass com/fasterxml/jackson/databind/introspect/ClassIntrospector$MixInResolver
instanceKlass com/fasterxml/jackson/databind/util/RootNameLookup
instanceKlass com/fasterxml/jackson/databind/jsontype/SubtypeResolver
instanceKlass org/springframework/util/xml/XmlValidationModeDetector
instanceKlass org/springframework/util/xml/SimpleSaxErrorHandler
instanceKlass org/xml/sax/ErrorHandler
instanceKlass org/springframework/beans/factory/xml/DefaultDocumentLoader
instanceKlass org/springframework/beans/factory/xml/DocumentLoader
instanceKlass com/fasterxml/jackson/core/sym/ByteQuadsCanonicalizer$TableInfo
instanceKlass org/springframework/beans/factory/parsing/NullSourceExtractor
instanceKlass org/springframework/beans/factory/parsing/SourceExtractor
instanceKlass com/fasterxml/jackson/core/sym/ByteQuadsCanonicalizer
instanceKlass org/springframework/beans/factory/parsing/EmptyReaderEventListener
instanceKlass org/springframework/beans/factory/parsing/ReaderEventListener
instanceKlass com/fasterxml/jackson/core/sym/CharsToNameCanonicalizer$Bucket
instanceKlass org/springframework/beans/factory/parsing/FailFastProblemReporter
instanceKlass com/fasterxml/jackson/core/sym/CharsToNameCanonicalizer$TableInfo
instanceKlass org/springframework/beans/factory/parsing/ProblemReporter
instanceKlass com/fasterxml/jackson/core/sym/CharsToNameCanonicalizer
instanceKlass org/springframework/beans/factory/xml/DefaultBeanDefinitionDocumentReader
instanceKlass org/springframework/beans/factory/xml/BeanDefinitionDocumentReader
instanceKlass com/fasterxml/jackson/core/io/CharTypes
instanceKlass org/springframework/beans/factory/support/DefaultBeanNameGenerator
instanceKlass com/fasterxml/jackson/core/io/JsonStringEncoder
instanceKlass org/springframework/core/Constants
instanceKlass com/fasterxml/jackson/core/io/SerializedString
instanceKlass com/fasterxml/jackson/core/SerializableString
instanceKlass org/springframework/beans/factory/support/AbstractBeanDefinitionReader
instanceKlass org/springframework/beans/factory/support/BeanDefinitionReader
instanceKlass com/fasterxml/jackson/core/util/DefaultPrettyPrinter
instanceKlass com/fasterxml/jackson/core/util/Instantiatable
instanceKlass com/fasterxml/jackson/core/PrettyPrinter
instanceKlass org/springframework/boot/BeanDefinitionLoader
instanceKlass org/springframework/boot/StartupInfoLogger$$Lambda$192
instanceKlass com/fasterxml/jackson/core/TokenStreamFactory
instanceKlass ch/qos/logback/core/pattern/SpacePadder
instanceKlass java/text/DontCareFieldPosition$1
instanceKlass java/text/Format$FieldDelegate
instanceKlass ch/qos/logback/classic/util/LogbackMDCAdapter
instanceKlass org/slf4j/spi/MDCAdapter
instanceKlass com/fasterxml/jackson/databind/jsontype/PolymorphicTypeValidator
instanceKlass org/slf4j/impl/StaticMDCBinder
instanceKlass org/slf4j/MDC
instanceKlass com/fasterxml/jackson/core/Base64Variant
instanceKlass ch/qos/logback/classic/spi/EventArgUtil
instanceKlass ch/qos/logback/classic/spi/LoggingEvent
instanceKlass ch/qos/logback/classic/spi/ILoggingEvent
instanceKlass com/fasterxml/jackson/core/Base64Variants
instanceKlass ch/qos/logback/core/spi/DeferredProcessingAware
instanceKlass org/springframework/boot/StartupInfoLogger$$Lambda$191
instanceKlass org/springframework/boot/StartupInfoLogger$$Lambda$190
instanceKlass com/fasterxml/jackson/databind/JsonSerializable$Base
instanceKlass com/fasterxml/jackson/databind/JsonSerializable
instanceKlass com/fasterxml/jackson/core/TreeNode
instanceKlass com/fasterxml/jackson/databind/type/TypeBindings
instanceKlass com/fasterxml/jackson/databind/type/TypeParser
instanceKlass com/fasterxml/jackson/core/type/ResolvedType
instanceKlass com/fasterxml/jackson/databind/type/TypeFactory
instanceKlass com/fasterxml/jackson/databind/cfg/BaseSettings
instanceKlass com/fasterxml/jackson/databind/util/LRUMap
instanceKlass java/beans/ConstructorProperties
instanceKlass java/beans/Transient
instanceKlass com/fasterxml/jackson/databind/util/ClassUtil$Ctor
instanceKlass com/fasterxml/jackson/databind/util/ClassUtil
instanceKlass com/fasterxml/jackson/databind/ext/Java7Support
instanceKlass com/fasterxml/jackson/annotation/JsonMerge
instanceKlass com/fasterxml/jackson/databind/annotation/JsonDeserialize
instanceKlass com/fasterxml/jackson/annotation/JsonManagedReference
instanceKlass com/fasterxml/jackson/annotation/JsonBackReference
instanceKlass com/fasterxml/jackson/annotation/JsonUnwrapped
instanceKlass com/fasterxml/jackson/annotation/JsonRawValue
instanceKlass com/fasterxml/jackson/annotation/JsonTypeInfo
instanceKlass com/fasterxml/jackson/annotation/JsonFormat
instanceKlass com/fasterxml/jackson/annotation/JsonView
instanceKlass com/fasterxml/jackson/databind/annotation/JsonSerialize
instanceKlass com/fasterxml/jackson/databind/AnnotationIntrospector
instanceKlass org/springframework/http/converter/json/Jackson2ObjectMapperBuilder
instanceKlass org/springframework/http/converter/GenericHttpMessageConverter
instanceKlass org/springframework/http/converter/xml/Jaxb2RootElementHttpMessageConverter$$Lambda$189
instanceKlass com/sun/org/apache/xalan/internal/utils/XMLSecurityManager
instanceKlass com/sun/org/apache/xalan/internal/utils/SecuritySupport$9
instanceKlass com/sun/org/apache/xalan/internal/utils/SecuritySupport$4
instanceKlass com/sun/org/apache/xalan/internal/utils/SecuritySupport
instanceKlass com/sun/org/apache/xalan/internal/utils/FeaturePropertyBase
instanceKlass jdk/xml/internal/SecuritySupport$2
instanceKlass jdk/xml/internal/SecuritySupport$1
instanceKlass jdk/xml/internal/SecuritySupport
instanceKlass jdk/xml/internal/JdkXmlFeatures
instanceKlass javax/xml/transform/ErrorListener
instanceKlass com/sun/org/apache/xalan/internal/xsltc/compiler/SourceLoader
instanceKlass javax/xml/transform/SecuritySupport$1
instanceKlass javax/xml/transform/FactoryFinder$1
instanceKlass javax/xml/transform/SecuritySupport$5
instanceKlass javax/xml/transform/SecuritySupport$2
instanceKlass javax/xml/transform/SecuritySupport
instanceKlass javax/xml/transform/FactoryFinder
instanceKlass javax/xml/transform/TransformerFactory
instanceKlass javax/xml/transform/stream/StreamSource
instanceKlass javax/xml/transform/stax/StAXSource
instanceKlass javax/xml/transform/sax/SAXSource
instanceKlass javax/xml/transform/dom/DOMSource
instanceKlass javax/xml/transform/Source
instanceKlass org/springframework/http/converter/xml/SourceHttpMessageConverter$$Lambda$188
instanceKlass javax/xml/stream/XMLResolver
instanceKlass java/lang/invoke/LambdaForm$DMH
instanceKlass org/springframework/http/converter/xml/SourceHttpMessageConverter$$Lambda$187
instanceKlass org/xml/sax/EntityResolver
instanceKlass java/lang/invoke/LambdaForm$DMH
instanceKlass sun/invoke/util/VerifyAccess$1
instanceKlass org/springframework/core/log/CompositeLog$$Lambda$186
instanceKlass org/springframework/core/log/CompositeLog$$Lambda$185
instanceKlass org/springframework/core/log/CompositeLog$$Lambda$184
instanceKlass org/springframework/core/log/CompositeLog$$Lambda$183
instanceKlass org/springframework/core/log/CompositeLog$$Lambda$182
instanceKlass org/springframework/core/log/CompositeLog$$Lambda$181
instanceKlass java/lang/invoke/LambdaForm$DMH
instanceKlass org/apache/commons/logging/impl/NoOpLog
instanceKlass org/springframework/core/log/CompositeLog
instanceKlass org/springframework/core/log/LogDelegateFactory
instanceKlass org/springframework/http/HttpLogging
instanceKlass org/springframework/http/converter/AbstractHttpMessageConverter
instanceKlass java/util/Base64$Encoder
instanceKlass java/util/Base64$Decoder
instanceKlass java/util/Base64
instanceKlass com/fasterxml/jackson/core/JsonGenerator
instanceKlass java/security/cert/CertPath
instanceKlass com/fasterxml/jackson/core/TreeCodec
instanceKlass com/fasterxml/jackson/core/Versioned
instanceKlass java/math/MutableBigInteger
instanceKlass sun/security/rsa/RSAPadding
instanceKlass sun/security/rsa/RSACore
instanceKlass java/security/interfaces/RSAPrivateCrtKey
instanceKlass sun/security/pkcs/PKCS8Key
instanceKlass java/security/interfaces/RSAPrivateKey
instanceKlass java/security/PrivateKey
instanceKlass javax/xml/bind/Binder
instanceKlass org/springframework/util/MimeType$SpecificityComparator
instanceKlass org/springframework/http/MediaType$$Lambda$180
instanceKlass org/springframework/util/MimeType$$Lambda$179
instanceKlass sun/security/jca/ServiceId
instanceKlass java/security/SignatureSpi
instanceKlass org/springframework/util/LinkedCaseInsensitiveMap
instanceKlass javax/crypto/SecretKey
instanceKlass javax/security/auth/Destroyable
instanceKlass sun/security/util/Length
instanceKlass sun/security/util/KeyUtil
instanceKlass org/springframework/util/MimeType
instanceKlass sun/text/normalizer/NormalizerBase$1
instanceKlass sun/text/normalizer/NormalizerBase$QuickCheckResult
instanceKlass sun/text/normalizer/NormalizerBase$Mode
instanceKlass sun/text/normalizer/NormalizerBase
instanceKlass java/text/Normalizer
instanceKlass org/springframework/http/converter/FormHttpMessageConverter
instanceKlass org/springframework/http/converter/HttpMessageConverter
instanceKlass sun/security/pkcs/PKCS9Attribute
instanceKlass sun/security/x509/AVAKeyword
instanceKlass org/springframework/boot/autoconfigure/BackgroundPreinitializer$MessageConverterInitializer
instanceKlass sun/security/util/ConstraintsParameters
instanceKlass org/hibernate/validator/internal/engine/ValidationContext$ValidatorScopedContext
instanceKlass javax/validation/groups/Default
instanceKlass org/hibernate/validator/internal/engine/ValidatorImpl
instanceKlass sun/security/pkcs/SignerInfo
instanceKlass javax/validation/executable/ExecutableValidator
instanceKlass javax/validation/Validator
instanceKlass java/util/function/UnaryOperator
instanceKlass java/security/interfaces/DSAPublicKey
instanceKlass java/security/interfaces/DSAKey
instanceKlass java/security/spec/DSAPublicKeySpec
instanceKlass java/security/AlgorithmParametersSpi
instanceKlass java/security/AlgorithmParameters
instanceKlass org/hibernate/validator/group/GroupSequenceProvider
instanceKlass javax/validation/GroupSequence
instanceKlass org/hibernate/validator/internal/metadata/raw/BeanConfiguration
instanceKlass jdk/internal/event/EventHelper
instanceKlass org/hibernate/validator/internal/metadata/location/BeanConstraintLocation
instanceKlass sun/security/util/MemoryCache$CacheEntry
instanceKlass sun/security/x509/X509AttributeName
instanceKlass sun/security/x509/RFC822Name
instanceKlass sun/security/x509/GeneralName
instanceKlass org/hibernate/validator/internal/util/privilegedactions/GetDeclaredConstructors
instanceKlass sun/security/x509/GeneralNames
instanceKlass sun/security/x509/KeyIdentifier
instanceKlass org/hibernate/validator/internal/metadata/provider/AnnotationMetaDataProvider$$Lambda$178
instanceKlass java/lang/Throwable$PrintStreamOrWriter
instanceKlass sun/security/x509/NetscapeCertTypeExtension$MapEntry
instanceKlass org/hibernate/validator/internal/metadata/core/MetaConstraint
instanceKlass sun/security/x509/OIDMap$OIDInfo
instanceKlass javax/management/remote/rmi/RMIConnectionImpl$PrivilegedOperation
instanceKlass org/hibernate/validator/internal/metadata/provider/AnnotationMetaDataProvider$$Lambda$177
instanceKlass sun/security/x509/PKIXExtensions
instanceKlass sun/security/x509/OIDMap
instanceKlass sun/security/x509/Extension
instanceKlass java/security/cert/Extension
instanceKlass sun/security/x509/CertificateExtensions
instanceKlass java/security/interfaces/RSAPublicKey
instanceKlass java/security/interfaces/RSAKey
instanceKlass org/hibernate/validator/internal/metadata/provider/AnnotationMetaDataProvider$TypeArgumentExecutableParameterLocation
instanceKlass java/security/spec/RSAPrivateKeySpec
instanceKlass java/security/spec/RSAPublicKeySpec
instanceKlass java/security/KeyFactorySpi
instanceKlass org/hibernate/validator/internal/metadata/location/ParameterConstraintLocation
instanceKlass sun/security/rsa/SunRsaSignEntries
instanceKlass org/hibernate/validator/internal/metadata/location/ConstraintLocation
instanceKlass sun/security/jca/ProviderList$ServiceList$1
instanceKlass org/hibernate/validator/internal/metadata/core/AnnotationProcessingOptionsImpl$ExecutableParameterKey
instanceKlass java/security/KeyFactory
instanceKlass java/security/spec/EncodedKeySpec
instanceKlass java/security/spec/KeySpec
instanceKlass sun/security/util/BitArray
instanceKlass sun/security/x509/X509Key
instanceKlass java/security/PublicKey
instanceKlass java/security/Key
instanceKlass sun/security/x509/CertificateX509Key
instanceKlass sun/security/x509/CertificateValidity
instanceKlass sun/security/x509/AVA
instanceKlass org/hibernate/validator/internal/metadata/raw/AbstractConstrainedElement
instanceKlass org/hibernate/validator/internal/metadata/raw/ConstrainedElement
instanceKlass sun/security/x509/RDN
instanceKlass javax/security/auth/x500/X500Principal
instanceKlass sun/security/x509/X500Name$1
instanceKlass sun/security/x509/X500Name
instanceKlass sun/security/x509/GeneralNameInterface
instanceKlass sun/security/x509/CertificateAlgorithmId
instanceKlass sun/security/x509/SerialNumber
instanceKlass sun/security/x509/CertificateSerialNumber
instanceKlass org/hibernate/validator/internal/util/TypeVariables
instanceKlass sun/security/x509/CertificateVersion
instanceKlass sun/security/x509/X509CertInfo
instanceKlass sun/security/x509/CertAttrSet
instanceKlass sun/rmi/transport/DGCAckHandler$1
instanceKlass sun/rmi/transport/DGCAckHandler
instanceKlass org/hibernate/validator/internal/metadata/aggregated/CascadingMetaDataBuilder
instanceKlass sun/security/util/Cache$EqualByteArray
instanceKlass java/security/cert/X509Extension
instanceKlass javax/validation/groups/ConvertGroup$List
instanceKlass sun/security/util/Cache
instanceKlass javax/validation/groups/ConvertGroup
instanceKlass java/security/cert/CertificateFactorySpi
instanceKlass javax/validation/Valid
instanceKlass java/security/cert/CertificateFactory
instanceKlass org/hibernate/validator/internal/metadata/provider/AnnotationMetaDataProvider$TypeArgumentReturnValueLocation
instanceKlass org/hibernate/validator/internal/metadata/provider/AnnotationMetaDataProvider$TypeArgumentLocation
instanceKlass java/util/stream/Collectors$$Lambda$176
instanceKlass sun/security/x509/AlgorithmId
instanceKlass java/util/stream/Collectors$$Lambda$175
instanceKlass java/util/stream/Collectors$$Lambda$174
instanceKlass sun/security/util/ByteArrayTagOrder
instanceKlass sun/security/util/ByteArrayLexOrder
instanceKlass sun/security/util/DerEncoder
instanceKlass org/hibernate/validator/internal/metadata/provider/AnnotationMetaDataProvider$$Lambda$173
instanceKlass sun/security/util/DerValue
instanceKlass sun/security/util/ObjectIdentifier
instanceKlass sun/security/pkcs/ContentInfo
instanceKlass org/hibernate/validator/internal/metadata/descriptor/ConstraintDescriptorImpl
instanceKlass javax/validation/metadata/ConstraintDescriptor
instanceKlass sun/security/util/DerIndefLenConverter
instanceKlass sun/security/util/DerInputStream
instanceKlass sun/security/pkcs/PKCS7
instanceKlass sun/security/util/ManifestDigester$Section
instanceKlass sun/security/util/ManifestDigester$Entry
instanceKlass sun/security/util/ManifestDigester$Position
instanceKlass sun/security/util/ManifestDigester
instanceKlass org/hibernate/validator/internal/util/privilegedactions/GetDeclaredMethods
instanceKlass sun/security/util/DisabledAlgorithmConstraints$1
instanceKlass org/hibernate/validator/internal/util/privilegedactions/GetDeclaredFields
instanceKlass sun/security/util/DisabledAlgorithmConstraints$Constraint
instanceKlass sun/security/util/DisabledAlgorithmConstraints$Constraints
instanceKlass sun/security/util/AbstractAlgorithmConstraints$1
instanceKlass sun/security/util/AlgorithmDecomposer
instanceKlass sun/security/util/AbstractAlgorithmConstraints
instanceKlass java/security/AlgorithmConstraints
instanceKlass sun/security/util/SignatureFileVerifier
instanceKlass sun/security/util/ManifestEntryVerifier
instanceKlass org/hibernate/validator/internal/metadata/provider/AnnotationMetaDataProvider
instanceKlass com/sun/jmx/remote/internal/ServerCommunicatorAdmin$Timeout
instanceKlass org/hibernate/validator/internal/util/logging/Messages_$bundle
instanceKlass com/sun/jmx/remote/internal/ServerCommunicatorAdmin
instanceKlass javax/management/remote/rmi/RMIConnectionImpl$3
instanceKlass org/springframework/boot/system/ApplicationHome
instanceKlass javax/management/remote/rmi/RMIConnectionImpl$2
instanceKlass org/springframework/boot/StartupInfoLogger$$Lambda$172
instanceKlass org/jboss/logging/Messages
instanceKlass org/springframework/boot/StartupInfoLogger$$Lambda$171
instanceKlass javax/management/remote/rmi/RMIConnectionImpl$1
instanceKlass com/sun/jmx/remote/security/SubjectDelegator
instanceKlass org/springframework/boot/StartupInfoLogger$$Lambda$170
instanceKlass org/hibernate/validator/internal/util/logging/Messages
instanceKlass javax/management/remote/rmi/RMIConnectionImpl
instanceKlass java/rmi/server/Unreferenced
instanceKlass org/springframework/core/log/LogMessage
instanceKlass org/springframework/boot/StartupInfoLogger$$Lambda$169
instanceKlass sun/rmi/server/UnicastServerRef$MyChecker
instanceKlass sun/rmi/server/MarshalInputStream$StreamChecker
instanceKlass org/springframework/boot/StartupInfoLogger
instanceKlass org/hibernate/validator/internal/metadata/provider/ProgrammaticMetaDataProvider
instanceKlass org/hibernate/validator/internal/metadata/provider/MetaDataProvider
instanceKlass java/io/ObjectStreamClass$6
instanceKlass java/io/ObjectStreamClass$5
instanceKlass org/hibernate/validator/internal/engine/ValidatorFactoryImpl$$Lambda$168
instanceKlass java/io/ObjectStreamClass$4
instanceKlass org/springframework/boot/rsocket/context/RSocketPortInfoApplicationContextInitializer$Listener
instanceKlass java/io/ObjectStreamClass$MemberSignature
instanceKlass java/io/ObjectStreamClass$2
instanceKlass org/hibernate/validator/internal/metadata/BeanMetaDataManager
instanceKlass org/springframework/boot/context/ConfigurationWarningsApplicationContextInitializer$ComponentScanPackageCheck
instanceKlass sun/rmi/server/MarshalOutputStream$1
instanceKlass org/springframework/boot/context/ConfigurationWarningsApplicationContextInitializer$Check
instanceKlass sun/rmi/transport/SequenceEntry
instanceKlass org/springframework/boot/context/ConfigurationWarningsApplicationContextInitializer$ConfigurationWarningsPostProcessor
instanceKlass org/hibernate/validator/internal/engine/ValidatorFactoryImpl$BeanMetaDataManagerKey
instanceKlass org/springframework/beans/factory/FactoryBean
instanceKlass sun/rmi/transport/DGCImpl$1
instanceKlass sun/rmi/transport/DGCImpl$LeaseInfo
instanceKlass org/hibernate/validator/internal/engine/groups/ValidationOrderGenerator
instanceKlass org/springframework/beans/factory/BeanFactoryUtils
instanceKlass org/hibernate/validator/internal/engine/constraintvalidation/ConstraintValidatorManager$1
instanceKlass org/springframework/boot/autoconfigure/logging/ConditionEvaluationReportLoggingListener$ConditionEvaluationReportListener
instanceKlass org/springframework/boot/devtools/restart/RestartScopeInitializer$RestartScope
instanceKlass org/springframework/beans/factory/config/Scope
instanceKlass org/hibernate/validator/internal/engine/constraintvalidation/ConstraintValidatorManager
instanceKlass java/rmi/dgc/VMID
instanceKlass java/rmi/dgc/Lease
instanceKlass org/hibernate/validator/internal/engine/constraintvalidation/HibernateConstraintValidatorInitializationContextImpl
instanceKlass org/hibernate/validator/constraintvalidation/HibernateConstraintValidatorInitializationContext
instanceKlass org/springframework/boot/context/ContextIdApplicationContextInitializer$ContextId
instanceKlass org/hibernate/validator/spi/scripting/AbstractCachingScriptEvaluatorFactory
instanceKlass org/hibernate/validator/spi/scripting/ScriptEvaluatorFactory
instanceKlass org/springframework/boot/autoconfigure/SharedMetadataReaderFactoryContextInitializer$CachingMetadataReaderFactoryPostProcessor
instanceKlass java/io/ObjectStreamClass$ExceptionInfo
instanceKlass java/util/ResourceBundle$Control$1
instanceKlass org/hibernate/validator/internal/util/ExecutableParameterNameProvider
instanceKlass org/springframework/beans/factory/support/DefaultListableBeanFactory$$Lambda$167
instanceKlass org/springframework/beans/factory/support/DefaultListableBeanFactory$$Lambda$166
instanceKlass javax/el/Util$CacheKey
instanceKlass org/springframework/boot/autoconfigure/condition/ConditionEvaluationReport$AncestorsMatchedCondition
instanceKlass org/springframework/context/annotation/Condition
instanceKlass javax/el/ELManager
instanceKlass java/util/logging/Logger$1
instanceKlass java/io/ObjectInputStream$Logging
instanceKlass org/springframework/boot/autoconfigure/condition/ConditionEvaluationReport
instanceKlass java/io/ObjectInputStream$FilterValues
instanceKlass sun/rmi/server/LoaderHandler
instanceKlass javax/el/ExpressionFactory$CacheKey
instanceKlass javax/el/Util$CacheValue
instanceKlass java/rmi/server/RMIClassLoader$1
instanceKlass java/rmi/server/RMIClassLoaderSpi
instanceKlass javax/el/Util
instanceKlass java/rmi/server/RMIClassLoader
instanceKlass sun/rmi/server/UnicastServerRef$1
instanceKlass sun/rmi/transport/Transport$1
instanceKlass javax/el/ExpressionFactory$CacheValue
instanceKlass sun/rmi/transport/Transport$$Lambda$165
instanceKlass javax/el/ExpressionFactory
instanceKlass sun/misc/ObjectInputFilter$Config$$Lambda$164
instanceKlass sun/misc/ObjectInputFilter$Config
instanceKlass java/io/ObjectInputStream$ValidationList
instanceKlass java/io/ObjectInputStream$HandleTable$HandleList
instanceKlass org/hibernate/validator/internal/util/ConcurrentReferenceHashMap$HashEntry
instanceKlass java/io/ObjectInputStream$HandleTable
instanceKlass java/rmi/registry/Registry
instanceKlass java/rmi/activation/ActivationGroupDesc
instanceKlass java/rmi/activation/ActivationMonitor
instanceKlass java/rmi/activation/ActivationID
instanceKlass java/rmi/activation/ActivationDesc
instanceKlass java/rmi/activation/ActivationInstantiator
instanceKlass java/rmi/activation/ActivationGroupID
instanceKlass java/rmi/activation/ActivationSystem
instanceKlass java/io/ObjectInputStream$$Lambda$163
instanceKlass sun/misc/JavaObjectInputStreamReadString
instanceKlass java/io/ObjectInputStream$$Lambda$162
instanceKlass sun/misc/JavaObjectInputStreamAccess
instanceKlass java/lang/invoke/LambdaForm$DMH
instanceKlass sun/misc/ObjectStreamClassValidator
instanceKlass java/io/ObjectInputStream$1
instanceKlass sun/misc/JavaOISAccess
instanceKlass sun/rmi/transport/StreamRemoteCall
instanceKlass java/rmi/server/RemoteCall
instanceKlass org/hibernate/validator/messageinterpolation/AbstractMessageInterpolator
instanceKlass javax/validation/MessageInterpolator
instanceKlass org/hibernate/validator/internal/engine/ValidatorFactoryImpl$ValidatorFactoryScopedContext
instanceKlass org/springframework/boot/diagnostics/AbstractFailureAnalyzer
instanceKlass org/springframework/boot/diagnostics/FailureAnalyzer
instanceKlass org/springframework/boot/diagnostics/FailureAnalyzers
instanceKlass org/springframework/boot/SpringBootExceptionReporter
instanceKlass org/springframework/context/index/CandidateComponentsIndexLoader$$Lambda$161
instanceKlass org/springframework/context/index/CandidateComponentsIndex
instanceKlass org/springframework/context/index/CandidateComponentsIndexLoader
instanceKlass org/hibernate/validator/internal/metadata/aggregated/rule/MethodConfigurationRule
instanceKlass org/springframework/core/io/DefaultResourceLoader$$Lambda$160
instanceKlass sun/rmi/transport/tcp/TCPConnection
instanceKlass sun/rmi/transport/Connection
instanceKlass sun/rmi/transport/tcp/TCPChannel
instanceKlass sun/rmi/transport/Channel
instanceKlass org/springframework/core/type/classreading/MetadataReader
instanceKlass org/springframework/core/type/classreading/SimpleMetadataReaderFactory
instanceKlass org/springframework/core/type/classreading/MetadataReaderFactory
instanceKlass org/hibernate/validator/internal/engine/MethodValidationConfiguration
instanceKlass java/net/Socket$3
instanceKlass org/hibernate/validator/internal/util/StringHelper
instanceKlass sun/rmi/transport/tcp/TCPTransport$ConnectionHandler$$Lambda$159
instanceKlass org/springframework/core/io/support/ResourcePatternUtils
instanceKlass org/hibernate/validator/internal/metadata/core/AnnotationProcessingOptionsImpl
instanceKlass org/hibernate/validator/internal/metadata/core/AnnotationProcessingOptions
instanceKlass sun/rmi/transport/tcp/TCPTransport$ConnectionHandler
instanceKlass javax/inject/Named
instanceKlass org/hibernate/validator/internal/cfg/context/DefaultConstraintMapping
instanceKlass org/hibernate/validator/cfg/ConstraintMapping
instanceKlass javax/annotation/ManagedBean
instanceKlass org/hibernate/validator/internal/engine/ValidatorFactoryImpl$DefaultConstraintMappingBuilder
instanceKlass org/hibernate/validator/spi/cfg/ConstraintMappingContributor$ConstraintMappingBuilder
instanceKlass org/springframework/stereotype/Indexed
instanceKlass org/hibernate/validator/internal/engine/ServiceLoaderBasedConstraintMappingContributor
instanceKlass org/hibernate/validator/spi/cfg/ConstraintMappingContributor
instanceKlass org/springframework/stereotype/Component
instanceKlass org/springframework/core/type/filter/AbstractTypeHierarchyTraversingFilter
instanceKlass org/springframework/core/type/filter/TypeFilter
instanceKlass org/hibernate/validator/internal/util/ExecutableHelper
instanceKlass org/springframework/beans/factory/support/BeanDefinitionDefaults
instanceKlass org/springframework/context/annotation/ClassPathScanningCandidateComponentProvider
instanceKlass com/fasterxml/classmate/util/ResolvedTypeCache
instanceKlass com/fasterxml/classmate/util/ClassKey
instanceKlass org/springframework/context/event/DefaultEventListenerFactory
instanceKlass org/springframework/context/event/EventListenerFactory
instanceKlass com/fasterxml/classmate/TypeBindings
instanceKlass org/springframework/context/event/EventListenerMethodProcessor
instanceKlass org/springframework/beans/factory/SmartInitializingSingleton
instanceKlass com/fasterxml/classmate/members/RawMember
instanceKlass org/springframework/beans/factory/annotation/InitDestroyAnnotationBeanPostProcessor
instanceKlass com/fasterxml/classmate/ResolvedType
instanceKlass com/fasterxml/classmate/TypeResolver
instanceKlass org/springframework/beans/factory/config/InstantiationAwareBeanPostProcessorAdapter
instanceKlass org/springframework/beans/factory/config/SmartInstantiationAwareBeanPostProcessor
instanceKlass org/hibernate/validator/internal/util/TypeResolutionHelper
instanceKlass org/hibernate/validator/internal/constraintvalidators/hv/URLValidator
instanceKlass org/hibernate/validator/constraints/URL
instanceKlass org/hibernate/validator/internal/constraintvalidators/hv/UniqueElementsValidator
instanceKlass org/springframework/beans/factory/config/BeanDefinitionHolder
instanceKlass org/hibernate/validator/constraints/UniqueElements
instanceKlass org/springframework/beans/factory/support/DefaultListableBeanFactory$$Lambda$158
instanceKlass org/hibernate/validator/constraints/ScriptAssert
instanceKlass org/hibernate/validator/internal/constraintvalidators/hv/SafeHtmlValidator
instanceKlass org/hibernate/validator/constraints/SafeHtml
instanceKlass org/springframework/beans/factory/support/DefaultListableBeanFactory$$Lambda$157
instanceKlass org/hibernate/validator/internal/constraintvalidators/hv/AbstractScriptAssertValidator
instanceKlass org/springframework/beans/factory/support/MethodOverrides
instanceKlass org/hibernate/validator/constraints/ParameterScriptAssert
instanceKlass org/springframework/context/annotation/ConfigurationClassPostProcessor
instanceKlass org/springframework/context/EnvironmentAware
instanceKlass org/hibernate/validator/internal/constraintvalidators/hv/NotBlankValidator
instanceKlass org/springframework/context/ResourceLoaderAware
instanceKlass org/hibernate/validator/constraints/NotBlank
instanceKlass org/springframework/beans/factory/support/BeanDefinitionRegistryPostProcessor
instanceKlass org/springframework/beans/factory/config/BeanFactoryPostProcessor
instanceKlass sun/util/locale/provider/TimeZoneNameUtility$TimeZoneNameGetter
instanceKlass sun/util/locale/provider/TimeZoneNameUtility
instanceKlass sun/nio/cs/Surrogate
instanceKlass sun/nio/cs/Surrogate$Parser
instanceKlass org/hibernate/validator/constraints/pl/PESEL
instanceKlass org/hibernate/validator/constraints/pl/NIP
instanceKlass org/springframework/core/AttributeAccessorSupport
instanceKlass org/springframework/beans/factory/config/BeanDefinition
instanceKlass org/springframework/beans/BeanMetadataElement
instanceKlass org/springframework/core/AttributeAccessor
instanceKlass org/hibernate/validator/constraints/pl/REGON
instanceKlass javax/inject/Qualifier
instanceKlass org/springframework/beans/factory/annotation/Qualifier
instanceKlass org/springframework/beans/factory/annotation/Value
instanceKlass org/hibernate/validator/constraints/Mod11Check
instanceKlass org/springframework/orm/jpa/support/PersistenceAnnotationBeanPostProcessor
instanceKlass org/springframework/beans/factory/support/MergedBeanDefinitionPostProcessor
instanceKlass org/springframework/beans/factory/config/DestructionAwareBeanPostProcessor
instanceKlass org/springframework/beans/factory/config/InstantiationAwareBeanPostProcessor
instanceKlass org/springframework/beans/factory/config/BeanPostProcessor
instanceKlass org/hibernate/validator/constraints/Mod10Check
instanceKlass javax/annotation/Resource
instanceKlass org/springframework/context/annotation/AnnotationConfigUtils
instanceKlass org/hibernate/validator/constraints/LuhnCheck
instanceKlass org/springframework/context/annotation/ConditionEvaluator$ConditionContextImpl
instanceKlass org/springframework/context/annotation/ConditionContext
instanceKlass org/springframework/context/annotation/ConditionEvaluator
instanceKlass org/springframework/context/annotation/Scope
instanceKlass org/springframework/context/annotation/AnnotationScopeMetadataResolver
instanceKlass org/springframework/context/annotation/ScopeMetadataResolver
instanceKlass java/lang/Deprecated
instanceKlass org/springframework/context/annotation/AnnotationBeanNameGenerator
instanceKlass org/springframework/beans/factory/support/BeanNameGenerator
instanceKlass org/hibernate/validator/internal/constraintvalidators/hv/ModCheckBase
instanceKlass org/springframework/context/annotation/AnnotatedBeanDefinitionReader
instanceKlass org/springframework/beans/factory/support/SimpleAutowireCandidateResolver
instanceKlass org/springframework/beans/factory/support/AutowireCandidateResolver
instanceKlass org/hibernate/validator/constraints/ModCheck
instanceKlass org/springframework/beans/factory/BeanNameAware
instanceKlass org/hibernate/validator/internal/constraintvalidators/hv/CodePointLengthValidator
instanceKlass org/springframework/core/LocalVariableTableParameterNameDiscoverer
instanceKlass org/hibernate/validator/constraints/CodePointLength
instanceKlass org/springframework/core/StandardReflectionParameterNameDiscoverer
instanceKlass org/springframework/core/GraalDetector
instanceKlass org/hibernate/validator/internal/constraintvalidators/hv/LengthValidator
instanceKlass org/springframework/core/PrioritizedParameterNameDiscoverer
instanceKlass org/springframework/core/ParameterNameDiscoverer
instanceKlass org/hibernate/validator/constraints/Length
instanceKlass org/springframework/beans/factory/support/SimpleInstantiationStrategy
instanceKlass org/springframework/beans/factory/support/InstantiationStrategy
instanceKlass org/hibernate/validator/constraints/Email
instanceKlass org/hibernate/validator/internal/constraintvalidators/hv/EANValidator
instanceKlass org/hibernate/validator/constraints/EAN
instanceKlass javax/inject/Provider
instanceKlass org/hibernate/validator/internal/constraintvalidators/hv/time/DurationMinValidator
instanceKlass org/hibernate/validator/constraints/time/DurationMin
instanceKlass org/hibernate/validator/internal/constraintvalidators/hv/time/DurationMaxValidator
instanceKlass org/hibernate/validator/constraints/time/DurationMax
instanceKlass org/springframework/core/SimpleAliasRegistry
instanceKlass org/hibernate/validator/internal/constraintvalidators/hv/br/CPFValidator
instanceKlass org/hibernate/validator/constraints/br/CPF
instanceKlass org/hibernate/validator/internal/constraintvalidators/hv/br/CNPJValidator
instanceKlass org/hibernate/validator/constraints/br/CNPJ
instanceKlass org/springframework/beans/factory/config/ConfigurableListableBeanFactory
instanceKlass org/springframework/beans/factory/config/ConfigurableBeanFactory
instanceKlass org/springframework/beans/factory/config/SingletonBeanRegistry
instanceKlass javax/validation/constraints/Size
instanceKlass org/springframework/beans/factory/config/AutowireCapableBeanFactory
instanceKlass org/springframework/beans/factory/support/BeanDefinitionRegistry
instanceKlass org/springframework/core/AliasRegistry
instanceKlass org/springframework/ui/context/ThemeSource
instanceKlass org/hibernate/validator/internal/constraintvalidators/bv/size/SizeValidatorForArraysOfPrimitives
instanceKlass org/springframework/boot/web/context/ConfigurableWebServerApplicationContext
instanceKlass org/hibernate/validator/internal/constraintvalidators/bv/size/SizeValidatorForMap
instanceKlass org/springframework/boot/web/context/WebServerApplicationContext
instanceKlass org/hibernate/validator/internal/constraintvalidators/bv/size/SizeValidatorForArray
instanceKlass org/hibernate/validator/internal/constraintvalidators/bv/size/SizeValidatorForCollection
instanceKlass org/hibernate/validator/internal/constraintvalidators/bv/size/SizeValidatorForCharSequence
instanceKlass org/springframework/context/annotation/AnnotationConfigRegistry
instanceKlass org/hibernate/validator/internal/constraintvalidators/bv/number/sign/PositiveOrZeroValidatorForNumber
instanceKlass org/springframework/boot/SpringApplicationBannerPrinter$PrintedBanner
instanceKlass org/hibernate/validator/internal/constraintvalidators/bv/number/sign/PositiveOrZeroValidatorForByte
instanceKlass org/springframework/boot/SpringBootVersion
instanceKlass org/hibernate/validator/internal/constraintvalidators/bv/number/sign/PositiveOrZeroValidatorForShort
instanceKlass org/hibernate/validator/internal/constraintvalidators/bv/number/sign/PositiveOrZeroValidatorForInteger
instanceKlass org/hibernate/validator/internal/constraintvalidators/bv/number/sign/PositiveOrZeroValidatorForLong
instanceKlass org/hibernate/validator/internal/constraintvalidators/bv/number/sign/PositiveOrZeroValidatorForFloat
instanceKlass org/hibernate/validator/internal/constraintvalidators/bv/number/sign/PositiveOrZeroValidatorForDouble
instanceKlass org/hibernate/validator/internal/constraintvalidators/bv/number/sign/PositiveOrZeroValidatorForBigInteger
instanceKlass org/hibernate/validator/internal/constraintvalidators/bv/number/sign/PositiveOrZeroValidatorForBigDecimal
instanceKlass javax/validation/constraints/PositiveOrZero
instanceKlass org/springframework/core/io/ContextResource
instanceKlass org/hibernate/validator/internal/constraintvalidators/bv/number/sign/PositiveValidatorForNumber
instanceKlass org/hibernate/validator/internal/constraintvalidators/bv/number/sign/PositiveValidatorForByte
instanceKlass org/springframework/boot/SpringApplicationBannerPrinter$Banners
instanceKlass org/hibernate/validator/internal/constraintvalidators/bv/number/sign/PositiveValidatorForShort
instanceKlass org/hibernate/validator/internal/constraintvalidators/bv/number/sign/PositiveValidatorForInteger
instanceKlass org/springframework/boot/SpringBootBanner
instanceKlass org/springframework/boot/Banner
instanceKlass org/hibernate/validator/internal/constraintvalidators/bv/number/sign/PositiveValidatorForLong
instanceKlass org/springframework/boot/SpringApplicationBannerPrinter
instanceKlass org/hibernate/validator/internal/constraintvalidators/bv/number/sign/PositiveValidatorForFloat
instanceKlass org/hibernate/validator/internal/constraintvalidators/bv/number/sign/PositiveValidatorForDouble
instanceKlass org/hibernate/validator/internal/constraintvalidators/bv/number/sign/PositiveValidatorForBigInteger
instanceKlass org/hibernate/validator/internal/constraintvalidators/bv/number/sign/PositiveValidatorForBigDecimal
instanceKlass javax/validation/constraints/Positive
instanceKlass org/hibernate/validator/internal/constraintvalidators/bv/PatternValidator
instanceKlass javax/validation/constraints/Pattern
instanceKlass javax/validation/constraints/PastOrPresent
instanceKlass javax/validation/constraints/Past
instanceKlass org/springframework/boot/EnvironmentConverter
instanceKlass org/springframework/boot/context/properties/bind/JavaBeanBinder$Bean
instanceKlass org/springframework/boot/context/properties/bind/ValueObjectBinder$ValueObject
instanceKlass org/springframework/boot/context/properties/bind/Binder$$Lambda$156
instanceKlass org/springframework/boot/context/properties/bind/Binder$$Lambda$155
instanceKlass org/springframework/boot/context/properties/bind/DataObjectPropertyBinder
instanceKlass org/springframework/boot/context/properties/bind/Bindable$$Lambda$154
instanceKlass org/springframework/boot/context/properties/bind/Bindable$$Lambda$153
instanceKlass org/springframework/boot/context/logging/LoggingApplicationListener$$Lambda$152
instanceKlass org/springframework/boot/context/logging/LoggingApplicationListener$$Lambda$151
instanceKlass org/hibernate/validator/internal/constraintvalidators/bv/NullValidator
instanceKlass javax/validation/constraints/Null
instanceKlass org/springframework/boot/context/logging/LoggingApplicationListener$$Lambda$150
instanceKlass java/lang/invoke/LambdaForm$DMH
instanceKlass org/hibernate/validator/internal/constraintvalidators/bv/NotNullValidator
instanceKlass org/springframework/boot/context/logging/LoggingApplicationListener$$Lambda$149
instanceKlass javax/validation/constraints/NotNull
instanceKlass org/springframework/boot/context/properties/bind/MapBinder$EntryBinder
instanceKlass javax/validation/constraints/NotEmpty
instanceKlass org/hibernate/validator/internal/constraintvalidators/bv/notempty/NotEmptyValidatorForArraysOfShort
instanceKlass org/springframework/boot/context/properties/bind/MapBinder$$Lambda$148
instanceKlass org/hibernate/validator/internal/constraintvalidators/bv/notempty/NotEmptyValidatorForArraysOfLong
instanceKlass org/hibernate/validator/internal/constraintvalidators/bv/notempty/NotEmptyValidatorForArraysOfInt
instanceKlass org/springframework/core/CollectionFactory
instanceKlass org/hibernate/validator/internal/constraintvalidators/bv/notempty/NotEmptyValidatorForArraysOfFloat
instanceKlass org/hibernate/validator/internal/constraintvalidators/bv/notempty/NotEmptyValidatorForArraysOfDouble
instanceKlass org/hibernate/validator/internal/constraintvalidators/bv/notempty/NotEmptyValidatorForArraysOfChar
instanceKlass org/hibernate/validator/internal/constraintvalidators/bv/notempty/NotEmptyValidatorForArraysOfByte
instanceKlass org/hibernate/validator/internal/constraintvalidators/bv/notempty/NotEmptyValidatorForArraysOfBoolean
instanceKlass org/hibernate/validator/internal/constraintvalidators/bv/notempty/NotEmptyValidatorForMap
instanceKlass ch/qos/logback/classic/pattern/TargetLengthBasedClassNameAbbreviator
instanceKlass ch/qos/logback/classic/pattern/Abbreviator
instanceKlass org/hibernate/validator/internal/constraintvalidators/bv/notempty/NotEmptyValidatorForArray
instanceKlass org/hibernate/validator/internal/constraintvalidators/bv/notempty/NotEmptyValidatorForCollection
instanceKlass org/hibernate/validator/internal/constraintvalidators/bv/notempty/NotEmptyValidatorForCharSequence
instanceKlass ch/qos/logback/core/pattern/ConverterUtil
instanceKlass org/hibernate/validator/internal/constraintvalidators/bv/NotBlankValidator
instanceKlass javax/validation/constraints/NotBlank
instanceKlass org/hibernate/validator/internal/constraintvalidators/bv/number/sign/NegativeOrZeroValidatorForNumber
instanceKlass org/hibernate/validator/internal/constraintvalidators/bv/number/sign/NegativeOrZeroValidatorForByte
instanceKlass org/hibernate/validator/internal/constraintvalidators/bv/number/sign/NegativeOrZeroValidatorForShort
instanceKlass ch/qos/logback/core/pattern/FormatInfo
instanceKlass org/hibernate/validator/internal/constraintvalidators/bv/number/sign/NegativeOrZeroValidatorForInteger
instanceKlass ch/qos/logback/core/pattern/parser/Node
instanceKlass org/hibernate/validator/internal/constraintvalidators/bv/number/sign/NegativeOrZeroValidatorForLong
instanceKlass org/hibernate/validator/internal/constraintvalidators/bv/number/sign/NegativeOrZeroValidatorForFloat
instanceKlass org/hibernate/validator/internal/constraintvalidators/bv/number/sign/NegativeOrZeroValidatorForDouble
instanceKlass org/hibernate/validator/internal/constraintvalidators/bv/number/sign/NegativeOrZeroValidatorForBigInteger
instanceKlass ch/qos/logback/core/pattern/util/AsIsEscapeUtil
instanceKlass org/hibernate/validator/internal/constraintvalidators/bv/number/sign/NegativeOrZeroValidatorForBigDecimal
instanceKlass ch/qos/logback/core/pattern/parser/OptionTokenizer
instanceKlass javax/validation/constraints/NegativeOrZero
instanceKlass ch/qos/logback/core/pattern/parser/TokenStream$1
instanceKlass org/hibernate/validator/internal/constraintvalidators/bv/number/sign/NegativeValidatorForNumber
instanceKlass org/hibernate/validator/internal/constraintvalidators/bv/number/sign/NegativeValidatorForByte
instanceKlass ch/qos/logback/core/pattern/util/RestrictedEscapeUtil
instanceKlass org/hibernate/validator/internal/constraintvalidators/bv/number/sign/NegativeValidatorForShort
instanceKlass ch/qos/logback/core/pattern/parser/TokenStream
instanceKlass org/hibernate/validator/internal/constraintvalidators/bv/number/sign/NegativeValidatorForInteger
instanceKlass ch/qos/logback/core/pattern/util/RegularEscapeUtil
instanceKlass ch/qos/logback/core/pattern/util/IEscapeUtil
instanceKlass org/hibernate/validator/internal/constraintvalidators/bv/number/sign/NegativeValidatorForLong
instanceKlass org/hibernate/validator/internal/constraintvalidators/bv/number/sign/NegativeValidatorForFloat
instanceKlass ch/qos/logback/classic/pattern/EnsureExceptionHandling
instanceKlass org/hibernate/validator/internal/constraintvalidators/bv/number/sign/NegativeValidatorForDouble
instanceKlass ch/qos/logback/core/pattern/PostCompileProcessor
instanceKlass org/hibernate/validator/internal/constraintvalidators/bv/number/sign/NegativeValidatorForBigInteger
instanceKlass org/hibernate/validator/internal/constraintvalidators/bv/number/sign/NegativeValidatorForBigDecimal
instanceKlass javax/validation/constraints/Negative
instanceKlass org/hibernate/validator/internal/constraintvalidators/bv/MinValidatorForCharSequence
instanceKlass org/hibernate/validator/internal/constraintvalidators/bv/number/bound/AbstractMinValidator
instanceKlass javax/validation/constraints/Min
instanceKlass org/hibernate/validator/internal/constraintvalidators/bv/MaxValidatorForCharSequence
instanceKlass org/hibernate/validator/internal/constraintvalidators/bv/number/bound/AbstractMaxValidator
instanceKlass javax/validation/constraints/Max
instanceKlass org/hibernate/validator/internal/constraintvalidators/hv/ISBNValidator
instanceKlass org/hibernate/validator/constraints/ISBN
instanceKlass javax/validation/constraints/FutureOrPresent
instanceKlass ch/qos/logback/core/pattern/parser/Token
instanceKlass java/util/Vector$Itr
instanceKlass ch/qos/logback/core/subst/NodeToStringTransformer$1
instanceKlass ch/qos/logback/core/CoreConstants
instanceKlass ch/qos/logback/core/subst/Node
instanceKlass ch/qos/logback/core/subst/Parser$1
instanceKlass ch/qos/logback/core/subst/Parser
instanceKlass ch/qos/logback/core/subst/Token
instanceKlass ch/qos/logback/core/subst/Tokenizer$1
instanceKlass ch/qos/logback/core/subst/Tokenizer
instanceKlass ch/qos/logback/core/subst/NodeToStringTransformer
instanceKlass java/time/chrono/ChronoLocalDateImpl
instanceKlass ch/qos/logback/classic/jul/JULHelper
instanceKlass javax/validation/constraints/Future
instanceKlass org/springframework/boot/logging/logback/DefaultLogbackConfiguration
instanceKlass org/hibernate/validator/internal/constraintvalidators/bv/time/AbstractJavaTimeValidator
instanceKlass org/springframework/core/env/AbstractPropertyResolver$$Lambda$147
instanceKlass org/springframework/boot/logging/logback/LogbackConfigurator
instanceKlass ch/qos/logback/classic/spi/LoggerContextListener
instanceKlass org/hibernate/validator/internal/constraintvalidators/bv/time/AbstractInstantBasedTimeValidator
instanceKlass org/hibernate/validator/constraintvalidation/HibernateConstraintValidator
instanceKlass ch/qos/logback/core/LifeCycleManager
instanceKlass org/hibernate/validator/internal/constraintvalidators/AbstractEmailValidator
instanceKlass org/springframework/boot/logging/LoggingInitializationContext
instanceKlass javax/validation/constraints/Email
instanceKlass org/springframework/boot/logging/LoggerGroup
instanceKlass org/springframework/boot/logging/LoggerGroups$$Lambda$146
instanceKlass org/hibernate/validator/internal/metadata/core/ConstraintHelper$$Lambda$145
instanceKlass org/springframework/boot/logging/LoggerGroups
instanceKlass org/hibernate/validator/internal/constraintvalidators/bv/DigitsValidatorForNumber
instanceKlass org/hibernate/validator/internal/constraintvalidators/bv/DigitsValidatorForCharSequence
instanceKlass org/springframework/boot/logging/LogFile
instanceKlass javax/validation/constraints/Digits
instanceKlass org/hibernate/validator/internal/constraintvalidators/bv/DecimalMinValidatorForCharSequence
instanceKlass org/springframework/boot/system/ApplicationPid
instanceKlass org/springframework/boot/logging/LoggingSystemProperties
instanceKlass org/hibernate/validator/internal/constraintvalidators/bv/number/bound/decimal/AbstractDecimalMinValidator
instanceKlass javax/validation/constraints/DecimalMin
instanceKlass org/springframework/boot/ansi/AnsiElement
instanceKlass org/hibernate/validator/internal/metadata/core/ConstraintHelper$$Lambda$144
instanceKlass org/hibernate/validator/internal/constraintvalidators/bv/DecimalMaxValidatorForCharSequence
instanceKlass org/springframework/boot/context/config/AnsiOutputApplicationListener$$Lambda$143
instanceKlass java/lang/invoke/LambdaForm$DMH
instanceKlass java/util/stream/Sink$ChainedInt
instanceKlass org/springframework/boot/convert/LenientObjectToEnumConverterFactory$LenientToEnumConverter$$Lambda$142
instanceKlass org/hibernate/validator/internal/constraintvalidators/bv/number/bound/decimal/AbstractDecimalMaxValidator
instanceKlass org/springframework/boot/convert/LenientObjectToEnumConverterFactory$LenientToEnumConverter$$Lambda$141
instanceKlass java/util/function/IntUnaryOperator
instanceKlass javax/validation/constraints/DecimalMax
instanceKlass org/springframework/boot/convert/LenientObjectToEnumConverterFactory$LenientToEnumConverter$$Lambda$140
instanceKlass org/springframework/boot/ansi/AnsiOutput
instanceKlass org/springframework/core/convert/support/ConversionUtils
instanceKlass org/springframework/boot/convert/LenientObjectToEnumConverterFactory$LenientToEnumConverter
instanceKlass org/hibernate/validator/internal/constraintvalidators/bv/AssertTrueValidator
instanceKlass org/springframework/boot/convert/LenientObjectToEnumConverterFactory$$Lambda$139
instanceKlass javax/validation/constraints/AssertTrue
instanceKlass javax/validation/constraintvalidation/SupportedValidationTarget
instanceKlass org/hibernate/validator/internal/engine/constraintvalidation/ClassBasedValidatorDescriptor
instanceKlass org/hibernate/validator/internal/engine/constraintvalidation/ConstraintValidatorDescriptor
instanceKlass org/hibernate/validator/internal/constraintvalidators/bv/AssertFalseValidator
instanceKlass javax/validation/ConstraintValidator
instanceKlass javax/validation/constraints/AssertFalse
instanceKlass org/hibernate/validator/internal/metadata/core/ConstraintHelper$ValidatorDescriptorMap
instanceKlass org/hibernate/validator/internal/metadata/core/ConstraintHelper
instanceKlass org/springframework/util/AntPathMatcher$PathSeparatorPatternCache
instanceKlass org/springframework/util/AntPathMatcher
instanceKlass org/springframework/util/PathMatcher
instanceKlass org/hibernate/validator/internal/engine/valueextraction/ValueExtractorResolver
instanceKlass org/springframework/core/io/support/PathMatchingResourcePatternResolver
instanceKlass java/util/stream/Collectors$$Lambda$138
instanceKlass java/util/stream/Collectors$$Lambda$137
instanceKlass java/util/stream/Collectors$$Lambda$136
instanceKlass org/hibernate/validator/internal/engine/ConfigurationImpl$$Lambda$135
instanceKlass java/util/HashMap$HashMapSpliterator
instanceKlass java/util/OptionalLong
instanceKlass org/hibernate/validator/internal/engine/valueextraction/OptionalLongValueExtractor
instanceKlass org/xml/sax/InputSource
instanceKlass java/util/OptionalDouble
instanceKlass org/hibernate/validator/internal/engine/valueextraction/OptionalDoubleValueExtractor
instanceKlass org/hibernate/validator/internal/engine/valueextraction/AnnotatedObject
instanceKlass java/util/OptionalInt
instanceKlass org/hibernate/validator/internal/engine/valueextraction/OptionalIntValueExtractor
instanceKlass org/hibernate/validator/internal/engine/valueextraction/OptionalValueExtractor
instanceKlass org/springframework/core/convert/support/GenericConversionService$ConverterCacheKey
instanceKlass org/hibernate/validator/internal/engine/valueextraction/IterableValueExtractor
instanceKlass org/hibernate/validator/internal/engine/valueextraction/MapKeyExtractor
instanceKlass org/springframework/boot/context/properties/bind/PropertySourcesPlaceholdersResolver$$Lambda$134
instanceKlass org/springframework/util/PropertyPlaceholderHelper$PlaceholderResolver
instanceKlass org/springframework/boot/context/properties/source/ConfigurationProperty
instanceKlass org/hibernate/validator/internal/engine/valueextraction/MapValueExtractor
instanceKlass org/springframework/boot/origin/PropertySourceOrigin
instanceKlass org/hibernate/validator/internal/engine/valueextraction/ListValueExtractor
instanceKlass org/hibernate/validator/internal/engine/valueextraction/ObjectArrayValueExtractor
instanceKlass java/util/stream/ForEachOps$ForEachOp
instanceKlass sun/reflect/generics/tree/BooleanSignature
instanceKlass java/util/stream/ForEachOps
instanceKlass org/hibernate/validator/internal/engine/valueextraction/BooleanArrayValueExtractor
instanceKlass org/springframework/boot/context/config/ConfigFileApplicationListener$Loader$$Lambda$133
instanceKlass org/springframework/boot/context/config/ConfigFileApplicationListener$Loader$$Lambda$132
instanceKlass org/springframework/boot/context/config/ConfigFileApplicationListener$Loader$$Lambda$131
instanceKlass java/lang/invoke/LambdaForm$BMH
instanceKlass org/hibernate/validator/internal/engine/valueextraction/CharArrayValueExtractor
instanceKlass java/util/LinkedList$LLSpliterator
instanceKlass sun/reflect/generics/tree/DoubleSignature
instanceKlass org/hibernate/validator/internal/engine/valueextraction/DoubleArrayValueExtractor
instanceKlass sun/reflect/generics/tree/FloatSignature
instanceKlass org/hibernate/validator/internal/engine/valueextraction/FloatArrayValueExtractor
instanceKlass sun/reflect/generics/tree/LongSignature
instanceKlass org/hibernate/validator/internal/engine/valueextraction/LongArrayValueExtractor
instanceKlass sun/reflect/generics/tree/IntSignature
instanceKlass org/hibernate/validator/internal/engine/valueextraction/IntArrayValueExtractor
instanceKlass sun/reflect/generics/tree/ShortSignature
instanceKlass org/hibernate/validator/internal/engine/valueextraction/ShortArrayValueExtractor
instanceKlass org/hibernate/validator/internal/engine/valueextraction/ArrayElement
instanceKlass java/lang/reflect/AnnotatedArrayType
instanceKlass sun/reflect/generics/tree/ByteSignature
instanceKlass org/hibernate/validator/internal/engine/valueextraction/ByteArrayValueExtractor
instanceKlass org/springframework/boot/context/config/ConfigFileApplicationListener$Loader$$Lambda$130
instanceKlass org/hibernate/validator/internal/engine/valueextraction/ReadOnlySetPropertyValueExtractor
instanceKlass org/springframework/boot/context/config/ConfigFileApplicationListener$Loader$$Lambda$129
instanceKlass org/springframework/boot/context/config/ConfigFileApplicationListener$Loader$$Lambda$128
instanceKlass javafx/beans/binding/SetExpression
instanceKlass javafx/beans/value/ObservableSetValue
instanceKlass javafx/beans/value/WritableSetValue
instanceKlass org/hibernate/validator/internal/engine/valueextraction/SetPropertyValueExtractor
instanceKlass org/hibernate/validator/internal/engine/valueextraction/ReadOnlyMapPropertyKeyExtractor
instanceKlass org/hibernate/validator/internal/engine/valueextraction/MapPropertyKeyExtractor
instanceKlass org/hibernate/validator/internal/engine/valueextraction/ReadOnlyMapPropertyValueExtractor
instanceKlass javafx/beans/binding/MapExpression
instanceKlass javafx/beans/value/ObservableMapValue
instanceKlass javafx/beans/value/WritableMapValue
instanceKlass org/hibernate/validator/internal/engine/valueextraction/MapPropertyValueExtractor
instanceKlass org/hibernate/validator/internal/engine/valueextraction/ReadOnlyListPropertyValueExtractor
instanceKlass javafx/beans/binding/ListExpression
instanceKlass javafx/beans/value/ObservableListValue
instanceKlass javafx/beans/value/ObservableObjectValue
instanceKlass javafx/beans/value/WritableListValue
instanceKlass javafx/beans/value/WritableObjectValue
instanceKlass org/hibernate/validator/internal/engine/valueextraction/ListPropertyValueExtractor
instanceKlass javax/validation/valueextraction/UnwrapByDefault
instanceKlass java/lang/reflect/AnnotatedWildcardType
instanceKlass org/hibernate/validator/internal/util/TypeHelper
instanceKlass org/hibernate/validator/internal/engine/valueextraction/ValueExtractorDescriptor$Key
instanceKlass org/springframework/boot/context/config/ConfigFileApplicationListener$Loader$$Lambda$127
instanceKlass org/springframework/boot/context/config/ConfigFileApplicationListener$Loader$$Lambda$126
instanceKlass java/lang/reflect/AnnotatedParameterizedType
instanceKlass org/springframework/boot/context/config/ConfigFileApplicationListener$Loader$$Lambda$125
instanceKlass org/springframework/boot/context/properties/bind/BindResult
instanceKlass javax/validation/valueextraction/ExtractedValue
instanceKlass java/lang/invoke/LambdaForm$MH
instanceKlass sun/reflect/annotation/TypeAnnotation$TypeAnnotationTargetInfo
instanceKlass java/lang/invoke/LambdaForm$DMH
instanceKlass sun/reflect/annotation/TypeAnnotation$LocationInfo$Location
instanceKlass sun/reflect/annotation/TypeAnnotation$LocationInfo
instanceKlass sun/reflect/annotation/AnnotatedTypeFactory$AnnotatedTypeBaseImpl
instanceKlass sun/reflect/annotation/AnnotatedTypeFactory
instanceKlass java/lang/invoke/LambdaForm$DMH
instanceKlass sun/reflect/annotation/TypeAnnotation
instanceKlass org/springframework/boot/context/properties/bind/Binder$$Lambda$124
instanceKlass sun/reflect/annotation/TypeAnnotationParser
instanceKlass java/lang/invoke/LambdaForm$DMH
instanceKlass org/hibernate/validator/internal/engine/valueextraction/ValueExtractorDescriptor
instanceKlass java/util/stream/StreamSpliterators$WrappingSpliterator$$Lambda$123
instanceKlass org/hibernate/validator/internal/engine/valueextraction/ObservableValueValueExtractor
instanceKlass java/util/function/BooleanSupplier
instanceKlass java/util/stream/StreamSpliterators$WrappingSpliterator$$Lambda$122
instanceKlass org/hibernate/validator/internal/engine/valueextraction/ValueExtractorManager
instanceKlass java/util/stream/AbstractSpinedBuffer
instanceKlass java/util/Spliterators$1Adapter
instanceKlass java/util/stream/StreamSpliterators$AbstractWrappingSpliterator
instanceKlass java/util/stream/AbstractPipeline$$Lambda$121
instanceKlass org/hibernate/validator/internal/engine/ValidatorFactoryImpl
instanceKlass java/util/ArrayList$ArrayListSpliterator
instanceKlass org/hibernate/validator/HibernateValidatorFactory
instanceKlass javax/validation/ValidatorFactory
instanceKlass org/springframework/boot/context/properties/source/FilteredConfigurationPropertiesSource
instanceKlass org/springframework/boot/context/properties/bind/IndexedElementsBinder$$Lambda$120
instanceKlass org/springframework/boot/context/properties/bind/ArrayBinder$$Lambda$119
instanceKlass org/springframework/boot/context/properties/bind/AggregateBinder$AggregateSupplier
instanceKlass org/springframework/boot/context/properties/bind/Binder$$Lambda$118
instanceKlass org/springframework/boot/context/properties/bind/Binder$$Lambda$117
instanceKlass org/hibernate/validator/internal/xml/config/BootstrapConfigurationImpl
instanceKlass javax/validation/BootstrapConfiguration
instanceKlass org/springframework/boot/context/properties/bind/AggregateElementBinder
instanceKlass org/springframework/boot/context/properties/bind/AggregateBinder
instanceKlass org/hibernate/validator/internal/xml/config/ResourceLoaderHelper
instanceKlass org/springframework/boot/context/properties/source/SpringIterableConfigurationPropertySource$$Lambda$116
instanceKlass java/lang/invoke/LambdaForm$DMH
instanceKlass org/springframework/boot/context/properties/bind/BindConverter$CompositeConversionService
instanceKlass org/hibernate/validator/internal/xml/config/ValidationXmlParser
instanceKlass org/springframework/beans/TypeConverterDelegate
instanceKlass org/hibernate/validator/internal/util/privilegedactions/GetInstancesFromServiceLoader
instanceKlass javax/validation/valueextraction/ValueExtractor
instanceKlass org/springframework/beans/PropertyEditorRegistrySupport
instanceKlass org/springframework/beans/PropertyEditorRegistry
instanceKlass org/hibernate/validator/internal/util/privilegedactions/GetClassLoader
instanceKlass org/hibernate/validator/internal/engine/DefaultClockProvider
instanceKlass javax/validation/ClockProvider
instanceKlass org/springframework/beans/TypeConverter
instanceKlass org/hibernate/validator/internal/engine/DefaultParameterNameProvider
instanceKlass javax/validation/ParameterNameProvider
instanceKlass org/springframework/boot/context/properties/bind/BindConverter$TypeConverterConverter
instanceKlass org/hibernate/validator/internal/engine/constraintvalidation/ConstraintValidatorFactoryImpl
instanceKlass javax/validation/ConstraintValidatorFactory
instanceKlass java/beans/PropertyEditorSupport
instanceKlass java/beans/PropertyEditor
instanceKlass org/springframework/boot/context/properties/bind/BindConverter
instanceKlass org/hibernate/validator/internal/engine/resolver/JPATraversableResolver
instanceKlass javax/validation/TraversableResolver
instanceKlass org/springframework/boot/context/properties/bind/Binder$Context
instanceKlass org/springframework/boot/context/properties/bind/BindContext
instanceKlass javax/persistence/Persistence$PersistenceUtilImpl
instanceKlass org/springframework/boot/context/properties/bind/JavaBeanBinder
instanceKlass org/springframework/boot/context/properties/bind/ValueObjectBinder
instanceKlass org/springframework/boot/context/properties/bind/DataObjectBinder
instanceKlass org/hibernate/validator/internal/util/ReflectionHelper
instanceKlass org/springframework/boot/context/properties/bind/DefaultBindConstructorProvider
instanceKlass org/springframework/boot/context/properties/bind/BindConstructorProvider
instanceKlass org/springframework/boot/context/properties/bind/BindHandler$1
instanceKlass org/springframework/boot/context/properties/bind/BindHandler
instanceKlass org/hibernate/validator/internal/util/privilegedactions/NewInstance
instanceKlass javax/persistence/EntityManagerFactory
instanceKlass org/springframework/boot/context/properties/bind/Binder
instanceKlass javax/persistence/PersistenceUtil
instanceKlass javax/persistence/Persistence
instanceKlass org/springframework/boot/context/config/ConfigFileApplicationListener$Loader$$Lambda$115
instanceKlass java/util/Collections$2
instanceKlass org/hibernate/validator/internal/util/privilegedactions/LoadClass
instanceKlass org/hibernate/validator/internal/engine/resolver/TraversableResolvers
instanceKlass org/springframework/boot/origin/OriginTrackedValue
instanceKlass org/springframework/boot/origin/OriginProvider
instanceKlass org/springframework/boot/origin/TextResourceOrigin
instanceKlass org/springframework/boot/origin/Origin
instanceKlass org/hibernate/validator/internal/util/Contracts
instanceKlass org/springframework/boot/origin/TextResourceOrigin$Location
instanceKlass java/lang/reflect/AnnotatedType
instanceKlass sun/net/DefaultProgressMeteringPolicy
instanceKlass sun/net/ProgressMeteringPolicy
instanceKlass sun/net/ProgressMonitor
instanceKlass org/hibernate/validator/internal/util/privilegedactions/GetMethod
instanceKlass org/springframework/boot/env/OriginTrackedPropertiesLoader$CharacterReader
instanceKlass org/springframework/boot/env/OriginTrackedPropertiesLoader
instanceKlass org/hibernate/validator/resourceloading/PlatformResourceBundleLocator
instanceKlass org/hibernate/validator/spi/resourceloading/ResourceBundleLocator
instanceKlass org/springframework/boot/context/config/ConfigFileApplicationListener$DocumentsCacheKey
instanceKlass org/hibernate/validator/internal/xml/config/ValidationBootstrapParameters
instanceKlass org/hibernate/validator/internal/engine/MethodValidationConfiguration$Builder
instanceKlass org/hibernate/validator/internal/util/CollectionHelper
instanceKlass org/springframework/boot/logging/DeferredLog$Line
instanceKlass org/apache/logging/slf4j/SLF4JLogger$1
instanceKlass org/springframework/core/io/WritableResource
instanceKlass org/springframework/boot/context/config/ConfigFileApplicationListener$Loader$$Lambda$114
instanceKlass java/lang/invoke/LambdaForm$DMH
instanceKlass org/springframework/boot/context/config/ConfigFileApplicationListener$Loader$$Lambda$113
instanceKlass org/jboss/logging/Log4j2LoggerProvider
instanceKlass java/lang/invoke/LambdaForm$DMH
instanceKlass org/apache/logging/log4j/spi/LoggerRegistry$ConcurrentMapFactory
instanceKlass org/apache/logging/log4j/spi/LoggerRegistry$MapFactory
instanceKlass org/springframework/boot/context/config/ConfigFileApplicationListener$Loader$$Lambda$112
instanceKlass java/lang/invoke/LambdaForm$DMH
instanceKlass org/apache/logging/log4j/spi/LoggerRegistry
instanceKlass org/apache/logging/slf4j/SLF4JLoggerContext
instanceKlass org/springframework/boot/context/properties/source/ConfigurationPropertyName$$Lambda$111
instanceKlass org/apache/logging/log4j/spi/LoggerContext
instanceKlass org/springframework/boot/context/properties/source/ConfigurationPropertyName$ElementCharPredicate
instanceKlass java/lang/invoke/LambdaForm$DMH
instanceKlass java/lang/invoke/LambdaForm$MH
instanceKlass java/lang/invoke/LambdaForm$DMH
instanceKlass java/lang/invoke/LambdaForm$DMH
instanceKlass org/apache/logging/slf4j/MDCContextMap
instanceKlass org/apache/logging/log4j/spi/CleanableThreadContextMap
instanceKlass org/apache/logging/log4j/spi/ThreadContextMap2
instanceKlass org/apache/logging/log4j/spi/ThreadContextMap
instanceKlass org/springframework/boot/context/config/ConfigFileApplicationListener$Loader$$Lambda$110
instanceKlass org/springframework/boot/context/config/ConfigFileApplicationListener$DocumentConsumer
instanceKlass java/lang/invoke/LambdaForm$DMH
instanceKlass org/apache/logging/slf4j/SLF4JLoggerContextFactory
instanceKlass org/apache/logging/log4j/spi/LoggerContextFactory
instanceKlass org/springframework/boot/context/config/ConfigFileApplicationListener$Document
instanceKlass org/springframework/boot/context/config/ConfigFileApplicationListener$Loader$$Lambda$109
instanceKlass java/lang/invoke/LambdaForm$DMH
instanceKlass org/springframework/boot/context/config/ConfigFileApplicationListener$Loader$$Lambda$108
instanceKlass org/springframework/boot/context/config/ConfigFileApplicationListener$DocumentFilterFactory
instanceKlass org/apache/logging/log4j/util/ProviderUtil
instanceKlass org/springframework/boot/context/config/ConfigFileApplicationListener$DocumentFilter
instanceKlass java/util/RegularEnumSet$EnumSetIterator
instanceKlass java/util/stream/ReduceOps$Box
instanceKlass org/apache/logging/log4j/Level
instanceKlass java/util/stream/ReduceOps$AccumulatingSink
instanceKlass java/util/stream/ReduceOps$ReduceOp
instanceKlass java/util/stream/ReduceOps
instanceKlass java/util/stream/Collectors$$Lambda$107
instanceKlass java/util/stream/Collectors$$Lambda$106
instanceKlass java/util/function/BinaryOperator
instanceKlass org/apache/logging/log4j/util/Strings
instanceKlass java/util/stream/Collectors$$Lambda$105
instanceKlass java/util/function/BiConsumer
instanceKlass java/util/concurrent/ConcurrentLinkedQueue$Node
instanceKlass java/lang/invoke/LambdaForm$DMH
instanceKlass java/util/stream/Collectors$$Lambda$104
instanceKlass java/util/stream/Collectors$CollectorImpl
instanceKlass java/util/stream/Collector
instanceKlass java/util/stream/Collectors
instanceKlass org/springframework/boot/context/config/ConfigFileApplicationListener$Loader$$Lambda$103
instanceKlass java/lang/invoke/LambdaForm$DMH
instanceKlass org/springframework/boot/context/config/ConfigFileApplicationListener$Loader$$Lambda$102
instanceKlass java/lang/invoke/LambdaForm$DMH
instanceKlass org/apache/logging/log4j/message/DefaultFlowMessageFactory
instanceKlass org/apache/logging/log4j/message/FlowMessageFactory
instanceKlass org/springframework/boot/context/config/ConfigFileApplicationListener$Profile
instanceKlass java/util/ArrayList$SubList$1
instanceKlass org/springframework/boot/context/properties/source/SpringConfigurationPropertySource$$Lambda$101
instanceKlass org/springframework/boot/context/config/ConfigFileApplicationListener$Loader$$Lambda$100
instanceKlass org/springframework/boot/env/YamlPropertySourceLoader
instanceKlass org/springframework/boot/env/PropertiesPropertySourceLoader
instanceKlass org/springframework/boot/env/PropertySourceLoader
instanceKlass org/apache/logging/log4j/util/PropertySource$Util
instanceKlass org/springframework/util/PropertyPlaceholderHelper
instanceKlass java/lang/ProcessEnvironment$StringEntry
instanceKlass org/springframework/boot/context/properties/bind/PropertySourcesPlaceholdersResolver
instanceKlass org/springframework/boot/context/properties/bind/PlaceholdersResolver
instanceKlass java/lang/ProcessEnvironment$StringEntrySet$1
instanceKlass java/util/Collections$UnmodifiableMap$UnmodifiableEntrySet$1
instanceKlass org/apache/logging/log4j/util/PropertiesUtil$Environment$2
instanceKlass org/springframework/boot/context/config/ConfigFileApplicationListener$Loader
instanceKlass org/apache/logging/log4j/util/SystemPropertiesPropertySource
instanceKlass org/apache/logging/log4j/util/EnvironmentPropertySource
instanceKlass org/apache/logging/log4j/util/PropertiesUtil$Environment$1
instanceKlass org/apache/logging/log4j/util/BiConsumer
instanceKlass org/apache/logging/log4j/util/PropertySource$Comparator
instanceKlass org/springframework/boot/env/SpringApplicationJsonEnvironmentPostProcessor$$Lambda$99
instanceKlass java/lang/invoke/LambdaForm$DMH
instanceKlass org/apache/logging/log4j/util/LoaderUtil$ThreadContextClassLoaderGetter
instanceKlass org/apache/logging/log4j/util/LoaderUtil
instanceKlass org/apache/logging/log4j/util/PropertiesPropertySource
instanceKlass org/apache/logging/log4j/util/PropertySource
instanceKlass org/apache/logging/log4j/util/PropertiesUtil$Environment
instanceKlass org/apache/logging/log4j/util/PropertiesUtil
instanceKlass org/apache/logging/log4j/util/Constants
instanceKlass org/apache/logging/log4j/message/AbstractMessageFactory
instanceKlass org/apache/logging/log4j/message/ReusableMessageFactory
instanceKlass org/apache/logging/log4j/message/MessageFactory2
instanceKlass org/apache/logging/log4j/message/MessageFactory
instanceKlass java/util/stream/Sink$OfInt
instanceKlass java/util/function/IntConsumer
instanceKlass java/util/Spliterators$IntIteratorSpliterator
instanceKlass java/lang/CharSequence$1CharIterator
instanceKlass java/util/PrimitiveIterator$OfInt
instanceKlass java/util/PrimitiveIterator
instanceKlass org/apache/logging/log4j/MarkerManager$Log4jMarker
instanceKlass java/util/stream/MatchOps$$Lambda$98
instanceKlass org/apache/logging/log4j/util/StringBuilderFormattable
instanceKlass org/apache/logging/log4j/Marker
instanceKlass java/util/stream/MatchOps$BooleanTerminalSink
instanceKlass java/util/stream/MatchOps$MatchOp
instanceKlass java/util/stream/MatchOps
instanceKlass org/springframework/boot/context/properties/source/SystemEnvironmentPropertyMapper$$Lambda$97
instanceKlass org/apache/logging/log4j/MarkerManager
instanceKlass java/util/function/IntPredicate
instanceKlass java/lang/invoke/LambdaForm$DMH
instanceKlass java/util/stream/IntStream
instanceKlass org/apache/logging/log4j/spi/AbstractLogger
instanceKlass java/lang/CharSequence$$Lambda$96
instanceKlass org/springframework/boot/context/properties/source/SystemEnvironmentPropertyMapper$$Lambda$95
instanceKlass java/lang/ProcessEnvironment$StringKeySet$1
instanceKlass org/apache/logging/log4j/spi/LocationAwareLogger
instanceKlass org/springframework/boot/context/properties/source/SystemEnvironmentPropertyMapper
instanceKlass org/springframework/boot/context/properties/source/SpringIterableConfigurationPropertySource$Cache
instanceKlass org/apache/logging/log4j/LogManager
instanceKlass org/springframework/boot/context/properties/source/SpringIterableConfigurationPropertySource$CacheKey
instanceKlass org/springframework/boot/context/properties/source/DefaultPropertyMapper$LastMapping
instanceKlass org/springframework/boot/context/properties/source/SpringConfigurationPropertySource$$Lambda$94
instanceKlass org/jboss/logging/LoggerProvider
instanceKlass org/jboss/logging/LoggerProviders
instanceKlass org/springframework/boot/context/properties/source/IterableConfigurationPropertySource
instanceKlass org/springframework/boot/context/properties/source/DefaultPropertyMapper
instanceKlass org/springframework/boot/context/properties/source/PropertyMapping
instanceKlass org/springframework/boot/context/properties/source/SpringConfigurationPropertySource$DelegatingPropertyMapper
instanceKlass org/springframework/boot/context/properties/source/PropertyMapper
instanceKlass org/springframework/boot/context/properties/source/SpringConfigurationPropertySource
instanceKlass org/jboss/logging/DelegatingBasicLogger
instanceKlass org/springframework/boot/context/properties/source/SpringConfigurationPropertySources$$Lambda$93
instanceKlass org/springframework/boot/context/properties/source/ConfigurationPropertySource
instanceKlass org/springframework/boot/context/properties/source/SpringConfigurationPropertySources$SourcesIterator
instanceKlass org/springframework/boot/env/SpringApplicationJsonEnvironmentPostProcessor$$Lambda$92
instanceKlass org/springframework/boot/env/SpringApplicationJsonEnvironmentPostProcessor$$Lambda$91
instanceKlass org/springframework/boot/env/SpringApplicationJsonEnvironmentPostProcessor$JsonPropertyValue
instanceKlass java/util/Spliterators$ArraySpliterator
instanceKlass org/springframework/boot/reactor/DebugAgentEnvironmentPostProcessor
instanceKlass org/springframework/boot/env/SystemEnvironmentPropertySourceEnvironmentPostProcessor
instanceKlass org/jboss/logging/SecurityActions
instanceKlass org/springframework/boot/env/SpringApplicationJsonEnvironmentPostProcessor
instanceKlass org/jboss/logging/LoggingLocale
instanceKlass org/springframework/boot/devtools/env/DevToolsPropertyDefaultsPostProcessor
instanceKlass org/springframework/boot/devtools/env/DevToolsHomePropertiesPostProcessor
instanceKlass org/jboss/logging/Logger
instanceKlass org/springframework/boot/context/properties/source/SpringConfigurationPropertySources
instanceKlass org/springframework/boot/origin/OriginLookup
instanceKlass org/hibernate/validator/internal/util/logging/Log
instanceKlass org/jboss/logging/BasicLogger
instanceKlass org/springframework/boot/context/properties/source/ConfigurationPropertySources
instanceKlass org/hibernate/validator/internal/util/logging/LoggerFactory
instanceKlass org/springframework/boot/convert/LenientObjectToEnumConverterFactory
instanceKlass org/hibernate/validator/internal/util/Version
instanceKlass org/hibernate/validator/internal/engine/ConfigurationImpl
instanceKlass javax/validation/spi/ConfigurationState
instanceKlass org/springframework/core/io/DefaultResourceLoader
instanceKlass org/hibernate/validator/HibernateValidatorConfiguration
instanceKlass javax/validation/Configuration
instanceKlass org/springframework/boot/convert/StringToFileConverter
instanceKlass org/springframework/boot/convert/NumberToDataSizeConverter
instanceKlass org/springframework/util/unit/DataSize
instanceKlass org/springframework/boot/convert/StringToDataSizeConverter
instanceKlass org/springframework/boot/convert/DurationToNumberConverter
instanceKlass org/hibernate/validator/HibernateValidator
instanceKlass org/springframework/boot/convert/NumberToDurationConverter
instanceKlass org/springframework/boot/convert/DurationToStringConverter
instanceKlass org/springframework/boot/convert/StringToDurationConverter
instanceKlass javax/validation/spi/ValidationProvider
instanceKlass org/springframework/boot/convert/DelimitedStringToCollectionConverter
instanceKlass javax/validation/Validation$GetValidationProviderListAction
instanceKlass org/springframework/boot/convert/DelimitedStringToArrayConverter
instanceKlass javax/validation/Validation$DefaultValidationProviderResolver
instanceKlass javax/validation/ValidationProviderResolver
instanceKlass org/springframework/boot/convert/CollectionToDelimitedStringConverter
instanceKlass org/springframework/boot/convert/ArrayToDelimitedStringConverter
instanceKlass javax/validation/Validation$GenericBootstrapImpl
instanceKlass javax/validation/spi/BootstrapState
instanceKlass org/springframework/boot/convert/IsoOffsetFormatter
instanceKlass javax/validation/bootstrap/GenericBootstrap
instanceKlass org/springframework/boot/convert/InetAddressFormatter
instanceKlass org/springframework/format/support/FormattingConversionService$$Lambda$90
instanceKlass javax/validation/Validation
instanceKlass sun/reflect/generics/tree/ArrayTypeSignature
instanceKlass sun/reflect/generics/tree/CharSignature
instanceKlass org/springframework/boot/convert/CharArrayFormatter
instanceKlass org/springframework/boot/autoconfigure/BackgroundPreinitializer$ValidationInitializer
instanceKlass org/springframework/format/annotation/DateTimeFormat
instanceKlass org/springframework/format/datetime/standard/MonthDayFormatter
instanceKlass java/time/MonthDay
instanceKlass org/springframework/format/datetime/standard/YearMonthFormatter
instanceKlass java/time/YearMonth
instanceKlass org/springframework/format/datetime/standard/MonthFormatter
instanceKlass org/springframework/format/datetime/standard/YearFormatter
instanceKlass java/time/Year
instanceKlass org/springframework/format/datetime/standard/DurationFormatter
instanceKlass org/springframework/format/datetime/standard/PeriodFormatter
instanceKlass org/springframework/format/datetime/standard/InstantFormatter
instanceKlass org/springframework/format/Formatter
instanceKlass java/time/OffsetTime
instanceKlass org/springframework/format/support/FormattingConversionService$ParserConverter
instanceKlass org/springframework/format/support/FormattingConversionService$PrinterConverter
instanceKlass org/springframework/format/datetime/standard/TemporalAccessorParser
instanceKlass org/springframework/format/Parser
instanceKlass org/springframework/format/datetime/standard/TemporalAccessorPrinter
instanceKlass org/springframework/format/Printer
instanceKlass java/time/format/DateTimeFormatterBuilder$LocalizedPrinterParser
instanceKlass java/time/format/DateTimeFormatter$$Lambda$89
instanceKlass java/time/format/DateTimeFormatter$$Lambda$88
instanceKlass java/time/Period
instanceKlass java/time/chrono/ChronoPeriod
instanceKlass java/time/format/DateTimeFormatterBuilder$TextPrinterParser
instanceKlass java/time/format/DateTimeTextProvider$1
instanceKlass java/time/format/DateTimeTextProvider
instanceKlass java/util/AbstractMap$SimpleImmutableEntry
instanceKlass java/time/format/DateTimeTextProvider$LocaleStore
instanceKlass java/time/format/DateTimeFormatterBuilder$InstantPrinterParser
instanceKlass java/time/format/DateTimeFormatterBuilder$StringLiteralPrinterParser
instanceKlass java/time/format/DateTimeFormatterBuilder$ZoneIdPrinterParser
instanceKlass java/time/format/DateTimeFormatterBuilder$FractionPrinterParser
instanceKlass java/time/format/DateTimeFormatterBuilder$OffsetIdPrinterParser
instanceKlass java/time/format/DecimalStyle
instanceKlass java/time/format/DateTimeFormatterBuilder$CompositePrinterParser
instanceKlass java/time/chrono/AbstractChronology$$Lambda$87
instanceKlass java/time/chrono/AbstractChronology$$Lambda$86
instanceKlass java/time/chrono/AbstractChronology$$Lambda$85
instanceKlass java/lang/invoke/LambdaForm$BMH
instanceKlass java/lang/invoke/LambdaForm$MH
instanceKlass java/lang/invoke/LambdaForm$BMH
instanceKlass java/lang/invoke/LambdaForm$BMH
instanceKlass java/time/chrono/AbstractChronology
instanceKlass java/time/chrono/Chronology
instanceKlass java/time/format/DateTimeFormatterBuilder$CharLiteralPrinterParser
instanceKlass java/time/format/DateTimeFormatterBuilder$NumberPrinterParser
instanceKlass java/time/format/DateTimeFormatterBuilder$DateTimePrinterParser
instanceKlass java/time/format/DateTimeFormatterBuilder$2
instanceKlass java/time/temporal/IsoFields
instanceKlass java/time/temporal/ValueRange
instanceKlass java/time/Duration
instanceKlass java/time/temporal/TemporalAmount
instanceKlass java/time/temporal/TemporalUnit
instanceKlass java/time/temporal/TemporalField
instanceKlass java/time/format/DateTimeFormatterBuilder$$Lambda$84
instanceKlass java/time/temporal/TemporalQuery
instanceKlass java/time/format/DateTimeFormatterBuilder
instanceKlass java/time/format/DateTimeFormatter
instanceKlass org/springframework/format/datetime/standard/DateTimeFormatterRegistrar$1
instanceKlass org/springframework/format/datetime/standard/DateTimeConverters$InstantToLongConverter
instanceKlass org/springframework/format/datetime/standard/DateTimeConverters$LongToInstantConverter
instanceKlass org/springframework/format/datetime/standard/DateTimeConverters$CalendarToInstantConverter
instanceKlass org/springframework/format/datetime/standard/DateTimeConverters$CalendarToLocalDateTimeConverter
instanceKlass org/springframework/format/datetime/standard/DateTimeConverters$CalendarToLocalTimeConverter
instanceKlass org/springframework/format/datetime/standard/DateTimeConverters$CalendarToLocalDateConverter
instanceKlass org/springframework/format/datetime/standard/DateTimeConverters$CalendarToOffsetDateTimeConverter
instanceKlass org/springframework/format/datetime/standard/DateTimeConverters$CalendarToZonedDateTimeConverter
instanceKlass org/springframework/format/datetime/standard/DateTimeConverters$OffsetDateTimeToInstantConverter
instanceKlass org/springframework/format/datetime/standard/DateTimeConverters$OffsetDateTimeToZonedDateTimeConverter
instanceKlass org/springframework/format/datetime/standard/DateTimeConverters$OffsetDateTimeToLocalDateTimeConverter
instanceKlass org/springframework/format/datetime/standard/DateTimeConverters$OffsetDateTimeToLocalTimeConverter
instanceKlass org/springframework/format/datetime/standard/DateTimeConverters$OffsetDateTimeToLocalDateConverter
instanceKlass java/time/Instant
instanceKlass org/springframework/format/datetime/standard/DateTimeConverters$ZonedDateTimeToInstantConverter
instanceKlass java/time/OffsetDateTime
instanceKlass org/springframework/format/datetime/standard/DateTimeConverters$ZonedDateTimeToOffsetDateTimeConverter
instanceKlass org/springframework/format/datetime/standard/DateTimeConverters$ZonedDateTimeToLocalDateTimeConverter
instanceKlass org/springframework/format/datetime/standard/DateTimeConverters$ZonedDateTimeToLocalTimeConverter
instanceKlass org/springframework/format/datetime/standard/DateTimeConverters$ZonedDateTimeToLocalDateConverter
instanceKlass java/time/LocalTime
instanceKlass org/springframework/format/datetime/standard/DateTimeConverters$LocalDateTimeToLocalTimeConverter
instanceKlass java/time/LocalDate
instanceKlass java/time/chrono/ChronoLocalDate
instanceKlass java/time/LocalDateTime
instanceKlass java/time/chrono/ChronoLocalDateTime
instanceKlass java/time/temporal/TemporalAdjuster
instanceKlass org/springframework/format/datetime/standard/DateTimeConverters$LocalDateTimeToLocalDateConverter
instanceKlass org/springframework/format/datetime/DateFormatterRegistrar$LongToCalendarConverter
instanceKlass org/springframework/format/datetime/DateFormatterRegistrar$LongToDateConverter
instanceKlass org/springframework/format/datetime/DateFormatterRegistrar$CalendarToLongConverter
instanceKlass org/springframework/format/datetime/DateFormatterRegistrar$CalendarToDateConverter
instanceKlass org/springframework/format/datetime/DateFormatterRegistrar$DateToCalendarConverter
instanceKlass org/springframework/format/datetime/DateFormatterRegistrar$DateToLongConverter
instanceKlass org/springframework/format/datetime/DateFormatterRegistrar
instanceKlass org/springframework/format/datetime/standard/DateTimeConverters
instanceKlass org/springframework/format/datetime/standard/DateTimeFormatterFactory
instanceKlass org/springframework/format/datetime/standard/DateTimeFormatterRegistrar
instanceKlass org/springframework/format/FormatterRegistrar
instanceKlass org/springframework/format/support/FormattingConversionService$AnnotationParserConverter
instanceKlass org/springframework/format/support/FormattingConversionService$AnnotationPrinterConverter
instanceKlass org/springframework/util/NumberUtils
instanceKlass org/springframework/core/GenericTypeResolver$$Lambda$83
instanceKlass org/springframework/format/annotation/NumberFormat
instanceKlass org/springframework/core/GenericTypeResolver
instanceKlass org/springframework/context/support/EmbeddedValueResolutionSupport
instanceKlass org/springframework/format/AnnotationFormatterFactory
instanceKlass org/springframework/core/convert/support/ObjectToOptionalConverter
instanceKlass org/springframework/core/convert/support/FallbackObjectToStringConverter
instanceKlass org/springframework/core/convert/support/IdToEntityConverter
instanceKlass org/springframework/core/convert/support/ObjectToObjectConverter
instanceKlass java/time/ZonedDateTime
instanceKlass java/time/chrono/ChronoZonedDateTime
instanceKlass java/time/temporal/Temporal
instanceKlass java/time/temporal/TemporalAccessor
instanceKlass org/springframework/core/convert/support/ZonedDateTimeToCalendarConverter
instanceKlass java/time/ZoneId
instanceKlass org/springframework/core/convert/support/ZoneIdToTimeZoneConverter
instanceKlass org/springframework/core/convert/support/StringToTimeZoneConverter
instanceKlass org/springframework/core/convert/support/ByteBufferConverter
instanceKlass org/springframework/core/convert/TypeDescriptor$AnnotatedElementAdapter
instanceKlass org/springframework/core/convert/TypeDescriptor
instanceKlass org/springframework/core/convert/support/StreamConverter
instanceKlass org/springframework/core/convert/support/ObjectToCollectionConverter
instanceKlass org/springframework/core/convert/support/CollectionToObjectConverter
instanceKlass org/springframework/core/convert/support/StringToCollectionConverter
instanceKlass org/springframework/core/convert/support/ObjectToArrayConverter
instanceKlass org/springframework/core/convert/support/ArrayToObjectConverter
instanceKlass org/springframework/core/convert/support/StringToArrayConverter
instanceKlass org/springframework/core/convert/support/CollectionToStringConverter
instanceKlass org/springframework/core/convert/support/ArrayToStringConverter
instanceKlass org/springframework/core/convert/support/MapToMapConverter
instanceKlass org/springframework/core/convert/support/CollectionToCollectionConverter
instanceKlass org/springframework/core/convert/support/ArrayToArrayConverter
instanceKlass org/springframework/core/convert/support/CollectionToArrayConverter
instanceKlass org/springframework/core/convert/support/ArrayToCollectionConverter
instanceKlass java/util/UUID
instanceKlass org/springframework/core/convert/support/StringToUUIDConverter
instanceKlass org/springframework/core/convert/support/PropertiesToStringConverter
instanceKlass org/springframework/core/convert/support/StringToPropertiesConverter
instanceKlass org/springframework/core/convert/support/StringToCurrencyConverter
instanceKlass org/springframework/core/convert/support/StringToCharsetConverter
instanceKlass org/springframework/core/convert/support/StringToLocaleConverter
instanceKlass org/springframework/core/convert/support/IntegerToEnumConverterFactory
instanceKlass sun/reflect/generics/tree/Wildcard
instanceKlass java/lang/ProcessEnvironment$ExternalData
instanceKlass sun/reflect/generics/tree/BottomSignature
instanceKlass java/lang/ProcessEnvironment
instanceKlass org/springframework/core/convert/support/AbstractConditionalEnumConverter
instanceKlass org/springframework/core/convert/support/StringToEnumConverterFactory
instanceKlass org/springframework/core/convert/support/StringToBooleanConverter
instanceKlass javax/naming/spi/NamingManager
instanceKlass com/sun/naming/internal/VersionHelper12$5
instanceKlass org/springframework/core/convert/support/CharacterToNumberFactory
instanceKlass com/sun/naming/internal/VersionHelper12$InputStreamEnumeration$1
instanceKlass com/sun/naming/internal/VersionHelper12$InputStreamEnumeration
instanceKlass javax/naming/NamingEnumeration
instanceKlass org/springframework/core/convert/support/NumberToCharacterConverter
instanceKlass com/sun/naming/internal/VersionHelper12$6
instanceKlass com/sun/naming/internal/VersionHelper12$7
instanceKlass com/sun/naming/internal/VersionHelper12$3
instanceKlass com/sun/naming/internal/VersionHelper12$1
instanceKlass com/sun/naming/internal/VersionHelper
instanceKlass org/springframework/core/convert/support/StringToCharacterConverter
instanceKlass com/sun/naming/internal/ResourceManager
instanceKlass javax/naming/InitialContext
instanceKlass javax/naming/Context
instanceKlass org/springframework/core/convert/support/GenericConversionService$ConverterAdapter
instanceKlass org/springframework/core/convert/support/ObjectToStringConverter
instanceKlass org/springframework/core/convert/converter/Converter
instanceKlass org/springframework/core/SpringProperties
instanceKlass org/springframework/jndi/JndiAccessor
instanceKlass org/springframework/core/convert/support/StringToNumberConverterFactory
instanceKlass org/springframework/core/convert/support/GenericConversionService$Converters$$Lambda$81
instanceKlass org/springframework/core/convert/support/GenericConversionService$ConvertersForPair
instanceKlass org/springframework/core/env/AbstractPropertyResolver
instanceKlass org/springframework/core/convert/converter/GenericConverter$ConvertiblePair
instanceKlass org/springframework/core/convert/support/GenericConversionService$ConverterFactoryAdapter
instanceKlass org/springframework/core/convert/converter/ConditionalGenericConverter
instanceKlass org/springframework/core/env/MutablePropertySources
instanceKlass org/springframework/core/env/PropertySources
instanceKlass org/springframework/core/convert/support/NumberToNumberConverterFactory
instanceKlass org/springframework/core/convert/converter/ConditionalConverter
instanceKlass org/springframework/core/convert/converter/ConverterFactory
instanceKlass org/springframework/core/env/AbstractEnvironment
instanceKlass org/springframework/web/context/ConfigurableWebEnvironment
instanceKlass org/springframework/core/env/ConfigurableEnvironment
instanceKlass org/springframework/core/env/ConfigurablePropertyResolver
instanceKlass org/springframework/core/convert/support/GenericConversionService$Converters
instanceKlass org/springframework/core/env/Environment
instanceKlass org/springframework/core/env/PropertyResolver
instanceKlass org/springframework/core/convert/support/GenericConversionService$NoOpConverter
instanceKlass org/springframework/core/convert/converter/GenericConverter
instanceKlass org/springframework/boot/SpringApplication$1
instanceKlass org/springframework/core/env/CommandLineArgs
instanceKlass org/springframework/core/convert/support/GenericConversionService
instanceKlass org/springframework/core/convert/support/ConfigurableConversionService
instanceKlass org/springframework/core/convert/ConversionService
instanceKlass org/springframework/core/env/SimpleCommandLineArgsParser
instanceKlass org/springframework/core/env/PropertySource
instanceKlass org/springframework/context/EmbeddedValueResolverAware
instanceKlass org/springframework/format/FormatterRegistry
instanceKlass org/springframework/core/convert/converter/ConverterRegistry
instanceKlass org/springframework/boot/DefaultApplicationArguments
instanceKlass org/springframework/boot/ApplicationArguments
instanceKlass org/springframework/boot/autoconfigure/BackgroundPreinitializer$ConversionServiceInitializer
instanceKlass org/springframework/boot/autoconfigure/BackgroundPreinitializer$1
instanceKlass java/util/Formattable
instanceKlass java/util/Formatter$Conversion
instanceKlass java/util/Formatter$Flags
instanceKlass java/util/Formatter$FormatSpecifier
instanceKlass java/util/Formatter$FixedString
instanceKlass java/util/Formatter$FormatString
instanceKlass java/util/Formatter
instanceKlass org/springframework/boot/logging/LoggingSystem$$Lambda$80
instanceKlass org/springframework/boot/logging/AbstractLoggingSystem$LogLevels
instanceKlass org/springframework/boot/logging/LoggerConfigurationComparator
instanceKlass java/util/Collections$UnmodifiableMap$UnmodifiableEntrySet$UnmodifiableEntry
instanceKlass java/util/Collections$UnmodifiableMap$UnmodifiableEntrySet$$Lambda$79
instanceKlass java/util/stream/Sink$ChainedReference
instanceKlass java/util/stream/FindOps$$Lambda$78
instanceKlass java/lang/invoke/LambdaForm$DMH
instanceKlass java/util/stream/FindOps$FindSink
instanceKlass java/util/stream/TerminalSink
instanceKlass java/util/stream/Sink
instanceKlass java/util/stream/FindOps$$Lambda$77
instanceKlass java/lang/invoke/LambdaForm$DMH
instanceKlass java/util/stream/FindOps$FindOp
instanceKlass java/util/stream/TerminalOp
instanceKlass java/util/stream/FindOps
instanceKlass org/springframework/boot/logging/LoggingSystem$$Lambda$76
instanceKlass org/springframework/boot/logging/LoggingSystem$$Lambda$75
instanceKlass java/util/function/Predicate
instanceKlass java/util/EnumMap$1
instanceKlass java/util/stream/StreamOpFlag$MaskBuilder
instanceKlass java/util/stream/PipelineHelper
instanceKlass java/util/stream/Stream
instanceKlass java/util/stream/BaseStream
instanceKlass java/util/stream/StreamSupport
instanceKlass java/util/Spliterators$IteratorSpliterator
instanceKlass java/util/Spliterator$OfDouble
instanceKlass java/util/Spliterator$OfLong
instanceKlass java/util/Spliterator$OfInt
instanceKlass java/util/Spliterator$OfPrimitive
instanceKlass java/util/Spliterators$EmptySpliterator
instanceKlass java/util/Spliterators
instanceKlass java/util/Collections$UnmodifiableMap$UnmodifiableEntrySet$UnmodifiableEntrySetSpliterator
instanceKlass java/util/Spliterator
instanceKlass org/springframework/boot/logging/LoggingSystem
instanceKlass org/springframework/aop/SpringProxy
instanceKlass org/springframework/aop/support/AopUtils
instanceKlass org/springframework/core/ResolvableType$WildcardBounds
instanceKlass org/springframework/context/event/GenericApplicationListenerAdapter
instanceKlass org/springframework/context/event/AbstractApplicationEventMulticaster$ListenerCacheKey
instanceKlass org/springframework/core/ResolvableTypeProvider
instanceKlass org/springframework/aop/framework/Advised
instanceKlass org/springframework/aop/TargetClassAware
instanceKlass org/springframework/aop/framework/AopProxyUtils
instanceKlass org/springframework/context/event/AbstractApplicationEventMulticaster$ListenerRetriever
instanceKlass org/springframework/context/event/AbstractApplicationEventMulticaster
instanceKlass org/springframework/beans/factory/BeanFactoryAware
instanceKlass org/springframework/beans/factory/BeanClassLoaderAware
instanceKlass org/springframework/context/event/ApplicationEventMulticaster
instanceKlass org/springframework/boot/context/event/EventPublishingRunListener
instanceKlass org/springframework/boot/SpringApplicationRunListener
instanceKlass org/springframework/boot/SpringApplicationRunListeners
instanceKlass org/springframework/util/StopWatch
instanceKlass org/springframework/core/annotation/TypeMappedAnnotation$$Lambda$74
instanceKlass org/springframework/core/annotation/ValueExtractor
instanceKlass org/springframework/core/annotation/AnnotationTypeMappings$$Lambda$73
instanceKlass java/util/function/Consumer
instanceKlass org/springframework/core/annotation/AliasFor
instanceKlass org/springframework/core/annotation/AnnotationTypeMapping$MirrorSets
instanceKlass org/springframework/core/annotation/AnnotationTypeMapping$MirrorSets$MirrorSet
instanceKlass org/springframework/core/annotation/AnnotationTypeMapping
instanceKlass org/springframework/core/annotation/AnnotationTypeMappings$Cache$$Lambda$72
instanceKlass org/springframework/core/annotation/AnnotationTypeMappings$$Lambda$71
instanceKlass org/springframework/core/annotation/AnnotationTypeMappings$Cache
instanceKlass org/springframework/core/annotation/AnnotationTypeMappings
instanceKlass org/springframework/core/annotation/RepeatableContainers$StandardRepeatableContainers$$Lambda$70
instanceKlass org/springframework/core/annotation/AttributeMethods$$Lambda$69
instanceKlass org/springframework/core/annotation/AttributeMethods$$Lambda$68
instanceKlass org/springframework/core/annotation/AttributeMethods
instanceKlass org/springframework/boot/liquibase/LiquibaseServiceLocatorApplicationListener
instanceKlass org/springframework/core/ResolvableType$DefaultVariableResolver
instanceKlass org/springframework/boot/context/properties/source/ConfigurationPropertyName$ElementsParser
instanceKlass org/springframework/boot/context/properties/source/ConfigurationPropertyName$Elements
instanceKlass org/springframework/boot/context/properties/source/ConfigurationPropertyName
instanceKlass org/springframework/boot/context/logging/LoggingApplicationListener
instanceKlass org/springframework/boot/context/logging/ClasspathLoggingApplicationListener
instanceKlass org/springframework/context/event/GenericApplicationListener
instanceKlass org/springframework/boot/context/config/DelegatingApplicationListener
instanceKlass org/springframework/core/ResolvableType$TypeVariablesVariableResolver
instanceKlass org/springframework/core/ResolvableType$VariableResolver
instanceKlass org/springframework/core/ResolvableType$SyntheticParameterizedType
instanceKlass org/springframework/core/SerializableTypeWrapper$SerializableTypeProxy
instanceKlass java/lang/reflect/WildcardType
instanceKlass org/springframework/core/SerializableTypeWrapper
instanceKlass org/springframework/core/ResolvableType$EmptyType
instanceKlass org/springframework/core/ResolvableType
instanceKlass org/springframework/boot/context/properties/bind/Bindable
instanceKlass org/springframework/boot/context/config/ConfigFileApplicationListener
instanceKlass org/springframework/context/event/SmartApplicationListener
instanceKlass org/springframework/boot/context/config/AnsiOutputApplicationListener
instanceKlass org/springframework/boot/context/FileEncodingApplicationListener
instanceKlass org/springframework/boot/logging/DeferredLog
instanceKlass org/springframework/boot/cloud/CloudFoundryVcapEnvironmentPostProcessor
instanceKlass org/springframework/boot/env/EnvironmentPostProcessor
instanceKlass org/springframework/boot/builder/ParentContextCloserApplicationListener
instanceKlass org/springframework/context/ApplicationContextAware
instanceKlass org/springframework/beans/factory/Aware
instanceKlass org/springframework/boot/ClearCachesApplicationListener
instanceKlass org/springframework/boot/autoconfigure/BackgroundPreinitializer
instanceKlass org/springframework/boot/devtools/restart/RestartApplicationListener
instanceKlass java/lang/FunctionalInterface
instanceKlass org/springframework/util/ObjectUtils
instanceKlass org/springframework/core/DecoratingProxy
instanceKlass org/springframework/core/annotation/AbstractMergedAnnotation
instanceKlass org/springframework/core/annotation/MergedAnnotation
instanceKlass org/springframework/core/annotation/AnnotationsScanner$1
instanceKlass org/springframework/core/annotation/MergedAnnotationSelectors$FirstDirectlyDeclared
instanceKlass org/springframework/core/annotation/MergedAnnotationSelectors$Nearest
instanceKlass org/springframework/core/annotation/MergedAnnotationSelector
instanceKlass org/springframework/core/annotation/MergedAnnotationSelectors
instanceKlass org/springframework/core/annotation/TypeMappedAnnotations$MergedAnnotationFinder
instanceKlass org/springframework/core/annotation/AnnotationsProcessor
instanceKlass org/springframework/core/annotation/Order
instanceKlass org/springframework/core/annotation/OrderUtils
instanceKlass org/springframework/core/annotation/AnnotationsScanner
instanceKlass org/springframework/core/annotation/TypeMappedAnnotations
instanceKlass org/springframework/core/annotation/AnnotationFilter$2
instanceKlass org/springframework/core/annotation/AnnotationFilter$1
instanceKlass org/springframework/core/annotation/PackagesAnnotationFilter
instanceKlass org/springframework/core/annotation/AnnotationFilter
instanceKlass org/springframework/core/annotation/RepeatableContainers
instanceKlass org/springframework/core/annotation/MergedAnnotations
instanceKlass org/springframework/core/PriorityOrdered
instanceKlass org/springframework/core/OrderComparator
instanceKlass org/springframework/boot/web/context/ServerPortInfoApplicationContextInitializer
instanceKlass org/springframework/context/ApplicationListener
instanceKlass java/util/EventListener
instanceKlass org/springframework/boot/rsocket/context/RSocketPortInfoApplicationContextInitializer
instanceKlass org/springframework/boot/context/config/DelegatingApplicationContextInitializer
instanceKlass org/springframework/boot/context/ContextIdApplicationContextInitializer
instanceKlass org/springframework/boot/context/ConfigurationWarningsApplicationContextInitializer
instanceKlass org/springframework/boot/autoconfigure/logging/ConditionEvaluationReportLoggingListener
instanceKlass org/springframework/boot/autoconfigure/SharedMetadataReaderFactoryContextInitializer
instanceKlass org/springframework/core/Ordered
instanceKlass org/springframework/core/KotlinDetector
instanceKlass org/springframework/util/ReflectionUtils$$Lambda$67
instanceKlass org/springframework/util/ReflectionUtils$FieldFilter
instanceKlass org/springframework/util/ReflectionUtils$$Lambda$66
instanceKlass org/springframework/util/ReflectionUtils$MethodFilter
instanceKlass java/lang/invoke/LambdaForm$DMH
instanceKlass java/lang/invoke/LambdaForm$DMH
instanceKlass org/springframework/util/ReflectionUtils
instanceKlass org/springframework/beans/BeanUtils
instanceKlass org/springframework/boot/devtools/restart/RestartScopeInitializer
instanceKlass org/springframework/util/ConcurrentReferenceHashMap$Entry
instanceKlass java/lang/invoke/LambdaForm$MH
instanceKlass java/lang/invoke/LambdaForm$DMH
instanceKlass java/lang/invoke/LambdaForm$DMH
instanceKlass org/springframework/util/ConcurrentReferenceHashMap$Segment$$Lambda$65
instanceKlass org/springframework/util/ConcurrentReferenceHashMap$Entries
instanceKlass java/lang/invoke/LambdaForm$DMH
instanceKlass org/springframework/util/ConcurrentReferenceHashMap$Task
instanceKlass java/util/zip/ZipFile$ZipEntryIterator
instanceKlass java/util/jar/JarFile$JarEntryIterator
instanceKlass org/springframework/util/LinkedMultiValueMap$$Lambda$64
instanceKlass org/springframework/util/ResourceUtils
instanceKlass sun/net/www/protocol/jar/JarFileFactory
instanceKlass sun/net/www/protocol/jar/URLJarFile$URLJarFileCloseController
instanceKlass org/springframework/core/io/support/PropertiesLoaderUtils
instanceKlass org/springframework/util/CollectionUtils
instanceKlass org/springframework/util/StringUtils
instanceKlass org/springframework/core/io/AbstractResource
instanceKlass org/springframework/core/io/Resource
instanceKlass org/springframework/core/io/InputStreamSource
instanceKlass org/springframework/util/LinkedMultiValueMap
instanceKlass org/springframework/util/MultiValueMap
instanceKlass org/springframework/core/io/support/SpringFactoriesLoader
instanceKlass org/springframework/context/ApplicationContextInitializer
instanceKlass org/springframework/web/context/ConfigurableWebApplicationContext
instanceKlass org/springframework/context/ConfigurableApplicationContext
instanceKlass org/springframework/context/Lifecycle
instanceKlass org/springframework/web/context/WebApplicationContext
instanceKlass org/springframework/context/ApplicationContext
instanceKlass org/springframework/core/io/support/ResourcePatternResolver
instanceKlass org/springframework/core/io/ResourceLoader
instanceKlass org/springframework/context/ApplicationEventPublisher
instanceKlass org/springframework/context/MessageSource
instanceKlass org/springframework/beans/factory/HierarchicalBeanFactory
instanceKlass org/springframework/beans/factory/ListableBeanFactory
instanceKlass org/springframework/beans/factory/BeanFactory
instanceKlass org/springframework/core/env/EnvironmentCapable
instanceKlass javax/servlet/Servlet
instanceKlass java/util/Optional
instanceKlass java/util/IdentityHashMap$EntryIterator$Entry
instanceKlass java/util/IdentityHashMap$IdentityHashMapIterator
instanceKlass org/springframework/util/ConcurrentReferenceHashMap$Reference
instanceKlass org/springframework/util/ConcurrentReferenceHashMap$ReferenceManager
instanceKlass org/springframework/util/ClassUtils
instanceKlass org/springframework/util/Assert
instanceKlass org/apache/commons/logging/LogAdapter$Slf4jLog
instanceKlass org/apache/commons/logging/Log
instanceKlass ch/qos/logback/classic/util/LoggerNameUtil
instanceKlass ch/qos/logback/classic/selector/DefaultContextSelector
instanceKlass ch/qos/logback/classic/selector/ContextSelector
instanceKlass ch/qos/logback/core/util/StatusPrinter
instanceKlass ch/qos/logback/core/status/StatusUtil
instanceKlass ch/qos/logback/core/spi/AppenderAttachableImpl
instanceKlass ch/qos/logback/core/util/EnvUtil
instanceKlass ch/qos/logback/core/pattern/Converter
instanceKlass java/text/DigitList
instanceKlass java/text/FieldPosition
instanceKlass java/util/Currency$CurrencyNameGetter
instanceKlass java/util/Currency$1
instanceKlass java/util/Currency
instanceKlass java/text/DecimalFormatSymbols
instanceKlass java/util/concurrent/atomic/AtomicMarkableReference$Pair
instanceKlass java/util/concurrent/atomic/AtomicMarkableReference
instanceKlass java/text/DateFormatSymbols
instanceKlass sun/util/calendar/CalendarUtils
instanceKlass sun/util/calendar/CalendarDate
instanceKlass sun/util/locale/LanguageTag
instanceKlass java/util/ResourceBundle$CacheKeyReference
instanceKlass java/util/ResourceBundle$CacheKey
instanceKlass java/util/ResourceBundle$RBClassLoader$1
instanceKlass java/util/spi/ResourceBundleControlProvider
instanceKlass java/util/ResourceBundle
instanceKlass java/util/ResourceBundle$Control
instanceKlass sun/util/resources/LocaleData$1
instanceKlass sun/util/resources/LocaleData
instanceKlass sun/util/locale/provider/LocaleResources
instanceKlass sun/util/locale/provider/CalendarDataUtility$CalendarWeekParameterGetter
instanceKlass sun/util/locale/provider/LocaleServiceProviderPool$LocalizedObjectGetter
instanceKlass sun/util/locale/provider/SPILocaleProviderAdapter$1
instanceKlass sun/util/locale/provider/LocaleServiceProviderPool
instanceKlass sun/util/locale/provider/CalendarDataUtility
instanceKlass java/util/Calendar$Builder
instanceKlass sun/util/locale/provider/JRELocaleProviderAdapter$1
instanceKlass sun/util/locale/provider/LocaleDataMetaInfo
instanceKlass sun/util/locale/provider/AvailableLanguageTags
instanceKlass sun/util/locale/provider/LocaleProviderAdapter$1
instanceKlass sun/util/locale/provider/ResourceBundleBasedAdapter
instanceKlass sun/util/locale/provider/LocaleProviderAdapter
instanceKlass java/util/spi/LocaleServiceProvider
instanceKlass java/util/Calendar
instanceKlass java/util/TimeZone$1
instanceKlass sun/util/calendar/ZoneInfoFile$ZoneOffsetTransitionRule
instanceKlass sun/util/calendar/ZoneInfoFile$1
instanceKlass sun/util/calendar/ZoneInfoFile
instanceKlass java/util/TimeZone
instanceKlass java/util/Locale$1
instanceKlass java/text/AttributedCharacterIterator$Attribute
instanceKlass java/text/Format
instanceKlass ch/qos/logback/core/util/CachingDateFormatter
instanceKlass ch/qos/logback/core/Layout
instanceKlass ch/qos/logback/core/encoder/Encoder
instanceKlass ch/qos/logback/core/util/COWArrayList
instanceKlass ch/qos/logback/core/spi/FilterAttachableImpl
instanceKlass ch/qos/logback/core/Appender
instanceKlass ch/qos/logback/core/spi/FilterAttachable
instanceKlass ch/qos/logback/core/spi/ContextAwareBase
instanceKlass ch/qos/logback/classic/util/EnvUtil
instanceKlass ch/qos/logback/classic/spi/Configurator
instanceKlass ch/qos/logback/core/spi/ContextAware
instanceKlass ch/qos/logback/core/status/StatusBase
instanceKlass ch/qos/logback/core/status/Status
instanceKlass java/util/Collections$3
instanceKlass java/security/PermissionsEnumerator
instanceKlass sun/security/provider/PolicyFile$7
instanceKlass sun/security/provider/PolicyFile$5
instanceKlass sun/security/provider/PolicyFile$PolicyEntry
instanceKlass java/util/Vector$1
instanceKlass sun/security/provider/PolicyParser$PermissionEntry
instanceKlass sun/security/provider/PolicyParser$GrantEntry
instanceKlass java/io/StreamTokenizer
instanceKlass sun/security/util/PolicyUtil
instanceKlass sun/security/provider/PolicyParser
instanceKlass sun/security/util/PropertyExpander
instanceKlass sun/security/provider/PolicyFile$3
instanceKlass java/security/ProtectionDomain$2$1
instanceKlass sun/misc/JavaSecurityProtectionDomainAccess$ProtectionDomainCache
instanceKlass sun/security/provider/PolicyFile$PolicyInfo
instanceKlass sun/security/provider/PolicyFile$1
instanceKlass java/security/Policy$1
instanceKlass java/security/Policy$PolicyInfo
instanceKlass java/security/Policy
instanceKlass ch/qos/logback/core/util/Loader$1
instanceKlass ch/qos/logback/core/util/Loader
instanceKlass ch/qos/logback/core/util/OptionHelper
instanceKlass ch/qos/logback/core/util/StatusListenerConfigHelper
instanceKlass ch/qos/logback/classic/util/ContextInitializer
instanceKlass ch/qos/logback/classic/util/ContextSelectorStaticBinder
instanceKlass ch/qos/logback/classic/Level
instanceKlass ch/qos/logback/classic/Logger
instanceKlass ch/qos/logback/core/spi/AppenderAttachable
instanceKlass ch/qos/logback/classic/spi/LoggerContextVO
instanceKlass ch/qos/logback/core/spi/LogbackLock
instanceKlass ch/qos/logback/core/helpers/CyclicBuffer
instanceKlass ch/qos/logback/core/BasicStatusManager
instanceKlass ch/qos/logback/core/status/StatusManager
instanceKlass ch/qos/logback/core/ContextBase
instanceKlass ch/qos/logback/core/Context
instanceKlass ch/qos/logback/core/spi/PropertyContainer
instanceKlass ch/qos/logback/core/spi/LifeCycle
instanceKlass org/slf4j/impl/StaticLoggerBinder
instanceKlass org/slf4j/spi/LoggerFactoryBinder
instanceKlass org/slf4j/helpers/Util
instanceKlass org/slf4j/helpers/NOPLoggerFactory
instanceKlass org/slf4j/helpers/SubstituteLoggerFactory
instanceKlass org/slf4j/ILoggerFactory
instanceKlass org/slf4j/LoggerFactory
instanceKlass org/apache/commons/logging/LogAdapter$Slf4jAdapter
instanceKlass org/apache/commons/logging/LogAdapter$1
instanceKlass org/slf4j/spi/LocationAwareLogger
instanceKlass org/slf4j/Logger
instanceKlass org/apache/logging/log4j/spi/Provider
instanceKlass org/apache/logging/log4j/spi/ExtendedLogger
instanceKlass org/apache/logging/log4j/Logger
instanceKlass org/apache/commons/logging/LogAdapter
instanceKlass org/apache/commons/logging/LogFactory
instanceKlass org/springframework/boot/SpringApplication
instanceKlass com/sun/javafx/application/PlatformImpl$$Lambda$63
instanceKlass javafx/application/Application$Parameters
instanceKlass java/lang/invoke/LambdaForm$MH
instanceKlass com/sun/javafx/application/LauncherImpl$$Lambda$62
instanceKlass java/lang/invoke/LambdaForm$DMH
instanceKlass com/sun/javafx/application/LauncherImpl$1
instanceKlass com/sun/javafx/application/PlatformImpl$FinishListener
instanceKlass java/lang/invoke/LambdaForm$MH
instanceKlass com/sun/javafx/application/LauncherImpl$$Lambda$61
instanceKlass java/lang/invoke/LambdaForm$DMH
instanceKlass com/sun/javafx/application/LauncherImpl$$Lambda$60
instanceKlass javafx/stage/Window
instanceKlass javafx/event/EventTarget
instanceKlass com/sun/javafx/application/PlatformImpl$$Lambda$59
instanceKlass com/sun/scenario/animation/AbstractMasterTimer$MainLoop
instanceKlass com/sun/scenario/DelayedRunnable
instanceKlass com/sun/scenario/animation/shared/TimerReceiver
instanceKlass com/sun/scenario/animation/shared/PulseReceiver
instanceKlass com/sun/javafx/animation/TickCalculation
instanceKlass com/sun/glass/ui/InvokeLaterDispatcher$Future
instanceKlass com/sun/scenario/animation/AbstractMasterTimer$$Lambda$58
instanceKlass java/util/concurrent/LinkedBlockingDeque$Node
instanceKlass javafx/util/Callback
instanceKlass com/sun/javafx/application/PlatformImpl$$Lambda$57
instanceKlass java/lang/invoke/LambdaForm$DMH
instanceKlass com/sun/javafx/application/PlatformImpl$$Lambda$56
instanceKlass java/lang/invoke/LambdaForm$MH
instanceKlass com/sun/scenario/Settings
instanceKlass com/sun/javafx/application/LauncherImpl$$Lambda$55
instanceKlass com/sun/scenario/animation/AbstractMasterTimer
instanceKlass java/lang/invoke/LambdaForm$DMH
instanceKlass javafx/collections/ListChangeBuilder$SubChange
instanceKlass javafx/geometry/Rectangle2D
instanceKlass com/sun/glass/ui/Screen$EventHandler
instanceKlass javafx/stage/Screen$$Lambda$54
instanceKlass com/sun/javafx/tk/TKScreenConfigurationListener
instanceKlass java/lang/invoke/LambdaForm$DMH
instanceKlass com/sun/javafx/stage/ScreenHelper
instanceKlass javafx/stage/Screen$1
instanceKlass com/sun/javafx/stage/ScreenHelper$ScreenAccessor
instanceKlass com/sun/javafx/binding/ExpressionHelperBase
instanceKlass javafx/collections/WeakListChangeListener
instanceKlass javafx/beans/WeakListener
instanceKlass javafx/collections/FXCollections$UnmodifiableObservableListImpl$$Lambda$53
instanceKlass javafx/collections/ListChangeListener
instanceKlass javafx/collections/ListChangeListener$Change
instanceKlass javafx/collections/ListChangeBuilder
instanceKlass com/sun/javafx/collections/SortableList
instanceKlass javafx/collections/ObservableSet
instanceKlass javafx/collections/FXCollections$EmptyObservableList$1
instanceKlass javafx/collections/ObservableList
instanceKlass javafx/collections/ObservableMap
instanceKlass javafx/collections/FXCollections
instanceKlass javafx/stage/Screen
instanceKlass com/sun/glass/ui/Application$EventHandler
instanceKlass com/sun/glass/ui/Timer
instanceKlass com/sun/javafx/tk/quantum/QuantumToolkit$$Lambda$52
instanceKlass com/sun/javafx/tk/quantum/QuantumToolkit$$Lambda$51
instanceKlass com/sun/prism/Texture
instanceKlass com/sun/prism/impl/ps/BaseShaderContext$State
instanceKlass com/sun/prism/es2/GLContext
instanceKlass com/sun/prism/es2/GLDrawable
instanceKlass com/sun/javafx/geom/Vec3d
instanceKlass com/sun/prism/ps/Shader
instanceKlass com/sun/prism/impl/VertexBuffer
instanceKlass com/sun/javafx/geom/transform/BaseTransform
instanceKlass com/sun/javafx/geom/transform/GeneralTransform3D
instanceKlass com/sun/javafx/geom/transform/CanTransformVec3d
instanceKlass com/sun/prism/impl/BaseContext
instanceKlass java/util/concurrent/Executors$RunnableAdapter
instanceKlass java/util/concurrent/FutureTask$WaitNode
instanceKlass java/util/concurrent/Callable
instanceKlass com/sun/javafx/tk/quantum/QuantumRenderer$$Lambda$50
instanceKlass java/lang/invoke/LambdaForm$DMH
instanceKlass com/sun/javafx/tk/quantum/QuantumRenderer$$Lambda$49
instanceKlass java/util/concurrent/FutureTask
instanceKlass com/sun/glass/ui/gtk/GtkApplication$$Lambda$48
instanceKlass com/sun/glass/ui/gtk/GtkApplication$$Lambda$47
instanceKlass java/lang/invoke/LambdaForm$DMH
instanceKlass java/lang/invoke/LambdaForm$MH
instanceKlass java/lang/invoke/LambdaForm$DMH
instanceKlass java/lang/invoke/LambdaForm$DMH
instanceKlass com/sun/glass/ui/gtk/GtkApplication$$Lambda$46
instanceKlass java/lang/invoke/LambdaForm$DMH
instanceKlass com/sun/glass/ui/gtk/GtkApplication$$Lambda$45
instanceKlass com/sun/glass/ui/gtk/GtkApplication$$Lambda$44
instanceKlass com/sun/glass/ui/Application$$Lambda$43
instanceKlass java/util/concurrent/BlockingDeque
instanceKlass com/sun/glass/ui/gtk/GtkApplication$$Lambda$42
instanceKlass com/sun/glass/ui/Size
instanceKlass com/sun/glass/ui/Cursor
instanceKlass com/sun/glass/ui/gtk/GtkClipboardDelegate
instanceKlass com/sun/glass/ui/delegate/ClipboardDelegate
instanceKlass com/sun/glass/ui/Clipboard
instanceKlass com/sun/glass/ui/Window
instanceKlass java/util/regex/ASCII
instanceKlass java/util/regex/Matcher
instanceKlass java/util/regex/MatchResult
instanceKlass java/util/regex/Pattern$TreeInfo
instanceKlass java/util/regex/Pattern$Node
instanceKlass java/util/regex/Pattern
instanceKlass com/sun/glass/ui/View$$Lambda$41
instanceKlass com/sun/glass/ui/View
instanceKlass com/sun/glass/ui/Screen$$Lambda$40
instanceKlass com/sun/glass/ui/Pixels
instanceKlass java/lang/invoke/LambdaForm$MH
instanceKlass java/lang/invoke/LambdaForm$DMH
instanceKlass com/sun/glass/ui/gtk/GtkApplication$$Lambda$39
instanceKlass java/lang/invoke/LambdaForm$DMH
instanceKlass com/sun/glass/ui/gtk/GtkApplication$$Lambda$38
instanceKlass com/sun/glass/ui/gtk/GtkApplication$$Lambda$37
instanceKlass com/sun/glass/ui/gtk/GtkApplication$$Lambda$36
instanceKlass com/sun/glass/ui/gtk/GtkApplication$$Lambda$35
instanceKlass com/sun/glass/ui/InvokeLaterDispatcher$InvokeLaterSubmitter
instanceKlass com/sun/glass/ui/Platform$$Lambda$34
instanceKlass com/sun/glass/ui/Platform
instanceKlass com/sun/glass/ui/PlatformFactory
instanceKlass com/sun/javafx/tk/quantum/QuantumToolkit$$Lambda$33
instanceKlass java/lang/invoke/LambdaForm$DMH
instanceKlass com/sun/javafx/application/PlatformImpl$$Lambda$32
instanceKlass com/sun/javafx/tk/quantum/QuantumToolkit$$Lambda$31
instanceKlass com/sun/javafx/tk/quantum/PaintCollector$$Lambda$30
instanceKlass java/lang/invoke/LambdaForm$DMH
instanceKlass java/lang/invoke/LambdaForm$DMH
instanceKlass com/sun/javafx/tk/quantum/GlassScene
instanceKlass com/sun/javafx/tk/TKScene
instanceKlass com/sun/javafx/tk/quantum/PaintCollector
instanceKlass com/sun/javafx/tk/CompletionListener
instanceKlass com/sun/glass/ui/Application$$Lambda$29
instanceKlass com/sun/glass/ui/Application
instanceKlass com/sun/glass/ui/View$Capability
instanceKlass com/sun/glass/ui/Screen
instanceKlass com/sun/prism/impl/BaseResourceFactory
instanceKlass com/sun/prism/ps/ShaderFactory
instanceKlass com/sun/prism/ResourceFactory
instanceKlass com/sun/prism/GraphicsResource
instanceKlass com/sun/prism/es2/GLGPUInfo
instanceKlass com/sun/prism/es2/GLFactory$FactoryLoader
instanceKlass com/sun/prism/es2/GLFactory
instanceKlass com/sun/glass/utils/NativeLibLoader$$Lambda$28
instanceKlass com/sun/glass/utils/NativeLibLoader
instanceKlass com/sun/prism/es2/ES2Pipeline$$Lambda$27
instanceKlass com/sun/prism/es2/GLPixelFormat$$Lambda$26
instanceKlass com/sun/prism/es2/GLPixelFormat
instanceKlass com/sun/prism/es2/GLPixelFormat$Attributes
instanceKlass com/sun/prism/GraphicsPipeline
instanceKlass java/util/concurrent/locks/LockSupport
instanceKlass com/sun/javafx/tk/quantum/QuantumRenderer$QuantumThreadFactory$$Lambda$25
instanceKlass java/lang/invoke/LambdaForm$MH
instanceKlass com/sun/javafx/tk/quantum/QuantumRenderer$QuantumThreadFactory$$Lambda$24
instanceKlass com/sun/javafx/tk/quantum/QuantumRenderer$PipelineRunnable
instanceKlass com/sun/javafx/tk/quantum/QuantumRenderer$QuantumThreadFactory
instanceKlass java/util/concurrent/Executors$DefaultThreadFactory
instanceKlass java/util/concurrent/Executors
instanceKlass java/util/concurrent/LinkedBlockingQueue$Node
instanceKlass java/util/concurrent/atomic/AtomicReference
instanceKlass com/sun/javafx/tk/quantum/QuantumRenderer$$Lambda$23
instanceKlass com/sun/javafx/tk/quantum/GlassSystemMenu$$Lambda$22
instanceKlass javafx/beans/InvalidationListener
instanceKlass java/lang/invoke/LambdaForm$DMH
instanceKlass com/sun/javafx/tk/quantum/GlassSystemMenu
instanceKlass com/sun/javafx/tk/TKSystemMenu
instanceKlass com/sun/javafx/util/Utils
instanceKlass com/sun/prism/impl/PrismSettings$$Lambda$21
instanceKlass com/sun/prism/impl/PrismSettings
instanceKlass com/sun/javafx/tk/quantum/PerformanceTrackerHelper$1
instanceKlass com/sun/javafx/tk/quantum/PerformanceTrackerHelper
instanceKlass com/sun/javafx/perf/PerformanceTracker
instanceKlass com/sun/javafx/tk/quantum/QuantumToolkit$PulseTask
instanceKlass com/sun/prism/BasicStroke
instanceKlass com/sun/javafx/tk/quantum/QuantumToolkit$3
instanceKlass com/sun/javafx/tk/ScreenConfigurationAccessor
instanceKlass com/sun/javafx/tk/quantum/QuantumToolkit$$Lambda$20
instanceKlass com/sun/javafx/tk/quantum/QuantumToolkit$$Lambda$19
instanceKlass com/sun/javafx/tk/quantum/QuantumToolkit$$Lambda$18
instanceKlass com/sun/javafx/tk/quantum/QuantumToolkit$$Lambda$17
instanceKlass com/sun/javafx/tk/quantum/QuantumToolkit$$Lambda$16
instanceKlass com/sun/javafx/tk/quantum/QuantumToolkit$$Lambda$15
instanceKlass com/sun/javafx/tk/quantum/QuantumToolkit$$Lambda$14
instanceKlass com/sun/javafx/tk/quantum/QuantumToolkit$$Lambda$13
instanceKlass com/sun/javafx/tk/quantum/QuantumToolkit$$Lambda$12
instanceKlass com/sun/javafx/runtime/VersionInfo
instanceKlass com/sun/javafx/tk/Toolkit$$Lambda$11
instanceKlass com/sun/javafx/PlatformUtil$$Lambda$10
instanceKlass com/sun/javafx/PlatformUtil$$Lambda$9
instanceKlass com/sun/javafx/PlatformUtil$$Lambda$8
instanceKlass com/sun/javafx/PlatformUtil$$Lambda$7
instanceKlass com/sun/javafx/PlatformUtil
instanceKlass com/sun/javafx/tk/Toolkit$$Lambda$6
instanceKlass com/sun/javafx/tk/Toolkit
instanceKlass com/sun/javafx/application/PlatformImpl$1
instanceKlass com/sun/javafx/tk/TKListener
instanceKlass com/sun/javafx/application/PlatformImpl$$Lambda$5
instanceKlass javafx/beans/binding/BooleanExpression
instanceKlass javafx/beans/value/ObservableBooleanValue
instanceKlass javafx/beans/value/WritableBooleanValue
instanceKlass javafx/beans/property/Property
instanceKlass javafx/beans/value/WritableValue
instanceKlass javafx/beans/property/ReadOnlyProperty
instanceKlass javafx/beans/value/ObservableValue
instanceKlass javafx/beans/Observable
instanceKlass com/sun/javafx/application/PlatformImpl
instanceKlass java/lang/invoke/LambdaForm$MH
instanceKlass com/sun/javafx/application/LauncherImpl$$Lambda$4
instanceKlass java/util/concurrent/CountDownLatch
instanceKlass java/net/URLClassLoader$2
instanceKlass com/sun/javafx/runtime/SystemProperties$$Lambda$3
instanceKlass com/sun/javafx/runtime/SystemProperties
instanceKlass java/util/concurrent/atomic/AtomicBoolean
instanceKlass javafx/application/Preloader$PreloaderNotification
instanceKlass com/sun/javafx/application/LauncherImpl
instanceKlass sun/launcher/LauncherHelper$FXHelper
instanceKlass javafx/application/Application
instanceKlass sun/misc/PostVMInitHook$1
instanceKlass sun/misc/PostVMInitHook
instanceKlass sun/management/counter/Units
instanceKlass sun/management/ConnectorAddressLink
instanceKlass java/io/SerialCallbackContext
instanceKlass java/io/ObjectStreamClass$ClassDataSlot
instanceKlass java/io/ObjectStreamClass$FieldReflector
instanceKlass java/io/ObjectInput
instanceKlass java/io/DataInput
instanceKlass sun/reflect/ClassDefiner$1
instanceKlass sun/reflect/ClassDefiner
instanceKlass sun/reflect/MethodAccessorGenerator$1
instanceKlass sun/reflect/Label$PatchInfo
instanceKlass sun/reflect/Label
instanceKlass sun/reflect/UTF8
instanceKlass sun/reflect/ClassFileAssembler
instanceKlass sun/reflect/ByteVectorImpl
instanceKlass sun/reflect/ByteVector
instanceKlass sun/reflect/ByteVectorFactory
instanceKlass sun/reflect/AccessorGenerator
instanceKlass sun/reflect/ClassFileConstants
instanceKlass java/io/ObjectStreamClass$3
instanceKlass java/lang/reflect/WeakCache$LookupValue
instanceKlass java/io/ObjectStreamClass$EntryFuture
instanceKlass java/io/ObjectStreamClass$Caches
instanceKlass java/io/ObjectStreamClass$1
instanceKlass java/io/ObjectStreamClass
instanceKlass java/io/Bits
instanceKlass java/io/ObjectOutputStream$ReplaceTable
instanceKlass java/io/ObjectOutputStream$HandleTable
instanceKlass java/io/ObjectStreamConstants
instanceKlass java/io/ObjectOutput
instanceKlass org/omg/CORBA/portable/ObjectImpl
instanceKlass org/omg/CORBA/Object
instanceKlass javax/management/remote/rmi/RMIConnector$2
instanceKlass com/sun/jmx/remote/protocol/iiop/IIOPProxyImpl
instanceKlass com/sun/jmx/remote/internal/IIOPProxy
instanceKlass com/sun/jmx/remote/internal/IIOPHelper$1
instanceKlass com/sun/jmx/remote/internal/IIOPHelper
instanceKlass com/sun/jmx/remote/internal/ProxyRef
instanceKlass javax/management/remote/NotificationResult
instanceKlass javax/security/auth/Subject
instanceKlass java/rmi/MarshalledObject
instanceKlass javax/management/remote/rmi/RMIConnector$1
instanceKlass javax/management/remote/rmi/RMIConnector
instanceKlass javax/management/remote/JMXConnector
instanceKlass sun/rmi/server/UnicastServerRef$HashToMethod_Maps$1
instanceKlass sun/rmi/server/WeakClassHashMap$ValueCell
instanceKlass sun/rmi/transport/tcp/TCPTransport$AcceptLoop
instanceKlass sun/rmi/runtime/NewThreadAction$2
instanceKlass sun/rmi/runtime/NewThreadAction$1
instanceKlass sun/rmi/runtime/NewThreadAction
instanceKlass java/net/ServerSocket
instanceKlass sun/rmi/transport/ObjectEndpoint
instanceKlass sun/rmi/transport/DGCImpl$2$1
instanceKlass sun/rmi/transport/DGCImpl_Skel
instanceKlass java/rmi/server/Skeleton
instanceKlass java/rmi/server/Operation
instanceKlass sun/rmi/transport/DGCImpl$2$$Lambda$2
instanceKlass sun/misc/ObjectInputFilter$FilterInfo
instanceKlass sun/rmi/transport/DGCImpl$2
instanceKlass java/lang/invoke/LambdaForm$MH
instanceKlass java/lang/invoke/LambdaForm$MH
instanceKlass java/lang/invoke/InnerClassLambdaMetafactory$1
instanceKlass sun/rmi/transport/DGCImpl$$Lambda$1
instanceKlass java/lang/invoke/InfoFromMemberName
instanceKlass java/lang/invoke/MethodHandleInfo
instanceKlass sun/security/util/SecurityConstants
instanceKlass java/security/AccessController$1
instanceKlass java/lang/invoke/AbstractValidatingLambdaMetafactory
instanceKlass java/lang/invoke/LambdaForm$BMH
instanceKlass java/lang/invoke/LambdaForm$BMH
instanceKlass java/lang/invoke/LambdaForm$BMH
instanceKlass java/lang/invoke/LambdaForm$BMH
instanceKlass jdk/internal/org/objectweb/asm/FieldVisitor
instanceKlass java/lang/invoke/BoundMethodHandle$Factory$1
instanceKlass java/lang/invoke/BoundMethodHandle$SpeciesData$1
instanceKlass java/lang/invoke/LambdaForm$BMH
instanceKlass java/lang/invoke/LambdaForm$MH
instanceKlass java/lang/invoke/LambdaForm$BMH
instanceKlass java/lang/invoke/LambdaForm$MH
instanceKlass java/lang/invoke/LambdaForm$DMH
instanceKlass java/lang/invoke/LambdaForm$DMH
instanceKlass java/lang/invoke/LambdaForm$BMH
instanceKlass java/lang/invoke/LambdaForm$BMH
instanceKlass java/lang/invoke/LambdaForm$MH
instanceKlass java/lang/invoke/LambdaFormBuffer
instanceKlass java/lang/invoke/LambdaFormEditor
instanceKlass java/lang/invoke/LambdaForm$BMH
instanceKlass java/lang/invoke/LambdaForm$DMH
instanceKlass java/lang/invoke/LambdaForm$DMH
instanceKlass java/lang/invoke/LambdaForm$DMH
instanceKlass java/lang/invoke/LambdaForm$DMH
instanceKlass java/lang/invoke/LambdaForm$MH
instanceKlass java/lang/invoke/LambdaForm$DMH
instanceKlass java/lang/invoke/LambdaForm$DMH
instanceKlass java/lang/invoke/LambdaForm$MH
instanceKlass java/lang/invoke/LambdaForm$DMH
instanceKlass java/lang/invoke/LambdaForm$DMH
instanceKlass java/lang/invoke/LambdaForm$MH
instanceKlass java/lang/invoke/LambdaForm$DMH
instanceKlass java/lang/invoke/LambdaForm$DMH
instanceKlass java/lang/invoke/LambdaForm$MH
instanceKlass java/lang/invoke/LambdaForm$DMH
instanceKlass java/lang/invoke/LambdaForm$DMH
instanceKlass java/lang/invoke/LambdaForm$MH
instanceKlass java/lang/invoke/LambdaForm$DMH
instanceKlass java/lang/invoke/LambdaForm$MH
instanceKlass java/lang/invoke/LambdaForm$DMH
instanceKlass java/lang/invoke/LambdaForm$DMH
instanceKlass java/lang/invoke/LambdaForm$MH
instanceKlass java/lang/invoke/LambdaForm$DMH
instanceKlass java/lang/invoke/LambdaForm$DMH
instanceKlass java/lang/invoke/LambdaForm$MH
instanceKlass java/lang/invoke/LambdaForm$DMH
instanceKlass java/lang/invoke/LambdaForm$MH
instanceKlass java/lang/invoke/LambdaForm$DMH
instanceKlass java/lang/invoke/LambdaForm$MH
instanceKlass java/lang/invoke/LambdaForm$DMH
instanceKlass java/lang/invoke/MethodHandleImpl$Lazy
instanceKlass java/lang/invoke/LambdaForm$BMH
instanceKlass java/lang/invoke/LambdaForm$MH
instanceKlass java/lang/invoke/LambdaForm$DMH
instanceKlass java/lang/invoke/LambdaForm$DMH
instanceKlass java/lang/invoke/LambdaForm$DMH
instanceKlass java/lang/invoke/LambdaForm$DMH
instanceKlass java/lang/invoke/LambdaForm$DMH
instanceKlass sun/misc/ObjectInputFilter
instanceKlass java/lang/invoke/LambdaForm$DMH
instanceKlass java/util/SubList$1
instanceKlass java/lang/invoke/LambdaForm$MH
instanceKlass java/lang/invoke/LambdaForm$MH
instanceKlass java/lang/invoke/LambdaForm$MH
instanceKlass java/lang/invoke/LambdaForm$MH
instanceKlass java/lang/invoke/LambdaForm$MH
instanceKlass java/lang/invoke/LambdaForm$MH
instanceKlass java/lang/invoke/LambdaForm$MH
instanceKlass java/lang/invoke/LambdaForm$MH
instanceKlass java/lang/invoke/LambdaForm$MH
instanceKlass java/lang/invoke/LambdaForm$MH
instanceKlass java/lang/invoke/LambdaForm$MH
instanceKlass java/lang/invoke/LambdaForm$MH
instanceKlass java/lang/invoke/InvokerBytecodeGenerator$CpPatch
instanceKlass java/lang/invoke/LambdaForm$DMH
instanceKlass java/lang/invoke/LambdaForm$DMH
instanceKlass java/lang/invoke/LambdaForm$DMH
instanceKlass java/lang/invoke/LambdaForm$DMH
instanceKlass java/lang/invoke/LambdaForm$DMH
instanceKlass java/lang/invoke/LambdaForm$DMH
instanceKlass sun/invoke/empty/Empty
instanceKlass sun/invoke/util/VerifyType
instanceKlass java/lang/invoke/InvokerBytecodeGenerator$2
instanceKlass jdk/internal/org/objectweb/asm/AnnotationVisitor
instanceKlass jdk/internal/org/objectweb/asm/Frame
instanceKlass jdk/internal/org/objectweb/asm/Label
instanceKlass jdk/internal/org/objectweb/asm/Type
instanceKlass jdk/internal/org/objectweb/asm/MethodVisitor
instanceKlass jdk/internal/org/objectweb/asm/Item
instanceKlass jdk/internal/org/objectweb/asm/ByteVector
instanceKlass jdk/internal/org/objectweb/asm/ClassVisitor
instanceKlass java/lang/invoke/InvokerBytecodeGenerator
instanceKlass java/lang/invoke/DirectMethodHandle$Lazy
instanceKlass sun/invoke/util/BytecodeDescriptor
instanceKlass java/lang/invoke/BoundMethodHandle$Factory
instanceKlass java/lang/invoke/BoundMethodHandle$SpeciesData
instanceKlass java/lang/invoke/LambdaForm$NamedFunction
instanceKlass java/lang/invoke/LambdaForm$Name
instanceKlass sun/invoke/util/ValueConversions
instanceKlass sun/invoke/util/VerifyAccess
instanceKlass java/lang/Long$LongCache
instanceKlass java/lang/Character$CharacterCache
instanceKlass java/lang/Short$ShortCache
instanceKlass java/lang/Byte$ByteCache
instanceKlass sun/invoke/util/Wrapper$Format
instanceKlass java/lang/invoke/MethodHandles
instanceKlass java/lang/invoke/Invokers
instanceKlass java/lang/invoke/MethodTypeForm
instanceKlass java/lang/invoke/MethodType$ConcurrentWeakInternSet
instanceKlass java/lang/invoke/MethodHandles$Lookup
instanceKlass java/lang/invoke/LambdaMetafactory
instanceKlass java/util/concurrent/RunnableScheduledFuture
instanceKlass java/util/concurrent/ScheduledFuture
instanceKlass java/util/concurrent/Delayed
instanceKlass java/util/concurrent/RunnableFuture
instanceKlass java/util/concurrent/Future
instanceKlass sun/rmi/runtime/RuntimeUtil$1
instanceKlass java/util/concurrent/ScheduledExecutorService
instanceKlass sun/rmi/runtime/RuntimeUtil
instanceKlass sun/rmi/runtime/RuntimeUtil$GetInstanceAction
instanceKlass sun/rmi/transport/DGCImpl
instanceKlass java/rmi/dgc/DGC
instanceKlass sun/rmi/transport/ObjectTable
instanceKlass sun/rmi/transport/Target
instanceKlass sun/rmi/server/Util$1
instanceKlass java/rmi/server/RemoteObjectInvocationHandler$1
instanceKlass java/rmi/server/RemoteObject
instanceKlass javax/management/remote/rmi/RMIConnection
instanceKlass java/rmi/server/RMISocketFactory
instanceKlass java/rmi/server/RMIClientSocketFactory
instanceKlass java/util/concurrent/locks/AbstractQueuedSynchronizer$ConditionObject
instanceKlass java/util/concurrent/locks/Condition
instanceKlass sun/rmi/transport/tcp/TCPTransport$1
instanceKlass java/util/concurrent/ThreadFactory
instanceKlass java/util/concurrent/SynchronousQueue$TransferStack$SNode
instanceKlass java/util/concurrent/SynchronousQueue$Transferer
instanceKlass java/util/concurrent/BlockingQueue
instanceKlass java/util/concurrent/ThreadPoolExecutor$AbortPolicy
instanceKlass java/util/concurrent/RejectedExecutionHandler
instanceKlass java/util/concurrent/AbstractExecutorService
instanceKlass java/util/concurrent/ExecutorService
instanceKlass sun/security/action/GetLongAction
instanceKlass sun/security/action/GetIntegerAction
instanceKlass sun/rmi/transport/Transport
instanceKlass sun/rmi/transport/tcp/TCPEndpoint
instanceKlass sun/rmi/transport/Endpoint
instanceKlass sun/security/provider/ByteArrayAccess
instanceKlass java/security/MessageDigestSpi
instanceKlass sun/security/jca/GetInstance$Instance
instanceKlass sun/security/jca/GetInstance
instanceKlass java/security/Provider$UString
instanceKlass java/security/Provider$Service
instanceKlass sun/security/provider/NativePRNG$RandomIO
instanceKlass sun/security/provider/NativePRNG$2
instanceKlass sun/security/provider/NativePRNG$1
instanceKlass java/security/SecureRandomSpi
instanceKlass sun/security/provider/SunEntries$1
instanceKlass sun/security/provider/SunEntries
instanceKlass sun/security/jca/ProviderConfig$2
instanceKlass sun/security/jca/ProviderList$2
instanceKlass sun/misc/FDBigInteger
instanceKlass sun/misc/FloatingDecimal$PreparedASCIIToBinaryBuffer
instanceKlass sun/misc/FloatingDecimal$ASCIIToBinaryConverter
instanceKlass sun/misc/FloatingDecimal$BinaryToASCIIBuffer
instanceKlass sun/misc/FloatingDecimal$ExceptionalBinaryToASCIIBuffer
instanceKlass sun/misc/FloatingDecimal$BinaryToASCIIConverter
instanceKlass sun/misc/FloatingDecimal
instanceKlass java/security/Provider$EngineDescription
instanceKlass java/security/Provider$ServiceKey
instanceKlass sun/security/jca/ProviderConfig
instanceKlass sun/security/jca/ProviderList
instanceKlass sun/security/jca/Providers
instanceKlass java/util/Random
instanceKlass java/rmi/server/UID
instanceKlass java/rmi/server/ObjID
instanceKlass sun/rmi/transport/LiveRef
instanceKlass sun/rmi/server/WeakClassHashMap
instanceKlass java/util/Collections$SynchronizedMap
instanceKlass java/util/logging/ErrorManager
instanceKlass sun/util/logging/LoggingSupport$2
instanceKlass java/util/logging/Formatter
instanceKlass sun/rmi/runtime/Log$LoggerLog$1
instanceKlass sun/rmi/runtime/Log$LoggerLogFactory
instanceKlass sun/rmi/runtime/Log$LogFactory
instanceKlass sun/rmi/runtime/Log
instanceKlass sun/rmi/server/Util
instanceKlass sun/rmi/server/UnicastRef
instanceKlass sun/rmi/server/Dispatcher
instanceKlass java/rmi/server/ServerRef
instanceKlass java/rmi/server/RemoteRef
instanceKlass java/io/Externalizable
instanceKlass javax/management/remote/rmi/RMIJRMPServerImpl$ExportedWrapper
instanceKlass sun/rmi/server/DeserializationChecker
instanceKlass javax/management/remote/rmi/RMIServerImpl
instanceKlass javax/management/remote/rmi/RMIServer
instanceKlass java/rmi/Remote
instanceKlass java/util/Collections$UnmodifiableCollection$1
instanceKlass javax/management/remote/JMXAddressable
instanceKlass javax/management/remote/JMXConnectorServerMBean
instanceKlass com/sun/jmx/remote/protocol/rmi/ServerProvider
instanceKlass java/net/URLClassLoader$3$1
instanceKlass sun/misc/CompoundEnumeration
instanceKlass java/net/URLClassLoader$3
instanceKlass sun/misc/URLClassPath$1
instanceKlass java/lang/ClassLoader$2
instanceKlass sun/misc/URLClassPath$2
instanceKlass sun/misc/Launcher$BootClassPathHolder$1
instanceKlass sun/misc/Launcher$BootClassPathHolder
instanceKlass java/util/ServiceLoader$1
instanceKlass java/util/ServiceLoader$LazyIterator
instanceKlass java/util/ServiceLoader
instanceKlass javax/management/remote/JMXConnectorFactory$1
instanceKlass javax/management/remote/JMXConnectorFactory
instanceKlass javax/management/remote/JMXConnectorServerProvider
instanceKlass com/sun/jmx/remote/util/EnvHelp
instanceKlass javax/management/remote/JMXConnectorServerFactory
instanceKlass sun/management/jmxremote/LocalRMIServerSocketFactory
instanceKlass java/rmi/server/RMIServerSocketFactory
instanceKlass javax/management/remote/JMXServiceURL
instanceKlass java/util/Collections$EmptyIterator
instanceKlass sun/management/Flag$1
instanceKlass sun/management/Flag
instanceKlass sun/management/ExtendedPlatformComponent
instanceKlass java/util/Collections$UnmodifiableMap
instanceKlass java/util/AbstractList$Itr
instanceKlass sun/management/DiagnosticCommandImpl$Wrapper
instanceKlass sun/management/DiagnosticCommandArgumentInfo
instanceKlass sun/management/DiagnosticCommandInfo
instanceKlass sun/management/DiagnosticCommandImpl$OperationInfoComparator
instanceKlass java/lang/management/ManagementFactory$3
instanceKlass com/sun/management/DiagnosticCommandMBean
instanceKlass com/sun/management/VMOption
instanceKlass sun/management/HotSpotDiagnostic
instanceKlass com/sun/management/HotSpotDiagnosticMXBean
instanceKlass sun/nio/ch/FileChannelImpl$1
instanceKlass sun/nio/ch/IOUtil$1
instanceKlass sun/nio/ch/IOUtil
instanceKlass java/nio/file/attribute/FileAttribute
instanceKlass java/nio/channels/spi/AbstractInterruptibleChannel
instanceKlass java/nio/channels/InterruptibleChannel
instanceKlass java/nio/channels/ScatteringByteChannel
instanceKlass java/nio/channels/GatheringByteChannel
instanceKlass java/nio/channels/SeekableByteChannel
instanceKlass java/nio/channels/ByteChannel
instanceKlass java/nio/channels/WritableByteChannel
instanceKlass java/nio/channels/ReadableByteChannel
instanceKlass java/nio/channels/Channel
instanceKlass sun/management/ManagementFactoryHelper$1
instanceKlass java/nio/Bits$1$1
instanceKlass sun/misc/JavaNioAccess$BufferPool
instanceKlass java/lang/management/BufferPoolMXBean
instanceKlass javax/management/MBeanInfo$ArrayGettersSafeAction
instanceKlass javax/management/openmbean/OpenMBeanOperationInfo
instanceKlass sun/management/ManagementFactoryHelper$PlatformLoggingImpl
instanceKlass sun/management/ManagementFactoryHelper$LoggingMXBean
instanceKlass java/util/logging/LoggingMXBean
instanceKlass java/lang/management/PlatformLoggingMXBean
instanceKlass java/lang/management/LockInfo
instanceKlass java/lang/management/ThreadInfo
instanceKlass sun/management/ThreadImpl
instanceKlass com/sun/management/ThreadMXBean
instanceKlass java/lang/management/ThreadMXBean
instanceKlass sun/reflect/generics/tree/TypeVariableSignature
instanceKlass sun/management/RuntimeImpl
instanceKlass java/lang/management/RuntimeMXBean
instanceKlass sun/management/BaseOperatingSystemImpl
instanceKlass com/sun/management/UnixOperatingSystemMXBean
instanceKlass com/sun/management/OperatingSystemMXBean
instanceKlass java/lang/management/OperatingSystemMXBean
instanceKlass sun/management/Sensor
instanceKlass sun/management/MemoryPoolImpl
instanceKlass java/lang/management/MemoryPoolMXBean
instanceKlass javax/management/DescriptorKey
instanceKlass sun/reflect/generics/reflectiveObjects/LazyReflectiveObjectGenerator
instanceKlass java/lang/reflect/TypeVariable
instanceKlass sun/reflect/generics/tree/ClassSignature
instanceKlass sun/reflect/generics/reflectiveObjects/ParameterizedTypeImpl
instanceKlass java/lang/reflect/ParameterizedType
instanceKlass sun/reflect/generics/tree/MethodTypeSignature
instanceKlass sun/reflect/generics/tree/Signature
instanceKlass sun/reflect/generics/tree/FormalTypeParameter
instanceKlass com/sun/management/GcInfo
instanceKlass javax/management/openmbean/CompositeDataView
instanceKlass java/lang/annotation/Target
instanceKlass java/lang/reflect/WeakCache$Value
instanceKlass sun/misc/ProxyGenerator$ExceptionTableEntry
instanceKlass sun/misc/ProxyGenerator$PrimitiveTypeInfo
instanceKlass sun/misc/ProxyGenerator$FieldInfo
instanceKlass java/io/DataOutput
instanceKlass sun/misc/ProxyGenerator$ConstantPool$Entry
instanceKlass sun/misc/ProxyGenerator$MethodInfo
instanceKlass sun/misc/ProxyGenerator$ProxyMethod
instanceKlass sun/misc/ProxyGenerator$ConstantPool
instanceKlass sun/misc/ProxyGenerator
instanceKlass java/lang/reflect/WeakCache$Factory
instanceKlass java/util/function/Supplier
instanceKlass sun/reflect/annotation/AnnotationInvocationHandler
instanceKlass sun/reflect/annotation/AnnotationParser$1
instanceKlass java/lang/Class$4
instanceKlass java/lang/annotation/Documented
instanceKlass java/lang/annotation/Inherited
instanceKlass java/lang/annotation/Retention
instanceKlass sun/reflect/annotation/ExceptionProxy
instanceKlass sun/reflect/annotation/AnnotationType$1
instanceKlass jdk/Exported
instanceKlass sun/reflect/generics/visitor/Reifier
instanceKlass sun/reflect/generics/visitor/TypeTreeVisitor
instanceKlass sun/reflect/generics/factory/CoreReflectionFactory
instanceKlass sun/reflect/generics/factory/GenericsFactory
instanceKlass sun/reflect/generics/scope/AbstractScope
instanceKlass sun/reflect/generics/scope/Scope
instanceKlass sun/reflect/generics/tree/ClassTypeSignature
instanceKlass sun/reflect/generics/tree/SimpleClassTypeSignature
instanceKlass sun/reflect/generics/tree/FieldTypeSignature
instanceKlass sun/reflect/generics/tree/BaseType
instanceKlass sun/reflect/generics/tree/TypeSignature
instanceKlass sun/reflect/generics/tree/ReturnType
instanceKlass sun/reflect/generics/tree/TypeArgument
instanceKlass sun/reflect/generics/tree/TypeTree
instanceKlass sun/reflect/generics/tree/Tree
instanceKlass sun/reflect/generics/parser/SignatureParser
instanceKlass com/sun/management/GarbageCollectorMXBean
instanceKlass sun/management/ManagementFactory
instanceKlass java/lang/management/GarbageCollectorMXBean
instanceKlass java/lang/management/MemoryManagerMXBean
instanceKlass com/sun/jmx/mbeanserver/PerInterface$MethodAndSig
instanceKlass java/lang/management/MemoryUsage
instanceKlass sun/management/NotificationEmitterSupport
instanceKlass java/lang/management/MemoryMXBean
instanceKlass sun/management/CompilationImpl
instanceKlass sun/management/VMManagementImpl$1
instanceKlass java/lang/management/CompilationMXBean
instanceKlass com/sun/jmx/mbeanserver/WeakIdentityHashMap
instanceKlass com/sun/jmx/mbeanserver/MXBeanLookup
instanceKlass com/sun/jmx/mbeanserver/PerInterface$InitMaps
instanceKlass com/sun/jmx/mbeanserver/PerInterface
instanceKlass javax/management/openmbean/OpenMBeanAttributeInfo
instanceKlass javax/management/openmbean/OpenMBeanParameterInfo
instanceKlass java/lang/reflect/GenericArrayType
instanceKlass java/util/TreeMap$Entry
instanceKlass com/sun/jmx/mbeanserver/MBeanIntrospector$MBeanInfoMaker
instanceKlass com/sun/jmx/mbeanserver/MBeanAnalyzer$MBeanVisitor
instanceKlass com/sun/jmx/mbeanserver/MBeanAnalyzer$AttrMethods
instanceKlass com/sun/jmx/mbeanserver/MXBeanMapping
instanceKlass java/lang/Void
instanceKlass javax/management/openmbean/TabularData
instanceKlass javax/management/openmbean/CompositeData
instanceKlass javax/management/openmbean/OpenType
instanceKlass com/sun/jmx/mbeanserver/MXBeanMappingFactory
instanceKlass com/sun/jmx/mbeanserver/ConvertingMethod
instanceKlass java/util/TimSort
instanceKlass com/sun/jmx/mbeanserver/MBeanAnalyzer$MethodOrder
instanceKlass java/lang/Class$MethodArray
instanceKlass com/sun/jmx/mbeanserver/MBeanAnalyzer
instanceKlass com/sun/jmx/mbeanserver/MBeanIntrospector
instanceKlass java/lang/reflect/Proxy$ProxyClassFactory
instanceKlass java/lang/reflect/Proxy$KeyFactory
instanceKlass java/util/function/BiFunction
instanceKlass java/lang/reflect/WeakCache
instanceKlass java/lang/reflect/InvocationHandler
instanceKlass java/lang/reflect/Proxy
instanceKlass sun/reflect/annotation/AnnotationParser
instanceKlass javax/management/MXBean
instanceKlass com/sun/jmx/mbeanserver/MBeanSupport
instanceKlass com/sun/jmx/mbeanserver/DescriptorCache
instanceKlass javax/management/JMX
instanceKlass javax/management/StandardMBean
instanceKlass java/lang/management/ManagementFactory$2
instanceKlass sun/management/Util
instanceKlass java/util/Collections$1
instanceKlass sun/management/ClassLoadingImpl
instanceKlass sun/management/VMManagementImpl
instanceKlass sun/management/VMManagement
instanceKlass sun/management/ManagementFactoryHelper$4
instanceKlass sun/management/ManagementFactoryHelper
instanceKlass java/lang/management/ClassLoadingMXBean
instanceKlass java/lang/management/PlatformManagedObject
instanceKlass java/lang/management/PlatformComponent$15
instanceKlass java/lang/management/PlatformComponent$14
instanceKlass java/lang/management/PlatformComponent$13
instanceKlass java/lang/management/PlatformComponent$12
instanceKlass java/lang/management/PlatformComponent$11
instanceKlass java/lang/management/PlatformComponent$10
instanceKlass java/lang/management/PlatformComponent$9
instanceKlass java/lang/management/PlatformComponent$8
instanceKlass java/lang/management/PlatformComponent$7
instanceKlass java/lang/management/PlatformComponent$6
instanceKlass java/lang/management/PlatformComponent$5
instanceKlass java/lang/management/PlatformComponent$4
instanceKlass java/lang/management/PlatformComponent$3
instanceKlass java/lang/management/PlatformComponent$2
instanceKlass java/lang/management/PlatformComponent$1
instanceKlass java/lang/management/PlatformComponent$MXBeanFetcher
instanceKlass com/sun/jmx/mbeanserver/JmxMBeanServer$3
instanceKlass javax/management/ObjectInstance
instanceKlass java/util/concurrent/CopyOnWriteArrayList$COWIterator
instanceKlass sun/util/calendar/CalendarSystem
instanceKlass java/util/Date
instanceKlass java/util/EventObject
instanceKlass com/sun/jmx/mbeanserver/NamedObject
instanceKlass com/sun/jmx/interceptor/DefaultMBeanServerInterceptor$ResourceContext$1
instanceKlass com/sun/jmx/interceptor/DefaultMBeanServerInterceptor$ResourceContext
instanceKlass com/sun/jmx/mbeanserver/Repository$RegistrationContext
instanceKlass com/sun/jmx/mbeanserver/DynamicMBean2
instanceKlass com/sun/jmx/defaults/JmxProperties
instanceKlass com/sun/jmx/mbeanserver/Introspector
instanceKlass com/sun/jmx/mbeanserver/JmxMBeanServer$2
instanceKlass com/sun/jmx/interceptor/DefaultMBeanServerInterceptor
instanceKlass com/sun/jmx/interceptor/MBeanServerInterceptor
instanceKlass java/util/concurrent/locks/ReentrantReadWriteLock$WriteLock
instanceKlass java/util/concurrent/locks/ReentrantReadWriteLock$ReadLock
instanceKlass sun/nio/ch/Interruptible
instanceKlass java/util/concurrent/locks/ReentrantReadWriteLock
instanceKlass java/util/concurrent/locks/ReadWriteLock
instanceKlass com/sun/jmx/mbeanserver/Repository
instanceKlass com/sun/jmx/mbeanserver/JmxMBeanServer$1
instanceKlass com/sun/jmx/mbeanserver/SecureClassLoaderRepository
instanceKlass com/sun/jmx/mbeanserver/MBeanInstantiator
instanceKlass com/sun/jmx/mbeanserver/ClassLoaderRepositorySupport$LoaderEntry
instanceKlass com/sun/jmx/mbeanserver/ClassLoaderRepositorySupport
instanceKlass com/sun/jmx/mbeanserver/ModifiableClassLoaderRepository
instanceKlass javax/management/loading/ClassLoaderRepository
instanceKlass java/util/NavigableSet
instanceKlass java/util/SortedSet
instanceKlass java/util/TreeMap$PrivateEntryIterator
instanceKlass java/util/NavigableMap
instanceKlass java/util/SortedMap
instanceKlass javax/management/ImmutableDescriptor
instanceKlass javax/management/Descriptor
instanceKlass javax/management/NotificationBroadcasterSupport$1
instanceKlass java/util/concurrent/Executor
instanceKlass javax/management/NotificationBroadcasterSupport
instanceKlass java/util/ComparableTimSort
instanceKlass java/util/Arrays$LegacyMergeSort
instanceKlass javax/management/ObjectName$Property
instanceKlass javax/management/ObjectName
instanceKlass javax/management/QueryExp
instanceKlass com/sun/jmx/mbeanserver/Util
instanceKlass javax/management/MBeanInfo
instanceKlass javax/management/MBeanFeatureInfo
instanceKlass javax/management/DescriptorRead
instanceKlass javax/management/MBeanServerDelegate
instanceKlass javax/management/NotificationEmitter
instanceKlass javax/management/NotificationBroadcaster
instanceKlass javax/management/MBeanServerDelegateMBean
instanceKlass javax/management/MBeanRegistration
instanceKlass javax/management/DynamicMBean
instanceKlass com/sun/jmx/mbeanserver/JmxMBeanServer
instanceKlass com/sun/jmx/mbeanserver/SunJmxMBeanServer
instanceKlass javax/management/MBeanServer
instanceKlass javax/management/MBeanServerConnection
instanceKlass javax/management/MBeanServerBuilder
instanceKlass com/sun/jmx/mbeanserver/GetPropertyAction
instanceKlass javax/management/MBeanServerFactory
instanceKlass java/lang/management/ManagementFactory
instanceKlass java/net/InetAddress$CacheEntry
instanceKlass java/util/LinkedList$ListItr
instanceKlass java/util/ListIterator
instanceKlass sun/net/InetAddressCachePolicy$2
instanceKlass java/security/Security$1
instanceKlass java/security/Security
instanceKlass sun/net/InetAddressCachePolicy$1
instanceKlass sun/net/InetAddressCachePolicy
instanceKlass java/net/Inet4AddressImpl
instanceKlass sun/management/jmxremote/ConnectorBootstrap$PermanentExporter
instanceKlass com/sun/jmx/remote/internal/RMIExporter
instanceKlass java/util/logging/LogManager$5
instanceKlass java/util/HashMap$HashIterator
instanceKlass sun/reflect/UnsafeFieldAccessorFactory
instanceKlass java/util/logging/LoggingProxyImpl
instanceKlass sun/util/logging/LoggingProxy
instanceKlass sun/util/logging/LoggingSupport$1
instanceKlass sun/util/logging/LoggingSupport
instanceKlass sun/util/logging/PlatformLogger$LoggerProxy
instanceKlass sun/util/logging/PlatformLogger$1
instanceKlass sun/util/logging/PlatformLogger
instanceKlass java/util/logging/LogManager$LoggerContext$1
instanceKlass java/util/LinkedHashMap$LinkedHashIterator
instanceKlass java/net/Socket$2
instanceKlass java/util/logging/LogManager$3
instanceKlass java/util/logging/LogManager$2
instanceKlass java/lang/Shutdown$Lock
instanceKlass java/lang/Shutdown
instanceKlass java/lang/ApplicationShutdownHooks$1
instanceKlass java/lang/ApplicationShutdownHooks
instanceKlass java/util/logging/LogManager$LogNode
instanceKlass java/util/logging/LogManager$LoggerContext
instanceKlass java/util/logging/LogManager$1
instanceKlass java/util/logging/LogManager
instanceKlass java/util/concurrent/locks/AbstractQueuedSynchronizer$Node
instanceKlass java/util/concurrent/locks/AbstractOwnableSynchronizer
instanceKlass sun/net/NetHooks$Provider
instanceKlass sun/net/NetHooks
instanceKlass java/util/ArrayList$Itr
instanceKlass java/net/Proxy
instanceKlass sun/net/spi/DefaultProxySelector$3
instanceKlass sun/net/spi/DefaultProxySelector$NonProxyInfo
instanceKlass java/util/concurrent/CopyOnWriteArrayList
instanceKlass java/util/logging/Logger$LoggerBundle
instanceKlass java/util/logging/Level$KnownLevel
instanceKlass java/util/logging/Level
instanceKlass java/util/logging/Handler
instanceKlass java/net/URI$Parser
instanceKlass java/net/URI
instanceKlass java/util/zip/CRC32
instanceKlass java/util/zip/Checksum
instanceKlass java/lang/Package$1
instanceKlass java/util/logging/Logger
instanceKlass com/sun/jmx/remote/util/ClassLogger
instanceKlass sun/management/jmxremote/ConnectorBootstrap
instanceKlass sun/misc/VMSupport
instanceKlass sun/net/NetProperties$1
instanceKlass sun/net/NetProperties
instanceKlass sun/net/spi/DefaultProxySelector$1
instanceKlass java/net/ProxySelector
instanceKlass java/net/SocksSocketImpl$3
instanceKlass java/net/Inet6Address$Inet6AddressHolder
instanceKlass java/util/Properties$LineReader
instanceKlass sun/management/Agent
instanceKlass java/lang/invoke/MethodHandleStatics$1
instanceKlass java/lang/invoke/MethodHandleStatics
instanceKlass java/lang/invoke/MemberName$Factory
instanceKlass java/lang/ClassValue$Version
instanceKlass java/lang/ClassValue$Identity
instanceKlass java/lang/ClassValue
instanceKlass java/lang/invoke/MethodHandleImpl$3
instanceKlass java/lang/invoke/MethodHandleImpl$2
instanceKlass java/util/function/Function
instanceKlass java/lang/invoke/MethodHandleImpl$1
instanceKlass java/lang/invoke/MethodHandleImpl
instanceKlass java/net/AbstractPlainSocketImpl$1
instanceKlass java/net/SocketImpl
instanceKlass java/net/SocketOptions
instanceKlass java/net/SocksConsts
instanceKlass java/net/InetAddress$2
instanceKlass sun/net/spi/nameservice/NameService
instanceKlass java/net/Inet6AddressImpl
instanceKlass java/net/InetAddressImpl
instanceKlass java/net/InetAddressImplFactory
instanceKlass java/net/InetAddress$Cache
instanceKlass java/net/InetAddress$InetAddressHolder
instanceKlass java/net/InetAddress$1
instanceKlass sun/security/action/GetBooleanAction
instanceKlass java/net/InetSocketAddress$InetSocketAddressHolder
instanceKlass java/net/InetAddress
instanceKlass java/net/SocketAddress
instanceKlass java/net/Socket
instanceKlass com/intellij/rt/execution/application/AppMainV2
instanceKlass sun/instrument/InstrumentationImpl$1
instanceKlass com/intellij/rt/execution/application/AppMainV2$Agent
instanceKlass java/io/FilePermission$1
instanceKlass sun/net/www/MessageHeader
instanceKlass java/net/URLConnection
instanceKlass java/security/PermissionCollection
instanceKlass sun/nio/ByteBuffered
instanceKlass java/lang/Package
instanceKlass sun/misc/Resource
instanceKlass java/nio/file/attribute/FileTime
instanceKlass java/util/zip/ZipUtils
instanceKlass sun/misc/ASCIICaseInsensitiveComparator
instanceKlass java/util/jar/Attributes$Name
instanceKlass java/util/jar/Attributes
instanceKlass java/util/jar/JarVerifier$3
instanceKlass java/security/CodeSigner
instanceKlass java/util/jar/JarVerifier
instanceKlass java/util/LinkedList$Node
instanceKlass sun/misc/IOUtils
instanceKlass java/util/zip/ZStreamRef
instanceKlass java/util/zip/Inflater
instanceKlass java/util/zip/ZipEntry
instanceKlass sun/misc/ExtensionDependency
instanceKlass sun/misc/JarIndex
instanceKlass sun/nio/ch/DirectBuffer
instanceKlass sun/misc/PerfCounter$CoreCounters
instanceKlass sun/misc/Perf
instanceKlass sun/misc/Perf$GetPerfAction
instanceKlass sun/misc/PerfCounter
instanceKlass java/util/zip/ZipCoder
instanceKlass java/util/Deque
instanceKlass java/util/Queue
instanceKlass java/nio/charset/StandardCharsets
instanceKlass java/util/jar/JavaUtilJarAccessImpl
instanceKlass sun/misc/JavaUtilJarAccess
instanceKlass sun/misc/FileURLMapper
instanceKlass sun/misc/URLClassPath$JarLoader$1
instanceKlass java/util/zip/ZipFile$1
instanceKlass sun/misc/JavaUtilZipFileAccess
instanceKlass java/util/zip/ZipFile
instanceKlass java/util/zip/ZipConstants
instanceKlass sun/misc/URLClassPath$Loader
instanceKlass sun/misc/URLClassPath$3
instanceKlass sun/net/util/URLUtil
instanceKlass java/net/URLClassLoader$1
instanceKlass sun/instrument/TransformerManager$TransformerInfo
instanceKlass sun/instrument/TransformerManager
instanceKlass sun/instrument/InstrumentationImpl
instanceKlass java/lang/instrument/Instrumentation
instanceKlass java/lang/SystemClassLoaderAction
instanceKlass sun/misc/Launcher$AppClassLoader$1
instanceKlass sun/misc/URLClassPath
instanceKlass java/security/Principal
instanceKlass java/security/ProtectionDomain$Key
instanceKlass java/security/ProtectionDomain$2
instanceKlass sun/misc/JavaSecurityProtectionDomainAccess
instanceKlass java/security/ProtectionDomain$JavaSecurityAccessImpl
instanceKlass sun/misc/JavaSecurityAccess
instanceKlass sun/net/util/IPAddressUtil
instanceKlass java/net/URLStreamHandler
instanceKlass java/net/Parts
instanceKlass java/lang/CharacterData
instanceKlass sun/util/locale/LocaleUtils
instanceKlass java/util/Locale$LocaleKey
instanceKlass sun/util/locale/BaseLocale$Key
instanceKlass sun/util/locale/BaseLocale
instanceKlass java/util/concurrent/ConcurrentHashMap$CollectionView
instanceKlass java/util/concurrent/ConcurrentHashMap$CounterCell
instanceKlass java/util/concurrent/ConcurrentHashMap$Node
instanceKlass java/util/concurrent/locks/ReentrantLock
instanceKlass java/util/concurrent/locks/Lock
instanceKlass java/util/concurrent/ConcurrentMap
instanceKlass sun/util/locale/LocaleObjectCache
instanceKlass java/util/Locale
instanceKlass java/util/BitSet
instanceKlass sun/net/www/ParseUtil
instanceKlass java/io/FileInputStream$1
instanceKlass java/lang/reflect/Array
instanceKlass java/nio/charset/CoderResult$Cache
instanceKlass java/nio/charset/CoderResult
instanceKlass java/io/Reader
instanceKlass java/lang/Readable
instanceKlass sun/misc/MetaIndex
instanceKlass java/util/StringTokenizer
instanceKlass sun/misc/Launcher$ExtClassLoader$1
instanceKlass java/net/URLClassLoader$7
instanceKlass sun/misc/JavaNetAccess
instanceKlass java/lang/ClassLoader$ParallelLoaders
instanceKlass sun/security/util/Debug
instanceKlass sun/misc/Launcher$Factory
instanceKlass java/net/URLStreamHandlerFactory
instanceKlass java/lang/Compiler$1
instanceKlass java/lang/Compiler
instanceKlass java/lang/System$2
instanceKlass sun/misc/JavaLangAccess
instanceKlass sun/misc/OSEnvironment
instanceKlass java/lang/Integer$IntegerCache
instanceKlass sun/misc/NativeSignalHandler
instanceKlass sun/misc/Signal
instanceKlass java/lang/Terminator$1
instanceKlass sun/misc/SignalHandler
instanceKlass java/lang/Terminator
instanceKlass java/lang/ClassLoader$NativeLibrary
instanceKlass java/io/ExpiringCache$Entry
instanceKlass java/lang/ClassLoader$3
instanceKlass java/lang/StringCoding$StringEncoder
instanceKlass java/nio/file/Path
instanceKlass java/nio/file/Watchable
instanceKlass java/lang/Enum
instanceKlass java/io/ExpiringCache
instanceKlass java/io/FileSystem
instanceKlass java/io/DefaultFileSystem
instanceKlass java/nio/Bits$1
instanceKlass sun/misc/JavaNioAccess
instanceKlass java/nio/ByteOrder
instanceKlass java/nio/Bits
instanceKlass java/nio/charset/CharsetEncoder
instanceKlass sun/nio/cs/ArrayEncoder
instanceKlass sun/security/action/GetPropertyAction
instanceKlass java/io/Writer
instanceKlass sun/reflect/misc/ReflectUtil
instanceKlass java/util/concurrent/atomic/AtomicReferenceFieldUpdater$AtomicReferenceFieldUpdaterImpl$1
instanceKlass java/security/PrivilegedExceptionAction
instanceKlass java/util/concurrent/atomic/AtomicReferenceFieldUpdater
instanceKlass java/io/OutputStream
instanceKlass java/io/Flushable
instanceKlass java/io/FileDescriptor$1
instanceKlass sun/misc/JavaIOFileDescriptorAccess
instanceKlass java/io/FileDescriptor
instanceKlass sun/misc/Version
instanceKlass java/lang/Runtime
instanceKlass java/util/Hashtable$Enumerator
instanceKlass java/util/Iterator
instanceKlass java/util/Enumeration
instanceKlass java/util/Objects
instanceKlass java/util/Collections$SynchronizedCollection
instanceKlass java/nio/charset/CodingErrorAction
instanceKlass java/nio/charset/CharsetDecoder
instanceKlass sun/nio/cs/ArrayDecoder
instanceKlass java/lang/StringCoding$StringDecoder
instanceKlass java/lang/ThreadLocal$ThreadLocalMap
instanceKlass java/lang/StringCoding
instanceKlass sun/reflect/ReflectionFactory$1
instanceKlass java/lang/Class$1
instanceKlass sun/nio/cs/HistoricallyNamedCharset
instanceKlass java/util/Arrays
instanceKlass java/lang/reflect/ReflectAccess
instanceKlass sun/reflect/LangReflectAccess
instanceKlass java/lang/reflect/Modifier
instanceKlass sun/reflect/annotation/AnnotationType
instanceKlass java/lang/Class$AnnotationData
instanceKlass sun/reflect/generics/repository/AbstractRepository
instanceKlass java/lang/Class$Atomic
instanceKlass java/lang/Class$ReflectionData
instanceKlass java/lang/Class$3
instanceKlass java/lang/ThreadLocal
instanceKlass java/nio/charset/spi/CharsetProvider
instanceKlass java/nio/charset/Charset
instanceKlass java/lang/Math
instanceKlass java/util/Hashtable$Entry
instanceKlass sun/misc/VM
instanceKlass java/util/HashMap$Node
instanceKlass java/util/Map$Entry
instanceKlass sun/reflect/Reflection
instanceKlass sun/misc/SharedSecrets
instanceKlass java/lang/ref/Reference$1
instanceKlass sun/misc/JavaLangRefAccess
instanceKlass java/lang/ref/ReferenceQueue$Lock
instanceKlass java/util/Collections$UnmodifiableCollection
instanceKlass java/util/AbstractMap
instanceKlass java/util/Set
instanceKlass java/util/Collections
instanceKlass java/lang/ref/Reference$Lock
instanceKlass sun/reflect/ReflectionFactory
instanceKlass java/util/AbstractCollection
instanceKlass java/util/RandomAccess
instanceKlass java/util/List
instanceKlass java/util/Collection
instanceKlass java/lang/Iterable
instanceKlass java/security/cert/Certificate
instanceKlass sun/reflect/ReflectionFactory$GetReflectionFactoryAction
instanceKlass java/security/PrivilegedAction
instanceKlass java/security/AccessController
instanceKlass java/security/Permission
instanceKlass java/security/Guard
instanceKlass java/lang/String$CaseInsensitiveComparator
instanceKlass java/util/Comparator
instanceKlass java/io/ObjectStreamField
instanceKlass java/lang/Number
instanceKlass java/lang/Character
instanceKlass java/lang/Boolean
instanceKlass java/nio/Buffer
instanceKlass java/lang/StackTraceElement
instanceKlass java/security/CodeSource
instanceKlass sun/misc/Launcher
instanceKlass java/util/jar/Manifest
instanceKlass java/net/URL
instanceKlass java/io/File
instanceKlass java/io/InputStream
instanceKlass java/io/Closeable
instanceKlass java/lang/AutoCloseable
instanceKlass sun/misc/Unsafe
instanceKlass java/lang/AbstractStringBuilder
instanceKlass java/lang/Appendable
instanceKlass java/lang/invoke/CallSite
instanceKlass java/lang/invoke/MethodType
instanceKlass java/lang/invoke/LambdaForm
instanceKlass java/lang/invoke/MethodHandleNatives
instanceKlass java/lang/invoke/MemberName
instanceKlass java/lang/invoke/MethodHandle
instanceKlass sun/reflect/CallerSensitive
instanceKlass java/lang/annotation/Annotation
instanceKlass sun/reflect/FieldAccessor
instanceKlass sun/reflect/ConstantPool
instanceKlass sun/reflect/ConstructorAccessor
instanceKlass sun/reflect/MethodAccessor
instanceKlass sun/reflect/MagicAccessorImpl
instanceKlass java/lang/reflect/Parameter
instanceKlass java/lang/reflect/Member
instanceKlass java/lang/reflect/AccessibleObject
instanceKlass java/util/Dictionary
instanceKlass java/util/Map
instanceKlass java/lang/ThreadGroup
instanceKlass java/lang/Thread$UncaughtExceptionHandler
instanceKlass java/lang/Thread
instanceKlass java/lang/Runnable
instanceKlass java/lang/ref/ReferenceQueue
instanceKlass java/lang/ref/Reference
instanceKlass java/security/AccessControlContext
instanceKlass java/security/ProtectionDomain
instanceKlass java/lang/SecurityManager
instanceKlass java/lang/Throwable
instanceKlass java/lang/System
instanceKlass java/lang/ClassLoader
instanceKlass java/lang/Cloneable
instanceKlass java/lang/Class
instanceKlass java/lang/reflect/Type
instanceKlass java/lang/reflect/GenericDeclaration
instanceKlass java/lang/reflect/AnnotatedElement
instanceKlass java/lang/String
instanceKlass java/lang/CharSequence
instanceKlass java/lang/Comparable
instanceKlass java/io/Serializable
ciInstanceKlass java/lang/Object 1 1 78 7 10 10 10 10 8 10 10 10 100 8 10 3 8 10 10 7 1 1 1 1 1 1 1 1 1 1 1 1 1 1 1 1 1 7 1 1 1 1 1 1 7 1 1 7 1 1 1 1 12 12 7 12 12 1 12 7 12 12 1 1 12 1 12 12 1 1 1 1 1 1 1 1 1 1 1 1
ciInstanceKlass java/io/Serializable 1 1 7 100 100 1 1 1 1
ciInstanceKlass java/lang/String 1 1 548 10 8 9 9 10 100 10 10 10 10 100 10 10 10 10 10 100 8 10 10 8 10 10 10 10 10 10 10 10 10 10 10 100 10 10 10 10 10 10 10 10 10 7 10 10 10 100 100 10 10 11 11 10 10 9 11 10 10 10 10 7 3 10 10 10 10 10 10 10 10 10 10 10 10 10 10 10 11 10 10 10 10 10 7 10 10 8 10 10 3 3 7 10 10 10 10 10 11 7 10 10 7 10 10 10 11 11 11 7 3 10 10 10 10 8 8 8 10 10 10 10 10 10 10 10 10 10 10 7 10 10 10 10 8 10 10 8 8 10 10 10 10 7 9 7 10 7 100 100 100 1 1 1 1 1 1 1 1 1 5 0 1 1 1 1 1 1 1 1 1 1 1 1 1 1 100 100 1 100 1 100 1 1 1 1 1 1 1 1 7 1 100 1 1 1 1 100 100 100 1 1 1 1 1 1 1 1 1 1 1 1 1 1 1 1 1 1 1 1 1 1 1 1 1 1 1 1 1 100 1 1 1 1 1 1 1 1 1 1 1 1 1 1 1 1 1 1 1 1 1 1 1 1 1 1 1 1 1 1 1 1 1 1 1 1 100 1 1 1 100 100 1 100 1 1 1 100 1 1 1 1 1 1 1 1 1 1 1 1 1 1 1 1 1 1 1 1 1 1 1 1 1 12 1 12 12 7 12 1 12 12 12 12 1 7 12 12 12 12 12 1 1 7 12 1 12 12 12 12 12 12 12 100 12 12 1 12 12 7 12 7 12 12 12 12 1 12 1 1 12 12 12 12 7 12 12 7 12 12 12 12 12 1 12 12 12 12 12 12 12 12 12 12 12 12 12 12 12 12 12 12 7 12 12 1 12 12 1 12 1 12 12 12 12 7 12 1 12 12 1 12 12 100 12 100 12 12 1 12 12 12 7 12 1 1 1 100 12 12 12 12 12 12 12 12 12 12 12 1 12 12 1 12 1 1 7 12 100 12 7 12 12 1 12 1 12 1 1 1 1 1 1 1 1 1 1 1 1 1 1 1 1 1 1 1 1 1 1 1 1 1 1 1 1 1 1 1 1 1 1 1 1 1 1 1 1 1 1 1 1 1 1 1 1 1 1 1 1 1 1 1 1 1 1 1 1 1 1 1 1 1 1 1 1 1 1 1 1 1 1 1 1 1 1 1 1 1 1 1 1 1 1 1 1 1 1 1 1 1 1 1 1 1 1 1 1 1
staticfield java/lang/String serialPersistentFields [Ljava/io/ObjectStreamField; 0 [Ljava/io/ObjectStreamField;
staticfield java/lang/String CASE_INSENSITIVE_ORDER Ljava/util/Comparator; java/lang/String$CaseInsensitiveComparator
ciInstanceKlass java/lang/Class 1 1 1224 9 9 10 10 10 10 9 9 9 9 7 10 10 8 10 8 8 10 10 10 10 10 10 10 10 10 8 10 8 8 10 11 10 10 10 10 10 9 10 100 10 9 7 7 8 10 10 7 10 10 7 7 10 10 10 10 9 10 7 10 100 10 10 10 9 10 10 10 10 10 7 7 10 10 10 10 10 9 10 7 10 10 10 10 10 10 10 10 10 10 10 10 10 10 10 10 10 10 100 8 10 10 100 10 100 11 10 10 10 10 10 10 10 8 10 10 10 8 10 10 10 8 10 8 10 10 10 10 8 10 100 10 10 10 10 100 10 100 10 10 10 10 10 10 10 10 7 10 10 10 10 10 10 10 10 10 10 10 10 10 9 10 9 7 10 9 10 7 10 9 10 10 10 10 10 10 10 8 10 10 9 10 7 9 10 10 7 10 10 10 10 9 10 9 10 10 10 10 9 9 10 9 7 10 7 10 10 11 11 11 7 11 11 9 9 7 7 10 9 9 10 10 9 7 10 10 10 10 10 10 10 10 10 10 10 10 10 10 10 10 10 10 10 10 10 10 10 10 10 8 7 10 8 8 8 8 10 10 9 9 10 7 9 7 10 7 7 10 10 10 8 10 7 10 7 10 100 8 10 7 10 10 11 10 100 10 10 8 8 10 10 9 11 7 11 9 10 10 10 9 9 10 10 10 10 10 11 11 11 11 7 11 10 10 7 11 10 10 10 11 11 7 10 10 9 9 10 10 10 10 7 9 100 7 100 100 1 1 1 1 7 1 1 1 1 1 3 1 3 1 3 1 1 1 1 1 1 1 1 1 1 1 1 1 1 1 1 1 1 1 1 1 1 1 5 0 1 1 1 1 1 1 1 1 1 1 1 1 1 1 1 1 100 1 1 1 1 1 1 1 1 1 1 1 100 100 100 1 100 1 1 1 7 1 1 1 1 100 1 1 1 1 1 1 100 100 100 1 1 1 1 1 1 1 1 1 1 1 1 1 1 1 1 100 1 1 1 100 1 1 1 1 1 1 1 1 1 1 100 1 1 1 1 100 1 1 1 1 1 1 1 1 1 1 100 100 100 100 7 1 1 1 1 1 1 1 1 100 1 1 1 1 1 1 100 1 1 1 1 1 1 1 100 1 1 1 1 1 1 1 1 1 1 1 100 1 1 1 1 1 1 1 1 1 1 1 1 1 1 1 1 1 1 1 100 1 1 1 1 1 1 1 1 1 1 100 1 1 1 1 1 1 1 1 1 1 1 1 1 1 1 1 1 1 100 1 1 100 100 1 1 1 1 1 1 1 1 1 1 100 1 1 1 1 1 1 1 1 1 1 1 1 1 1 1 1 1 1 1 100 1 1 1 1 1 1 1 1 1 1 1 1 1 100 1 1 1 1 1 1 1 1 100 1 100 1 1 1 1 1 1 1 1 1 1 1 1 1 1 1 1 1 1 1 1 1 1 1 100 1 1 100 100 1 1 1 1 1 1 1 1 1 1 1 1 1 1 1 1 1 1 1 1 1 12 12 12 12 12 12 12 12 12 12 1 12 1 12 1 1 12 12 12 12 7 12 12 12 12 1 12 1 1 12 12 7 12 7 12 12 7 12 100 12 7 12 100 12 1 12 12 1 1 1 12 12 1 12 7 12 1 1 12 12 12 12 12 1 100 12 12 12 12 12 12 12 12 7 1 1 12 12 7 12 12 12 12 7 12 1 12 12 12 12 12 12 100 12 12 12 12 12 12 7 12 12 12 1 1 12 1 12 1 12 100 12 12 12 100 12 12 1 12 12 12 1 12 12 12 1 12 1 12 12 12 12 1 12 1 12 12 12 1 12 1 12 12 12 12 12 12 12 12 1 12 12 12 12 12 12 12 12 12 12 12 12 12 12 1 12 12 1 12 12 100 12 12 12 100 12 12 12 12 1 12 12 12 12 1 12 12 12 1 12 12 7 12 7 12 12 12 12 12 12 12 12 12 12 12 12 1 1 12 7 12 12 7 12 1 12 7 12 12 1 1 12 12 12 12 12 12 1 12 12 12 12 12 12 12 12 12 12 12 12 12 12 12 12 12 12 12 12 1 1 7 1 1 1 1 12 12 12 12 12 1 12 1 1 1 1 12 7 1 12 1 12 1 12 1 1 1 12 7 12 12 1 12 1 1 7 12 12 12 12 1 12 12 100 12 7 12 12 12 12 12 12 12 12 12 12 7 12 12 1 1 12 7 12 12 1 100 12 12 12 12 1 12 12 12 100 12 12 7 12 12 12 1 12 1 1 1 1 1 100 1 1 1 1 1 1 1 1 1 1 1 1 1 1 1 1 1 1 1 1 1 1 1 1 1 1 1 1 1 1 1 1 1 1 1 1 1 1 1 1 1 1 1 1 1 1 1 1 1 1 1 1 1 1 1 1 1 1 1 1 1 1 1 1 1 1 1 1 1 1 1 1 1 1 1 1 1 1 1 1 1 1 1 1 1 1 1 1 1 1 1 1 1 1 1 1 1 1 1 1 1 1 1 1 1 1 1 1 1 1 1 1 1 1 1 1 1 1 1 1 1 1 1 1 1 1 1 1 1 1 1 1 1 1 1 1 1 1 1 1 1 1 1 1 1 1 1 1 1 1 1 1 1 1 1 1 1 1 1 1 1 1 1 1 1 1 1 1 1 1 1 1 1 1 1 1 1 1 1 1 1 1 1 1 1 1 1 1 1 1 1 1 1 1 1 1 1 1 1 1 1 1 1 1 1 1 1 1 1
staticfield java/lang/Class serialPersistentFields [Ljava/io/ObjectStreamField; 0 [Ljava/io/ObjectStreamField;
ciInstanceKlass java/lang/Cloneable 1 0 7 100 100 1 1 1 1
instanceKlass com/sun/jmx/remote/util/OrderClassLoaders
instanceKlass org/springframework/core/DecoratingClassLoader
instanceKlass org/hibernate/boot/registry/classloading/internal/AggregatedClassLoader
instanceKlass javax/management/remote/rmi/RMIConnectionImpl$CombinedClassLoader$ClassLoaderWrapper
instanceKlass javax/management/remote/rmi/RMIConnectionImpl$CombinedClassLoader
instanceKlass com/sun/jmx/remote/util/ClassLoaderWithRepository
instanceKlass java/util/ResourceBundle$RBClassLoader
instanceKlass javax/management/remote/rmi/NoCallStackClassLoader
instanceKlass sun/reflect/DelegatingClassLoader
instanceKlass java/security/SecureClassLoader
ciInstanceKlass java/lang/ClassLoader 1 1 848 9 9 9 10 10 10 10 7 10 7 7 7 10 10 9 7 10 9 9 9 9 9 9 10 10 7 10 9 9 7 9 7 10 10 10 10 10 10 10 10 10 7 10 10 10 10 10 10 10 10 10 10 10 10 10 10 10 100 10 100 10 10 10 10 10 100 7 10 8 10 10 10 8 10 100 8 10 10 10 10 10 10 10 10 10 10 10 10 10 10 10 10 10 10 10 10 10 10 10 10 8 11 9 11 10 8 8 10 10 10 10 10 10 10 10 7 7 10 10 10 7 10 10 10 7 10 10 10 10 10 10 7 10 10 10 7 10 10 10 9 9 100 8 10 10 10 7 10 10 100 10 100 10 100 10 10 10 10 10 9 10 10 7 10 7 10 10 10 10 10 10 10 10 11 11 11 100 10 9 10 10 7 8 10 9 8 10 9 8 7 10 10 7 8 10 10 10 8 8 10 10 10 8 8 10 10 7 10 10 10 9 10 10 7 9 10 10 8 8 10 10 10 8 10 10 10 10 9 10 10 10 100 10 10 10 10 9 9 9 9 9 10 7 7 10 1 1 7 1 1 1 1 1 1 1 1 1 1 1 1 1 1 1 1 1 1 1 1 1 1 1 1 1 1 1 1 1 1 1 1 1 1 1 1 1 1 1 1 1 1 1 1 1 1 1 1 1 1 100 1 1 100 100 1 1 1 1 1 1 100 100 100 100 100 1 1 1 1 1 1 100 100 1 1 1 1 7 1 1 1 1 1 1 1 1 1 1 100 1 1 1 1 1 1 1 1 1 1 1 1 1 1 1 1 100 100 1 1 1 1 1 1 1 1 1 1 1 1 1 1 100 1 1 1 1 1 1 1 1 1 1 1 100 100 1 1 1 1 1 100 100 1 1 1 1 1 100 100 1 1 1 1 1 1 1 1 1 1 1 1 100 1 1 1 1 1 1 1 1 100 1 1 100 1 1 1 1 100 100 1 1 1 1 1 1 1 1 1 1 100 1 100 1 1 1 1 1 1 1 1 1 12 12 12 12 7 12 100 12 12 1 1 1 12 12 12 1 12 12 12 12 12 12 12 12 1 12 12 1 12 1 12 12 12 12 12 12 12 12 1 12 7 12 12 12 12 12 12 12 12 12 100 12 7 12 12 12 12 1 12 1 12 7 12 12 12 12 1 1 1 12 12 1 12 1 1 12 12 12 12 7 12 12 12 12 12 12 100 12 12 12 12 12 12 12 12 12 12 7 12 12 1 7 12 12 12 12 1 1 12 12 12 12 12 12 12 12 1 1 12 12 12 1 12 100 12 7 12 1 12 12 12 7 12 7 12 1 12 7 12 1 12 12 12 12 12 1 1 12 12 1 12 12 1 12 1 100 1 12 12 12 12 12 100 12 12 12 1 1 12 12 12 12 12 12 12 100 12 1 12 12 12 12 1 1 12 1 12 12 1 1 12 1 1 12 12 1 1 12 12 7 12 1 1 12 1 12 12 12 12 12 1 12 12 1 1 12 1 12 12 12 12 12 12 12 12 1 12 12 12 12 100 12 12 12 12 12 12 1 1 1 1 1 1 1 1 1 1 1 1 1 1 1 1 1 1 1 1 1 1 1 1 1 1 1 1 1 1 1 1 1 1 1 1 1 1 1 1 1 1 1 1 1 1 1 1 1 1 1 1 1 1 1 1 1 1 1 1 1 1 1 1 1 1 1 1 1 1 1 1 1 1 1 1 1 1 1 1 1 1 1 1 1 1 1 1 1 1 1 1 1 1 1 1 1 1 1 1 1 1 1 1 1 1 1 1 1 1 1 1 1 1 1 1 1 1 1 1 1 1 1 1 1 1 1 1 1 1 1 1 1 1 1 1 1 1 1 1 1 1 1 1 1 1 1 1 1 1 1 1 1 1 1 1 1 1 1
staticfield java/lang/ClassLoader nocerts [Ljava/security/cert/Certificate; 0 [Ljava/security/cert/Certificate;
ciInstanceKlass java/lang/System 1 1 375 10 10 10 10 10 9 7 10 11 10 10 10 100 8 10 10 8 10 100 10 8 10 10 100 10 10 9 10 9 9 7 10 10 10 10 10 10 100 100 8 10 10 7 10 100 8 10 8 10 100 8 10 100 10 8 10 10 10 8 10 10 10 10 10 10 10 10 10 7 7 10 10 100 10 10 8 10 7 9 10 7 9 10 9 7 10 8 10 8 8 10 10 10 10 10 10 10 10 7 10 10 10 9 9 9 100 1 1 1 1 1 1 1 1 1 1 1 1 1 1 1 1 1 1 1 1 1 1 1 1 1 1 1 100 100 1 1 1 7 1 100 1 1 1 1 1 100 1 1 1 1 1 1 1 1 1 1 1 1 1 1 1 1 1 1 1 1 1 1 1 1 1 1 1 1 1 1 1 1 1 1 1 1 1 1 1 1 1 1 1 100 1 1 1 1 1 12 12 12 12 12 12 1 7 12 100 12 100 12 12 12 1 1 12 100 12 1 12 1 12 12 100 12 1 12 100 12 12 12 12 12 1 12 12 12 12 12 1 1 1 12 12 1 12 1 1 1 12 1 1 1 1 12 12 7 12 1 12 7 12 12 12 12 12 7 12 12 12 1 1 12 12 1 12 7 12 1 7 12 1 7 12 12 1 12 12 1 12 1 12 1 1 12 7 12 12 7 12 12 7 12 12 12 1 12 12 12 12 12 1 1 1 1 1 1 1 1 1 1 1 1 1 1 1 1 1 1 1 1 1 1 1 1 1 1 1 1 1 1 1 1 1 1 1 1 1 1 1 1 1 1 1 1 1 1 1 1 1 1 1 1 1 1 1 1 1 1 1 1 1 1 1 1 1
staticfield java/lang/System in Ljava/io/InputStream; java/io/BufferedInputStream
staticfield java/lang/System out Ljava/io/PrintStream; java/io/PrintStream
staticfield java/lang/System err Ljava/io/PrintStream; java/io/PrintStream
instanceKlass java/lang/Exception
instanceKlass java/lang/Error
ciInstanceKlass java/lang/Throwable 1 1 368 10 9 9 9 9 9 10 9 10 10 100 7 10 8 10 8 10 10 10 100 8 10 10 10 10 8 9 10 100 10 10 100 10 10 11 10 10 10 8 10 10 7 8 8 10 10 8 8 9 10 100 10 11 8 8 10 8 10 8 100 10 9 10 10 7 10 7 10 10 100 8 10 10 10 10 7 10 10 11 11 11 8 8 10 11 10 9 8 10 100 100 8 10 11 8 9 10 9 11 100 10 10 7 100 100 1 1 1 100 1 100 1 1 1 1 5 0 1 1 1 1 1 1 1 1 1 1 1 1 1 1 1 1 1 1 1 1 1 1 1 1 1 1 1 1 1 1 100 100 1 1 1 1 1 1 1 1 1 1 1 1 100 100 100 1 1 1 1 1 1 1 1 1 1 1 1 1 1 1 1 1 100 100 100 1 7 7 1 1 100 100 1 1 1 1 1 1 1 1 1 12 12 12 12 12 12 12 12 12 12 1 1 1 12 1 100 12 12 1 1 12 7 12 12 1 100 12 12 1 12 12 1 7 12 100 12 12 12 12 1 12 12 1 1 1 12 12 1 1 12 100 12 1 12 1 1 12 1 12 1 1 12 12 12 7 12 12 1 12 7 1 1 12 100 12 100 12 1 100 12 12 100 12 100 12 12 1 1 100 12 1 12 1 1 1 12 1 12 7 12 12 12 12 12 1 1 1 1 1 1 1 1 1 1 1 1 1 1 1 1 1 1 1 1 1 1 1 1 1 1 1 1 1 1 1 1 1 1 1 1 1 1 1 1 1 1 1 1 1 1 1 1 1 1 1 1 1 1 1 1 1 1 1 1 1 1 1
staticfield java/lang/Throwable UNASSIGNED_STACK [Ljava/lang/StackTraceElement; 0 [Ljava/lang/StackTraceElement;
staticfield java/lang/Throwable SUPPRESSED_SENTINEL Ljava/util/List; java/util/Collections$UnmodifiableRandomAccessList
staticfield java/lang/Throwable EMPTY_THROWABLE_ARRAY [Ljava/lang/Throwable; 0 [Ljava/lang/Throwable;
staticfield java/lang/Throwable $assertionsDisabled Z 1
instanceKlass java/lang/VirtualMachineError
instanceKlass java/lang/LinkageError
instanceKlass java/lang/ThreadDeath
ciInstanceKlass java/lang/Error 1 1 30 10 10 10 10 10 100 7 1 1 1 5 0 1 1 1 1 1 1 1 1 1 1 12 12 12 12 12 1 1
ciInstanceKlass java/lang/ThreadDeath 0 0 18 10 100 100 1 1 1 5 0 1 1 1 1 1 1 12 1 1
instanceKlass com/sun/javafx/geom/transform/NoninvertibleTransformException
instanceKlass javax/transaction/SystemException
instanceKlass java/sql/SQLException
instanceKlass org/apache/catalina/LifecycleException
instanceKlass javax/servlet/ServletException
instanceKlass java/beans/PropertyVetoException
instanceKlass java/rmi/activation/ActivationException
instanceKlass javax/naming/NamingException
instanceKlass java/security/GeneralSecurityException
instanceKlass java/lang/CloneNotSupportedException
instanceKlass javax/management/JMException
instanceKlass java/security/PrivilegedActionException
instanceKlass java/io/IOException
instanceKlass java/lang/InterruptedException
instanceKlass java/lang/ReflectiveOperationException
instanceKlass java/lang/RuntimeException
ciInstanceKlass java/lang/Exception 1 1 30 10 10 10 10 10 100 7 1 1 1 5 0 1 1 1 1 1 1 1 1 1 1 12 12 12 12 12 1 1
instanceKlass java/time/DateTimeException
instanceKlass java/util/MissingResourceException
instanceKlass javax/management/JMRuntimeException
instanceKlass org/springframework/boot/actuate/endpoint/InvalidEndpointRequestException
instanceKlass org/springframework/data/mapping/MappingException
instanceKlass javax/persistence/PersistenceException
instanceKlass org/springframework/boot/actuate/management/HeapDumpWebEndpoint$HeapDumperUnavailableException
instanceKlass java/util/NoSuchElementException
instanceKlass org/springframework/cglib/core/ClassNameReader$EarlyExitException
instanceKlass java/lang/TypeNotPresentException
instanceKlass org/springframework/core/NestedRuntimeException
instanceKlass javax/validation/ValidationException
instanceKlass java/lang/IllegalStateException
instanceKlass java/lang/SecurityException
instanceKlass java/lang/invoke/WrongMethodTypeException
instanceKlass java/lang/IndexOutOfBoundsException
instanceKlass java/lang/IllegalArgumentException
instanceKlass java/lang/ArithmeticException
instanceKlass java/lang/NullPointerException
instanceKlass java/lang/IllegalMonitorStateException
instanceKlass java/lang/ArrayStoreException
instanceKlass java/lang/ClassCastException
ciInstanceKlass java/lang/RuntimeException 1 1 30 10 10 10 10 10 100 7 1 1 1 5 0 1 1 1 1 1 1 1 1 1 1 12 12 12 12 12 1 1
instanceKlass javax/crypto/JceSecurityManager
ciInstanceKlass java/lang/SecurityManager 1 1 383 9 10 100 9 10 9 7 10 100 8 10 10 10 10 10 10 10 10 10 100 10 10 9 10 10 10 100 8 10 9 9 8 9 100 10 8 10 10 10 100 10 10 100 100 8 10 8 8 8 8 8 8 10 8 8 8 8 8 10 10 8 100 8 10 8 8 8 8 8 10 8 100 8 8 10 8 9 8 9 9 8 10 100 8 10 10 100 10 10 10 8 9 9 100 10 10 10 9 8 8 9 9 100 10 9 8 8 8 10 10 9 100 10 10 7 1 1 1 1 1 1 1 1 1 1 1 1 1 1 1 1 1 1 1 1 1 1 100 1 1 1 100 100 100 1 1 1 1 100 1 1 1 100 1 1 1 1 1 1 1 1 1 1 1 1 1 1 1 1 1 1 100 1 1 1 1 1 1 1 100 1 1 1 1 1 1 1 1 1 1 1 1 1 100 1 1 1 1 1 100 1 1 1 1 1 100 100 1 1 1 1 1 100 1 1 1 1 1 1 1 1 12 12 1 12 12 12 1 7 12 1 1 12 12 12 12 12 12 12 100 12 1 12 7 12 12 7 12 1 1 12 12 1 12 1 1 12 12 12 1 12 1 1 1 12 1 1 1 1 1 1 12 1 1 1 1 1 12 12 1 1 1 1 1 1 1 1 100 12 1 1 1 1 1 100 12 1 12 12 1 12 1 1 12 1 12 12 12 1 12 12 1 12 12 12 12 1 1 12 12 1 12 1 1 1 12 100 12 12 1 12 1 1 1 1 1 1 1 1 1 1 1 1 1 1 1 1 1 1 1 1 1 1 1 1 1 1 1 1 1 1 1 1 1 1 1 1 1 1 1 1 1 1 1 1 1 1 1 1 1 1 1
staticfield java/lang/SecurityManager packageAccessLock Ljava/lang/Object; java/lang/Object
staticfield java/lang/SecurityManager packageDefinitionLock Ljava/lang/Object; java/lang/Object
ciInstanceKlass java/security/ProtectionDomain 1 1 287 9 10 9 7 10 9 9 9 10 7 9 9 7 9 10 7 10 10 10 10 9 10 8 100 8 10 10 10 10 10 8 11 8 10 8 8 10 10 10 10 8 10 8 8 10 9 10 9 10 100 100 10 10 7 10 100 10 10 11 11 11 100 10 10 11 11 10 10 11 10 7 10 10 8 10 7 10 10 7 7 1 1 1 1 1 1 1 1 1 1 1 1 1 1 1 1 1 1 1 1 1 1 1 100 100 100 1 100 1 1 1 1 1 1 1 1 1 1 1 1 1 1 100 100 1 100 100 1 100 100 100 100 100 100 100 1 1 1 1 1 1 12 12 12 1 12 12 12 12 12 1 12 12 1 12 100 12 7 7 12 12 12 100 12 1 1 1 12 12 100 12 12 1 1 12 1 1 12 12 12 12 1 12 1 1 100 12 12 12 12 100 12 1 1 100 12 1 1 12 12 100 12 12 100 12 1 12 12 12 12 100 12 12 12 1 12 7 12 1 7 12 1 12 1 1 1 1 1 1 1 1 1 1 1 1 1 1 1 1 1 1 1 1 1 1 1 1 1 1 1 1 1 1 1 1 1 1 1 1 1 1 1 1 1 1 1 1 1 1 1 1 1 1 1 1 1 1 1 1 1 1 1 1 1 1 1
staticfield java/security/ProtectionDomain debug Lsun/security/util/Debug; null
ciInstanceKlass java/security/AccessControlContext 1 1 313 9 9 10 8 10 10 9 9 9 10 7 100 10 11 11 11 11 7 11 10 10 9 10 11 10 7 100 8 10 10 7 9 9 9 9 9 9 9 10 9 10 10 8 10 10 10 7 10 10 10 10 8 10 8 10 8 8 10 8 10 8 10 10 10 8 8 100 10 10 7 10 8 10 10 10 8 10 10 10 7 10 10 10 10 10 10 10 10 7 1 1 1 1 1 1 1 1 1 1 1 1 1 1 1 1 1 1 1 1 1 1 1 1 1 1 100 100 1 1 100 1 100 100 1 1 1 1 1 1 1 1 100 1 1 1 100 1 1 100 1 1 1 1 1 1 1 1 1 1 1 1 1 1 1 1 1 1 1 1 1 1 1 12 12 7 12 1 7 12 12 12 12 12 7 12 1 12 100 12 12 12 12 1 12 12 7 12 100 12 100 12 100 12 1 1 1 12 12 1 12 12 12 12 12 12 12 7 12 12 12 12 1 12 12 100 12 1 12 100 12 1 100 12 1 100 12 1 1 12 1 12 1 12 12 12 1 1 1 12 12 1 12 1 12 1 12 12 12 1 12 12 12 12 12 12 1 1 1 1 1 1 1 1 1 1 1 1 1 1 1 1 1 1 1 1 1 1 1 1 1 1 1 1 1 1 1 1 1 1 1 1 1 1 1 1 1 1 1 1 1 1 1 1 1 1 1 1 1 1 1 1 1
instanceKlass sun/reflect/misc/MethodUtil
instanceKlass java/net/URLClassLoader
ciInstanceKlass java/security/SecureClassLoader 1 1 134 10 7 10 9 10 10 9 10 10 10 10 10 7 10 10 7 10 10 10 9 100 10 8 10 10 10 10 8 100 8 10 8 10 10 7 7 1 1 1 1 1 1 1 1 1 1 1 1 1 100 100 100 1 1 1 1 1 1 1 1 1 1 100 100 100 1 1 1 1 12 1 12 12 7 12 100 12 12 12 12 12 12 12 1 12 1 12 12 12 12 1 1 12 12 12 7 12 1 1 1 12 1 12 12 1 1 1 1 1 1 1 1 1 1 1 1 1 1 1 1 1 1 1 1 1 1 1 1 1 1 1 1 1
staticfield java/security/SecureClassLoader debug Lsun/security/util/Debug; null
instanceKlass java/lang/reflect/InvocationTargetException
instanceKlass java/lang/IllegalAccessException
instanceKlass java/lang/InstantiationException
instanceKlass java/lang/NoSuchMethodException
instanceKlass java/lang/NoSuchFieldException
instanceKlass java/lang/ClassNotFoundException
ciInstanceKlass java/lang/ReflectiveOperationException 1 1 27 10 10 10 10 100 7 1 1 1 5 0 1 1 1 1 1 1 1 1 1 12 12 12 12 1 1
ciInstanceKlass java/lang/ClassNotFoundException 1 1 32 100 10 10 9 100 7 1 1 1 5 0 1 1 1 1 1 1 1 1 1 1 1 1 1 1 12 12 12 1 1 1
instanceKlass java/lang/UnsatisfiedLinkError
instanceKlass java/lang/ClassFormatError
instanceKlass java/lang/IncompatibleClassChangeError
instanceKlass java/lang/BootstrapMethodError
instanceKlass java/lang/NoClassDefFoundError
ciInstanceKlass java/lang/LinkageError 1 1 24 10 10 10 100 7 1 1 1 5 0 1 1 1 1 1 1 1 1 12 12 12 1 1
ciInstanceKlass java/lang/NoClassDefFoundError 0 0 21 10 10 100 100 1 1 1 5 0 1 1 1 1 1 1 1 12 12 1 1
ciInstanceKlass java/lang/ClassCastException 1 1 21 10 10 100 100 1 1 1 5 0 1 1 1 1 1 1 1 12 12 1 1
ciInstanceKlass java/lang/ArrayStoreException 1 1 21 10 10 100 100 1 1 1 5 0 1 1 1 1 1 1 1 12 12 1 1
instanceKlass java/lang/InternalError
instanceKlass java/lang/StackOverflowError
instanceKlass java/lang/OutOfMemoryError
ciInstanceKlass java/lang/VirtualMachineError 1 1 27 10 10 10 10 100 7 1 1 1 5 0 1 1 1 1 1 1 1 1 1 12 12 12 12 1 1
ciInstanceKlass java/lang/OutOfMemoryError 1 1 21 10 10 100 100 1 1 1 5 0 1 1 1 1 1 1 1 12 12 1 1
ciInstanceKlass java/lang/StackOverflowError 1 1 21 10 10 100 100 1 1 1 5 0 1 1 1 1 1 1 1 12 12 1 1
ciInstanceKlass java/lang/IllegalMonitorStateException 1 1 21 10 10 100 100 1 1 1 5 0 1 1 1 1 1 1 1 12 12 1 1
instanceKlass java/lang/ref/PhantomReference
instanceKlass java/lang/ref/FinalReference
instanceKlass java/lang/ref/WeakReference
instanceKlass java/lang/ref/SoftReference
ciInstanceKlass java/lang/ref/Reference 1 1 141 9 9 7 9 10 100 10 100 10 9 9 10 9 9 10 10 7 10 10 10 10 7 8 10 7 10 10 10 7 10 10 7 7 1 1 1 1 1 1 1 1 1 1 1 1 1 1 1 1 1 1 1 1 1 1 1 100 100 100 100 100 100 100 1 1 1 1 1 1 1 1 1 1 1 1 1 1 100 1 1 1 12 12 1 12 12 1 12 1 12 12 7 12 12 12 12 12 12 1 12 12 12 7 12 1 1 12 1 12 12 12 1 7 12 1 1 1 1 1 1 1 1 1 1 1 1 1 1 1 1 1 1 1 1 1 1 1 1 1 1
instanceKlass org/hibernate/validator/internal/util/ConcurrentReferenceHashMap$SoftValueReference
instanceKlass org/hibernate/validator/internal/util/ConcurrentReferenceHashMap$SoftKeyReference
instanceKlass sun/security/util/MemoryCache$SoftCacheEntry
instanceKlass org/springframework/util/ConcurrentReferenceHashMap$SoftEntryReference
instanceKlass sun/util/locale/provider/LocaleResources$ResourceReference
instanceKlass java/util/ResourceBundle$BundleReference
instanceKlass java/lang/invoke/LambdaFormEditor$Transform
instanceKlass sun/util/locale/LocaleObjectCache$CacheEntry
ciInstanceKlass java/lang/ref/SoftReference 1 1 35 10 9 9 10 10 7 7 1 1 1 1 1 1 1 1 1 1 1 1 1 1 100 1 1 1 1 12 12 12 12 12 1 1 1
instanceKlass com/sun/javafx/util/WeakReferenceQueue$ListEntry
instanceKlass net/bytebuddy/TypeCache$StorageKey
instanceKlass org/apache/tomcat/util/collections/ManagedConcurrentWeakHashMap$Key
instanceKlass java/lang/reflect/Proxy$Key2
instanceKlass org/springframework/cglib/core/WeakCacheKey
instanceKlass org/springframework/util/ConcurrentReferenceHashMap$WeakEntryReference
instanceKlass java/util/ResourceBundle$LoaderReference
instanceKlass java/io/ObjectStreamClass$FieldReflectorKey
instanceKlass java/io/ObjectStreamClass$WeakClassKey
instanceKlass java/lang/invoke/MethodType$ConcurrentWeakInternSet$WeakEntry
instanceKlass sun/rmi/transport/WeakRef
instanceKlass java/lang/reflect/WeakCache$CacheValue
instanceKlass java/lang/reflect/Proxy$Key1
instanceKlass java/lang/reflect/WeakCache$CacheKey
instanceKlass com/sun/jmx/mbeanserver/WeakIdentityHashMap$IdentityWeakReference
instanceKlass java/util/logging/LogManager$LoggerWeakRef
instanceKlass java/lang/ClassValue$Entry
instanceKlass java/util/WeakHashMap$Entry
instanceKlass java/lang/ThreadLocal$ThreadLocalMap$Entry
ciInstanceKlass java/lang/ref/WeakReference 1 1 20 10 10 100 7 1 1 1 1 1 1 1 1 1 1 1 12 12 1 1
instanceKlass java/lang/ref/Finalizer
ciInstanceKlass java/lang/ref/FinalReference 1 1 16 10 100 7 1 1 1 1 1 1 1 1 1 12 1 1
instanceKlass com/mysql/cj/jdbc/AbandonedConnectionCleanupThread$ConnectionFinalizerPhantomReference
instanceKlass sun/misc/Cleaner
ciInstanceKlass java/lang/ref/PhantomReference 1 1 19 10 100 7 1 1 1 1 1 1 1 1 1 1 1 1 12 1 1
ciInstanceKlass sun/misc/Cleaner 1 1 75 9 9 9 9 10 9 7 10 10 10 11 100 100 10 10 7 10 7 1 1 1 1 1 1 1 1 1 1 1 1 1 1 1 1 1 1 1 1 1 1 1 1 100 1 1 1 1 12 12 12 12 12 12 1 12 12 12 7 12 1 1 12 100 12 1 12 1 1 1 1 1 1 1 1
staticfield sun/misc/Cleaner dummyQueue Ljava/lang/ref/ReferenceQueue; java/lang/ref/ReferenceQueue
ciInstanceKlass java/lang/ref/Finalizer 1 1 153 9 9 9 10 9 9 10 10 7 10 10 10 10 7 11 100 10 100 10 10 10 100 10 10 100 10 7 10 7 10 10 10 10 7 10 7 10 10 10 7 1 1 1 1 1 1 1 1 1 1 1 1 1 1 1 1 1 1 1 100 100 1 1 1 1 1 1 1 1 1 1 1 1 1 1 1 1 1 1 1 1 1 1 1 1 100 1 1 1 12 12 12 12 12 12 12 12 1 12 12 12 12 1 7 12 1 12 1 12 100 12 100 12 1 12 12 1 1 1 12 12 7 12 1 12 1 12 12 12 1 1 1 1 1 1 1 1 1 1 1 1 1 1 1 1 1 1 1 1 1 1 1
staticfield java/lang/ref/Finalizer lock Ljava/lang/Object; java/lang/Object
instanceKlass net/bytebuddy/TypeCache
instanceKlass java/lang/ref/ReferenceQueue$Null
ciInstanceKlass java/lang/ref/ReferenceQueue 1 1 133 10 7 10 9 9 9 9 9 9 9 100 10 9 7 10 10 10 100 8 10 10 10 5 0 10 11 7 10 7 10 7 100 1 1 1 1 1 1 1 1 1 1 1 1 1 1 1 1 1 1 1 1 1 1 1 1 100 100 100 100 1 1 1 1 1 1 1 1 100 1 1 1 1 1 1 1 1 12 1 12 12 12 12 7 12 12 12 12 1 12 1 7 12 12 12 1 1 12 100 12 12 12 100 12 1 7 12 1 1 1 1 1 1 1 1 1 1 1 1 1 1 1 1 1 1 1 1 1 1 1 1 1
staticfield java/lang/ref/ReferenceQueue $assertionsDisabled Z 1
instanceKlass java/util/TimerThread
instanceKlass org/springframework/boot/devtools/restart/Restarter$LeakSafeThread
instanceKlass org/springframework/context/support/AbstractApplicationContext$1
instanceKlass org/apache/tomcat/util/net/NioBlockingSelector$BlockPoller
instanceKlass java/util/concurrent/ForkJoinWorkerThread
instanceKlass org/springframework/boot/web/embedded/tomcat/TomcatWebServer$1
instanceKlass org/apache/tomcat/util/threads/TaskThread
instanceKlass com/sun/glass/ui/InvokeLaterDispatcher
instanceKlass com/sun/javafx/tk/quantum/QuantumToolkit$1
instanceKlass java/util/logging/LogManager$Cleaner
instanceKlass com/intellij/rt/execution/application/AppMainV2$1
instanceKlass java/lang/ref/Finalizer$FinalizerThread
instanceKlass java/lang/ref/Reference$ReferenceHandler
ciInstanceKlass java/lang/Thread 1 1 550 9 9 9 9 100 8 10 3 8 3 10 10 100 8 10 9 10 10 10 10 10 10 10 9 10 10 9 10 9 10 9 10 9 10 9 9 10 9 10 9 10 9 100 10 10 9 9 9 7 7 10 8 10 10 10 10 10 100 10 10 10 10 100 11 10 9 10 9 10 100 10 10 100 10 10 11 10 100 10 10 10 7 10 10 10 10 10 10 10 10 10 10 7 8 10 10 10 8 10 8 10 8 8 10 10 7 8 10 9 9 10 10 10 9 10 100 10 11 9 9 10 100 10 11 100 10 10 11 10 100 10 10 10 8 9 10 11 10 11 10 7 8 7 1 1 100 1 100 1 100 1 1 1 1 1 1 1 1 1 1 1 1 1 1 1 1 1 1 1 1 1 1 1 100 1 1 1 1 1 1 1 1 1 1 1 1 1 1 1 3 1 3 1 3 1 1 1 1 1 1 1 1 1 1 1 1 1 1 1 1 1 1 1 1 1 1 1 1 1 100 100 100 100 1 1 1 1 1 1 100 1 1 1 1 100 100 100 100 100 1 1 1 1 1 1 1 1 1 1 1 1 1 1 1 1 1 1 1 1 1 1 1 1 1 1 1 1 1 1 1 1 1 1 1 1 1 1 1 1 1 1 1 1 1 1 1 1 1 1 1 1 1 1 1 100 100 1 1 100 100 1 1 1 1 100 100 1 1 1 1 1 1 1 1 1 1 1 1 1 1 100 1 1 1 1 100 1 1 1 1 1 1 1 1 1 1 1 12 12 12 12 1 1 12 1 12 12 1 1 12 12 7 12 100 12 7 12 12 12 12 12 12 12 12 12 12 12 12 12 7 12 12 12 12 12 7 12 12 12 12 1 12 12 12 12 1 1 1 12 12 12 12 12 1 12 12 12 1 12 12 12 100 12 12 1 12 1 12 100 12 12 1 12 12 1 12 12 12 12 12 12 12 12 12 1 1 12 12 1 12 1 1 1 100 12 100 12 1 12 12 12 12 12 12 1 12 100 12 12 12 12 1 12 100 12 1 12 12 12 12 1 12 12 100 12 12 12 12 100 12 12 12 1 1 1 1 1 1 1 1 1 1 1 1 1 1 1 1 1 1 1 1 1 1 1 1 1 1 1 1 1 1 1 1 1 1 1 1 1 1 1 1 1 1 1 1 1 1 1 1 1 1 1 1 1 1 1 1 1 1 1 1 1 1 1 1 1 1 1 1 1 1 1 1 1 1 1 1 1
staticfield java/lang/Thread EMPTY_STACK_TRACE [Ljava/lang/StackTraceElement; 0 [Ljava/lang/StackTraceElement;
staticfield java/lang/Thread SUBCLASS_IMPLEMENTATION_PERMISSION Ljava/lang/RuntimePermission; java/lang/RuntimePermission
ciInstanceKlass java/lang/ThreadGroup 1 1 275 10 9 8 9 7 9 9 10 10 10 10 10 9 9 10 10 9 10 9 9 10 100 10 10 10 9 10 10 9 10 10 10 10 10 10 10 10 10 10 10 100 10 10 10 7 10 7 10 9 10 8 10 10 10 10 11 100 9 100 10 8 10 10 8 10 10 10 10 10 8 10 8 10 8 7 100 1 1 1 1 1 1 1 1 1 1 1 1 1 1 1 1 1 1 1 1 1 1 1 1 1 1 1 1 1 1 1 1 1 1 1 1 1 1 1 1 100 100 100 1 1 1 100 1 1 1 1 1 1 1 1 1 1 1 1 1 1 1 1 1 100 1 1 1 1 1 1 1 1 1 1 1 100 1 1 100 1 1 1 1 12 12 1 12 1 12 12 12 12 12 12 12 12 12 12 12 12 100 12 12 12 7 12 12 7 12 100 12 12 12 12 12 12 12 12 12 12 12 12 12 12 1 12 12 1 12 12 12 12 1 100 12 12 12 12 1 12 1 1 12 12 1 12 100 12 100 12 12 100 1 1 12 1 1 1 1 1 1 1 1 1 1 1 1 1 1 1 1 1 1 1 1 1 1 1 1 1 1 1 1 1 1 1 1 1 1 1 1 1 1 1 1 1 1
instanceKlass java/util/Hashtable
ciInstanceKlass java/util/Dictionary 1 1 31 10 100 7 1 1 1 1 1 1 1 1 1 1 1 1 1 1 1 1 1 1 1 1 1 1 1 1 12 1 1
instanceKlass java/util/Properties
ciInstanceKlass java/util/Hashtable 1 1 431 100 9 9 9 10 10 100 100 10 8 10 10 10 10 10 8 10 9 7 7 4 10 9 4 10 11 10 10 10 100 10 9 10 9 10 10 3 9 9 3 10 10 10 11 11 11 11 7 11 11 10 10 10 9 9 9 100 100 10 10 8 10 10 8 10 8 10 7 10 10 7 10 10 7 10 100 10 10 7 11 11 100 10 10 10 11 100 10 100 11 11 10 10 10 10 10 100 10 10 8 10 10 100 11 10 10 10 7 100 100 100 1 1 1 1 1 1 1 1 1 1 1 1 1 1 1 1 1 1 1 5 0 1 1 1 1 1 1 1 1 1 1 3 1 3 1 3 1 1 1 1 1 100 1 1 1 1 1 1 1 1 1 1 1 1 1 1 1 100 1 1 100 1 1 1 1 1 1 1 1 1 1 1 1 100 1 1 1 100 1 1 100 100 100 1 1 1 1 1 1 1 1 1 1 1 1 100 100 100 1 1 1 1 1 100 1 1 1 100 1 1 1 1 1 1 1 1 100 1 1 1 1 1 1 1 1 1 1 100 1 100 1 1 100 1 1 1 1 1 1 1 1 1 1 1 1 1 1 1 1 12 12 12 12 12 1 1 1 12 12 12 12 7 12 1 12 12 1 1 7 12 12 12 12 12 12 12 1 12 7 12 12 12 12 12 12 12 12 12 12 7 12 7 12 12 1 12 12 12 12 12 12 12 1 1 12 1 12 1 1 7 12 1 12 12 1 12 12 1 1 12 1 12 12 1 7 12 100 12 1 100 12 100 12 12 100 12 12 12 100 12 1 12 1 12 100 12 1 100 12 12 12 1 1 1 1 1 1 1 1 1 1 1 1 1 1 1 1 1 1 1 1 1 1 1 1 1 1 1 1 1 1 1 1 1 1 1 1 1 1 1 1 1 1 1 1 1 1 1 1 1 1 1 1 1 1 1 1 1 1 1 1 1 1 1 1 1 1 1 1
instanceKlass org/springframework/beans/factory/support/ManagedProperties
instanceKlass java/security/Provider
ciInstanceKlass java/util/Properties 1 1 273 10 10 9 10 7 10 10 10 10 9 10 100 3 100 8 10 7 10 10 7 10 10 10 10 10 8 10 10 10 10 10 100 7 10 10 7 8 10 10 7 10 10 7 10 10 10 10 11 11 10 10 8 10 10 100 10 10 8 10 100 10 10 10 7 10 10 10 10 8 10 8 10 10 9 7 100 1 1 1 1 1 1 5 0 1 1 1 1 1 1 1 1 1 1 1 1 1 1 1 1 1 1 100 100 100 1 1 1 1 100 1 1 100 100 1 1 100 1 1 1 1 1 100 1 1 100 100 100 1 100 1 1 1 1 1 1 1 1 1 1 1 1 1 1 100 1 1 1 1 1 1 1 1 1 1 1 1 12 12 12 12 1 12 12 12 12 12 12 1 1 1 12 1 12 12 1 12 12 12 12 12 1 12 12 12 12 12 1 1 12 12 1 1 12 12 1 12 1 12 7 12 12 12 12 1 12 100 12 1 12 12 1 12 1 12 12 1 12 12 12 1 100 12 1 100 12 1 1 1 1 1 1 1 1 1 1 1 1 1 1 1 1 1 1 1 1 1 1 1 1 1 1 1 1 1 1 1 1 1 1 1 1 1 1 1 1 1 1 1 1 1 1
staticfield java/util/Properties hexDigit [C 16
instanceKlass java/lang/reflect/Executable
instanceKlass java/lang/reflect/Field
ciInstanceKlass java/lang/reflect/AccessibleObject 1 1 147 10 9 10 10 7 10 7 100 8 10 9 10 100 8 10 11 10 10 10 9 10 10 100 10 10 7 8 10 7 10 10 7 9 7 7 7 1 1 1 1 1 1 1 1 1 1 1 1 1 100 1 1 1 1 1 1 1 1 1 1 1 1 1 1 1 1 1 1 1 1 1 1 1 1 1 100 100 100 1 1 1 1 1 1 1 7 12 12 100 12 12 1 12 1 1 1 12 12 12 1 1 12 12 12 12 12 12 100 12 12 1 12 7 12 1 1 1 1 1 7 12 1 12 1 1 1 1 1 1 1 1 1 1 1 1 1 1 1 1 1 1 1 1 1 1 1
staticfield java/lang/reflect/AccessibleObject ACCESS_PERMISSION Ljava/security/Permission; java/lang/reflect/ReflectPermission
staticfield java/lang/reflect/AccessibleObject reflectionFactory Lsun/reflect/ReflectionFactory; sun/reflect/ReflectionFactory
ciInstanceKlass java/lang/reflect/Field 1 1 367 9 10 10 10 9 10 10 10 10 9 9 9 9 9 9 9 7 8 10 7 10 9 9 10 7 10 10 10 10 10 10 10 7 10 8 10 10 8 10 10 8 10 11 9 10 10 10 10 11 11 11 11 11 11 11 11 11 11 11 11 11 11 11 11 11 11 10 10 9 10 10 10 10 11 10 100 10 10 9 10 11 10 10 9 10 7 100 1 1 1 1 1 1 1 1 1 1 1 1 1 1 1 1 1 1 1 1 1 1 1 1 1 1 1 1 1 1 1 1 1 1 1 1 1 1 1 1 1 1 1 1 1 1 1 1 1 1 1 100 1 1 100 100 1 100 1 1 1 7 1 1 1 1 1 1 1 1 1 1 1 1 1 1 1 1 1 1 1 1 1 1 1 1 1 1 1 1 1 1 1 1 1 1 1 1 1 100 1 1 1 1 1 1 1 1 1 1 1 1 1 1 1 1 1 1 1 1 12 12 7 12 7 12 12 12 12 7 12 12 12 12 12 12 12 12 12 1 1 12 1 12 12 12 12 1 12 12 12 12 12 7 7 12 1 1 12 12 1 12 12 1 100 12 7 12 12 12 12 7 12 12 12 12 12 12 12 12 12 12 12 12 12 12 12 12 12 12 12 12 12 7 12 12 7 12 12 7 12 1 100 12 7 12 12 7 12 7 12 12 12 7 12 7 12 1 1 1 1 1 1 1 1 1 1 1 1 1 1 1 1 1 1 1 1 1 1 1 1 1 1 1 1 1 1 1 1 1 1 1 1 1 1 1 1 1 1 1 1 1 1 1 1 1 1 1 1 100 1 1 1 1 1 1 1 1 1
ciInstanceKlass java/lang/reflect/Parameter 1 1 215 10 9 9 9 9 9 9 7 10 10 10 100 10 10 11 10 10 10 10 10 8 8 10 10 10 8 10 8 10 10 10 10 10 10 10 10 10 10 11 10 7 10 10 10 10 10 9 7 10 11 11 7 100 1 1 1 1 1 1 1 1 1 1 1 1 1 1 1 1 1 1 1 1 1 1 1 100 1 1 1 1 1 1 100 100 100 1 1 1 1 1 1 1 1 1 100 1 1 1 1 1 1 1 1 1 1 1 1 1 1 1 1 1 1 100 1 1 1 12 12 12 12 12 12 12 1 12 12 7 12 1 12 100 12 12 7 12 12 12 12 1 1 7 12 12 12 1 1 12 12 12 12 12 12 12 7 12 12 7 12 7 12 1 7 12 12 12 12 12 12 1 12 12 1 1 1 1 1 1 1 1 1 1 1 1 1 1 1 1 1 1 1 1 1 1 1 1 1 1 1 1 1 1 1 1 1 1 1 1 1 1 1 1 1
instanceKlass java/lang/reflect/Constructor
instanceKlass java/lang/reflect/Method
ciInstanceKlass java/lang/reflect/Executable 1 1 385 10 10 10 11 10 10 10 8 10 10 10 7 8 7 10 10 10 10 8 10 100 8 10 8 10 10 8 10 10 11 10 8 8 10 10 7 10 100 10 10 10 10 10 10 7 10 10 10 10 10 7 10 7 8 10 10 100 8 10 10 10 10 10 8 8 3 8 9 10 100 8 9 10 10 10 10 10 10 7 10 10 10 10 11 10 7 10 10 9 10 10 10 9 10 10 9 10 9 10 9 7 7 100 100 1 1 1 1 1 1 1 1 1 1 1 1 1 1 1 1 1 1 1 1 1 1 1 1 1 1 1 1 1 1 1 1 1 100 100 100 100 1 1 1 1 1 100 100 100 100 1 1 1 1 1 1 1 1 1 1 1 1 1 1 1 1 1 1 100 1 1 1 1 1 1 100 1 1 1 1 1 1 1 1 1 1 1 1 1 1 1 1 1 1 1 1 1 1 1 1 1 1 1 1 1 1 1 1 1 1 1 12 7 12 12 7 12 7 12 12 12 1 12 12 12 1 1 1 12 12 12 1 12 1 1 12 1 12 100 1 12 12 12 1 1 7 12 12 1 12 1 12 12 7 12 12 12 1 12 12 12 12 7 12 12 1 1 12 12 1 1 12 12 12 12 1 1 1 12 12 1 1 12 12 12 12 12 12 12 1 12 12 7 12 12 7 12 12 1 100 12 12 12 12 12 12 7 12 7 12 12 12 12 12 12 12 1 1 1 1 1 1 1 1 1 1 1 1 1 1 1 1 1 1 1 1 1 1 1 1 1 1 1 1 1 1 1 1 1 1 1 1 1 1 1 1 1 1 1 1 1 1 1 1 1 1 1 1 100 1 1 1 1 1 1 1 1 1 1 1 1 1 1 1
ciInstanceKlass java/lang/reflect/Method 1 1 353 9 10 10 9 10 10 10 10 9 9 9 9 9 9 9 9 9 9 9 7 8 10 7 10 9 10 10 7 7 10 10 10 7 10 10 10 10 10 10 10 10 10 10 10 10 10 10 10 10 10 11 9 10 10 10 10 11 10 7 10 10 10 10 9 10 10 10 10 10 11 10 7 100 7 10 8 10 10 10 10 10 10 10 8 7 1 1 1 1 1 1 1 1 1 1 1 1 1 1 1 1 1 1 1 1 1 1 1 1 1 1 1 1 1 1 1 1 1 1 1 1 1 1 1 1 1 1 1 1 1 1 1 1 1 1 1 1 1 1 1 1 1 1 1 1 1 1 1 1 1 1 1 100 1 1 1 1 1 1 1 1 100 1 7 7 1 1 1 1 1 1 1 1 1 1 1 1 1 100 100 1 1 1 1 1 1 1 1 1 1 1 1 1 1 12 7 12 7 12 12 12 12 7 12 12 12 12 12 12 12 12 12 12 12 12 12 1 1 12 1 12 12 12 12 1 1 12 12 7 12 12 7 12 12 12 7 12 12 7 7 12 12 12 12 12 12 12 12 12 7 12 7 12 12 12 12 7 12 12 1 12 12 12 12 12 7 12 12 7 12 7 12 7 12 7 12 7 12 1 1 1 1 12 12 12 12 12 12 1 1 1 1 1 1 1 1 1 1 1 1 1 1 1 1 1 1 1 1 1 1 1 1 1 1 1 1 1 1 1 1 1 1 1 1 1 1 1 1 1 1 1 1 1 1 1 1 1 1 1 1 1 1 1 1 1 1 1 1 1 1 1 1
ciInstanceKlass java/lang/reflect/Constructor 1 1 335 10 10 9 10 10 10 9 10 9 9 9 9 9 9 9 9 100 8 10 7 10 9 10 10 10 10 7 7 10 7 10 10 10 10 10 10 10 10 10 10 10 9 10 10 10 10 100 8 10 11 10 10 10 9 10 10 10 10 10 10 10 10 10 100 8 10 10 10 10 10 10 11 9 10 7 1 1 1 1 1 1 1 1 1 1 1 1 1 1 1 1 1 1 1 1 1 1 1 1 1 1 1 1 1 1 1 1 1 1 1 1 1 1 1 1 1 1 1 1 1 1 1 1 1 1 1 1 1 1 1 1 1 1 1 1 1 1 1 1 1 1 1 1 1 1 100 1 100 100 100 1 1 1 1 1 1 1 1 1 1 1 1 1 1 1 1 1 1 1 1 1 1 1 100 1 1 1 1 1 1 7 12 7 12 12 12 12 7 12 12 12 12 12 12 12 12 12 12 12 1 1 12 1 12 12 12 7 12 12 12 1 1 7 12 12 7 12 12 7 12 12 12 12 100 12 12 12 12 7 12 12 12 12 1 1 12 7 12 12 12 12 12 7 12 12 12 12 12 12 12 12 12 1 1 12 12 12 12 100 12 100 12 100 12 100 12 1 1 1 1 1 1 1 1 1 1 1 1 1 1 1 1 1 1 1 1 1 1 1 1 1 1 1 1 1 1 1 1 1 1 1 1 1 1 1 1 1 1 1 1 1 1 1 1 1 1 1 1 1 1 1 1 1 1 100 1 1 1 1 1 1 1 1 1
instanceKlass sun/reflect/FieldAccessorImpl
instanceKlass sun/reflect/ConstructorAccessorImpl
instanceKlass sun/reflect/MethodAccessorImpl
ciInstanceKlass sun/reflect/MagicAccessorImpl 1 1 13 10 100 7 1 1 1 1 1 1 12 1 1
instanceKlass sun/reflect/GeneratedMethodAccessor100
instanceKlass sun/reflect/GeneratedMethodAccessor99
instanceKlass sun/reflect/GeneratedMethodAccessor98
instanceKlass sun/reflect/GeneratedMethodAccessor97
instanceKlass sun/reflect/GeneratedMethodAccessor96
instanceKlass sun/reflect/GeneratedMethodAccessor95
instanceKlass sun/reflect/GeneratedMethodAccessor94
instanceKlass sun/reflect/GeneratedMethodAccessor93
instanceKlass sun/reflect/GeneratedMethodAccessor92
instanceKlass sun/reflect/GeneratedMethodAccessor91
instanceKlass sun/reflect/GeneratedMethodAccessor90
instanceKlass sun/reflect/GeneratedMethodAccessor89
instanceKlass sun/reflect/GeneratedMethodAccessor88
instanceKlass sun/reflect/GeneratedMethodAccessor87
instanceKlass sun/reflect/GeneratedMethodAccessor86
instanceKlass sun/reflect/GeneratedMethodAccessor85
instanceKlass sun/reflect/GeneratedMethodAccessor84
instanceKlass sun/reflect/GeneratedMethodAccessor83
instanceKlass sun/reflect/GeneratedMethodAccessor82
instanceKlass sun/reflect/GeneratedMethodAccessor81
instanceKlass sun/reflect/GeneratedMethodAccessor80
instanceKlass sun/reflect/GeneratedMethodAccessor79
instanceKlass sun/reflect/GeneratedMethodAccessor78
instanceKlass sun/reflect/GeneratedMethodAccessor77
instanceKlass sun/reflect/GeneratedMethodAccessor76
instanceKlass sun/reflect/GeneratedMethodAccessor75
instanceKlass sun/reflect/GeneratedMethodAccessor74
instanceKlass sun/reflect/GeneratedMethodAccessor73
instanceKlass sun/reflect/GeneratedMethodAccessor72
instanceKlass sun/reflect/GeneratedMethodAccessor71
instanceKlass sun/reflect/GeneratedMethodAccessor70
instanceKlass sun/reflect/GeneratedMethodAccessor69
instanceKlass sun/reflect/GeneratedMethodAccessor68
instanceKlass sun/reflect/GeneratedMethodAccessor67
instanceKlass sun/reflect/GeneratedMethodAccessor66
instanceKlass sun/reflect/GeneratedMethodAccessor65
instanceKlass sun/reflect/GeneratedMethodAccessor64
instanceKlass sun/reflect/GeneratedMethodAccessor63
instanceKlass sun/reflect/GeneratedMethodAccessor61
instanceKlass sun/reflect/GeneratedMethodAccessor62
instanceKlass sun/reflect/GeneratedMethodAccessor60
instanceKlass sun/reflect/GeneratedMethodAccessor59
instanceKlass sun/reflect/GeneratedMethodAccessor58
instanceKlass sun/reflect/GeneratedMethodAccessor57
instanceKlass sun/reflect/GeneratedMethodAccessor56
instanceKlass sun/reflect/GeneratedMethodAccessor55
instanceKlass sun/reflect/GeneratedMethodAccessor54
instanceKlass sun/reflect/GeneratedMethodAccessor53
instanceKlass sun/reflect/GeneratedMethodAccessor52
instanceKlass sun/reflect/GeneratedMethodAccessor51
instanceKlass sun/reflect/GeneratedMethodAccessor50
instanceKlass sun/reflect/GeneratedMethodAccessor49
instanceKlass sun/reflect/GeneratedMethodAccessor48
instanceKlass sun/reflect/GeneratedMethodAccessor47
instanceKlass sun/reflect/GeneratedMethodAccessor46
instanceKlass sun/reflect/GeneratedMethodAccessor45
instanceKlass sun/reflect/GeneratedMethodAccessor44
instanceKlass sun/reflect/GeneratedMethodAccessor43
instanceKlass sun/reflect/GeneratedMethodAccessor42
instanceKlass sun/reflect/GeneratedMethodAccessor41
instanceKlass sun/reflect/GeneratedMethodAccessor40
instanceKlass sun/reflect/GeneratedMethodAccessor39
instanceKlass sun/reflect/GeneratedMethodAccessor38
instanceKlass sun/reflect/GeneratedMethodAccessor37
instanceKlass sun/reflect/GeneratedMethodAccessor36
instanceKlass sun/reflect/GeneratedMethodAccessor35
instanceKlass sun/reflect/GeneratedMethodAccessor34
instanceKlass sun/reflect/GeneratedMethodAccessor33
instanceKlass sun/reflect/GeneratedMethodAccessor32
instanceKlass sun/reflect/GeneratedMethodAccessor31
instanceKlass sun/reflect/GeneratedMethodAccessor30
instanceKlass sun/reflect/GeneratedMethodAccessor29
instanceKlass sun/reflect/GeneratedMethodAccessor28
instanceKlass sun/reflect/GeneratedMethodAccessor27
instanceKlass sun/reflect/GeneratedMethodAccessor26
instanceKlass sun/reflect/GeneratedMethodAccessor25
instanceKlass sun/reflect/GeneratedMethodAccessor24
instanceKlass sun/reflect/GeneratedMethodAccessor23
instanceKlass sun/reflect/GeneratedMethodAccessor22
instanceKlass sun/reflect/GeneratedMethodAccessor21
instanceKlass sun/reflect/GeneratedMethodAccessor20
instanceKlass sun/reflect/GeneratedMethodAccessor19
instanceKlass sun/reflect/GeneratedMethodAccessor18
instanceKlass sun/reflect/GeneratedMethodAccessor17
instanceKlass sun/reflect/GeneratedMethodAccessor16
instanceKlass sun/reflect/GeneratedMethodAccessor15
instanceKlass sun/reflect/GeneratedMethodAccessor14
instanceKlass sun/reflect/GeneratedMethodAccessor13
instanceKlass sun/reflect/GeneratedMethodAccessor12
instanceKlass sun/reflect/GeneratedMethodAccessor11
instanceKlass sun/reflect/GeneratedMethodAccessor10
instanceKlass sun/reflect/GeneratedMethodAccessor9
instanceKlass sun/reflect/GeneratedMethodAccessor8
instanceKlass sun/reflect/GeneratedMethodAccessor7
instanceKlass sun/reflect/GeneratedMethodAccessor6
instanceKlass sun/reflect/GeneratedMethodAccessor5
instanceKlass sun/reflect/GeneratedMethodAccessor4
instanceKlass sun/reflect/GeneratedMethodAccessor3
instanceKlass sun/reflect/GeneratedMethodAccessor2
instanceKlass sun/reflect/GeneratedMethodAccessor1
instanceKlass sun/reflect/DelegatingMethodAccessorImpl
instanceKlass sun/reflect/NativeMethodAccessorImpl
ciInstanceKlass sun/reflect/MethodAccessorImpl 1 1 22 10 100 7 100 1 1 1 1 1 1 1 100 100 1 1 12 1 1 1 1 1
instanceKlass sun/reflect/GeneratedConstructorAccessor79
instanceKlass sun/reflect/GeneratedConstructorAccessor78
instanceKlass sun/reflect/GeneratedConstructorAccessor77
instanceKlass sun/reflect/GeneratedConstructorAccessor76
instanceKlass sun/reflect/GeneratedConstructorAccessor75
instanceKlass sun/reflect/GeneratedConstructorAccessor74
instanceKlass sun/reflect/GeneratedConstructorAccessor73
instanceKlass sun/reflect/GeneratedConstructorAccessor72
instanceKlass sun/reflect/GeneratedConstructorAccessor71
instanceKlass sun/reflect/GeneratedConstructorAccessor70
instanceKlass sun/reflect/GeneratedConstructorAccessor69
instanceKlass sun/reflect/GeneratedConstructorAccessor68
instanceKlass sun/reflect/GeneratedConstructorAccessor67
instanceKlass sun/reflect/GeneratedConstructorAccessor66
instanceKlass sun/reflect/GeneratedConstructorAccessor65
instanceKlass sun/reflect/GeneratedConstructorAccessor64
instanceKlass sun/reflect/GeneratedConstructorAccessor63
instanceKlass sun/reflect/GeneratedConstructorAccessor62
instanceKlass sun/reflect/GeneratedConstructorAccessor61
instanceKlass sun/reflect/GeneratedConstructorAccessor60
instanceKlass sun/reflect/GeneratedConstructorAccessor59
instanceKlass sun/reflect/GeneratedConstructorAccessor58
instanceKlass sun/reflect/GeneratedConstructorAccessor57
instanceKlass sun/reflect/GeneratedConstructorAccessor56
instanceKlass sun/reflect/GeneratedConstructorAccessor55
instanceKlass sun/reflect/GeneratedConstructorAccessor54
instanceKlass sun/reflect/GeneratedConstructorAccessor53
instanceKlass sun/reflect/GeneratedConstructorAccessor52
instanceKlass sun/reflect/GeneratedConstructorAccessor51
instanceKlass sun/reflect/GeneratedConstructorAccessor50
instanceKlass sun/reflect/GeneratedConstructorAccessor49
instanceKlass sun/reflect/GeneratedConstructorAccessor48
instanceKlass sun/reflect/GeneratedConstructorAccessor47
instanceKlass sun/reflect/GeneratedConstructorAccessor46
instanceKlass sun/reflect/GeneratedConstructorAccessor45
instanceKlass sun/reflect/GeneratedConstructorAccessor44
instanceKlass sun/reflect/GeneratedConstructorAccessor43
instanceKlass sun/reflect/GeneratedConstructorAccessor42
instanceKlass sun/reflect/GeneratedConstructorAccessor41
instanceKlass sun/reflect/GeneratedConstructorAccessor40
instanceKlass sun/reflect/GeneratedConstructorAccessor39
instanceKlass sun/reflect/GeneratedConstructorAccessor38
instanceKlass sun/reflect/GeneratedConstructorAccessor37
instanceKlass sun/reflect/GeneratedConstructorAccessor36
instanceKlass sun/reflect/GeneratedConstructorAccessor35
instanceKlass sun/reflect/GeneratedConstructorAccessor34
instanceKlass sun/reflect/GeneratedConstructorAccessor33
instanceKlass sun/reflect/GeneratedConstructorAccessor32
instanceKlass sun/reflect/GeneratedConstructorAccessor31
instanceKlass sun/reflect/GeneratedConstructorAccessor30
instanceKlass sun/reflect/GeneratedConstructorAccessor29
instanceKlass sun/reflect/GeneratedConstructorAccessor28
instanceKlass sun/reflect/GeneratedConstructorAccessor27
instanceKlass sun/reflect/GeneratedConstructorAccessor26
instanceKlass sun/reflect/GeneratedConstructorAccessor25
instanceKlass sun/reflect/GeneratedConstructorAccessor24
instanceKlass sun/reflect/GeneratedConstructorAccessor23
instanceKlass sun/reflect/GeneratedConstructorAccessor22
instanceKlass sun/reflect/GeneratedConstructorAccessor21
instanceKlass sun/reflect/GeneratedConstructorAccessor20
instanceKlass sun/reflect/GeneratedConstructorAccessor19
instanceKlass sun/reflect/GeneratedConstructorAccessor18
instanceKlass sun/reflect/GeneratedConstructorAccessor17
instanceKlass sun/reflect/GeneratedConstructorAccessor16
instanceKlass sun/reflect/GeneratedConstructorAccessor15
instanceKlass sun/reflect/GeneratedConstructorAccessor14
instanceKlass sun/reflect/GeneratedConstructorAccessor13
instanceKlass sun/reflect/GeneratedConstructorAccessor12
instanceKlass sun/reflect/GeneratedConstructorAccessor11
instanceKlass sun/reflect/GeneratedConstructorAccessor10
instanceKlass sun/reflect/GeneratedConstructorAccessor9
instanceKlass sun/reflect/GeneratedConstructorAccessor8
instanceKlass sun/reflect/GeneratedConstructorAccessor7
instanceKlass sun/reflect/GeneratedConstructorAccessor6
instanceKlass sun/reflect/GeneratedConstructorAccessor5
instanceKlass sun/reflect/GeneratedConstructorAccessor4
instanceKlass sun/reflect/GeneratedConstructorAccessor3
instanceKlass sun/reflect/GeneratedConstructorAccessor2
instanceKlass sun/reflect/GeneratedConstructorAccessor1
instanceKlass sun/reflect/BootstrapConstructorAccessorImpl
instanceKlass sun/reflect/SerializationConstructorAccessorImpl
instanceKlass sun/reflect/DelegatingConstructorAccessorImpl
instanceKlass sun/reflect/NativeConstructorAccessorImpl
ciInstanceKlass sun/reflect/ConstructorAccessorImpl 1 1 24 10 100 7 100 1 1 1 1 1 1 1 100 100 100 1 1 12 1 1 1 1 1 1
ciInstanceKlass sun/reflect/DelegatingClassLoader 1 1 13 10 100 7 1 1 1 1 1 1 12 1 1
ciInstanceKlass sun/reflect/ConstantPool 1 1 106 10 9 10 10 10 10 10 10 10 10 10 10 10 10 10 10 7 7 8 10 100 1 1 1 1 1 1 1 1 1 1 1 1 1 1 1 1 1 1 1 1 1 1 1 1 1 1 1 1 1 1 1 1 1 1 1 1 1 1 1 1 1 1 1 1 1 1 1 1 1 1 1 1 1 1 1 1 1 1 1 1 12 12 12 12 12 12 12 12 12 12 12 12 12 12 12 12 1 1 7 12 1 1 1 1
instanceKlass sun/reflect/UnsafeFieldAccessorImpl
ciInstanceKlass sun/reflect/FieldAccessorImpl 1 1 56 10 100 7 100 1 1 1 1 1 1 1 100 1 1 1 1 1 1 1 1 1 1 1 1 1 1 1 1 1 1 100 1 1 1 1 1 1 1 1 1 1 1 1 1 1 1 1 1 1 12 1 1 1 1 1
instanceKlass sun/reflect/UnsafeIntegerFieldAccessorImpl
instanceKlass sun/reflect/UnsafeDoubleFieldAccessorImpl
instanceKlass sun/reflect/UnsafeQualifiedFieldAccessorImpl
instanceKlass sun/reflect/UnsafeObjectFieldAccessorImpl
instanceKlass sun/reflect/UnsafeStaticFieldAccessorImpl
ciInstanceKlass sun/reflect/UnsafeFieldAccessorImpl 1 1 233 10 9 10 10 9 10 9 10 10 9 10 10 10 10 100 10 10 10 8 10 10 100 8 10 8 10 8 10 100 10 10 8 10 8 10 8 10 8 10 8 10 8 10 8 10 8 10 8 10 10 8 8 8 8 8 8 10 8 8 8 10 10 7 7 1 1 1 1 1 1 1 1 1 1 1 1 1 100 100 1 1 1 1 1 1 1 1 1 100 100 1 1 1 1 1 1 1 1 1 1 1 1 1 1 1 1 1 1 1 1 1 1 1 1 12 12 7 12 7 12 12 7 12 12 12 12 12 12 7 12 7 12 12 1 12 12 1 12 1 1 12 1 12 1 12 1 12 1 12 1 100 12 1 100 12 1 100 12 1 100 12 1 100 12 1 100 12 1 100 12 1 100 12 12 1 1 1 1 1 1 100 12 1 1 1 12 12 1 1 1 1 1 1 1 1 1 1 1 1 1 1 1 1 1 1 1 1 1 1 1 1 1 1 1 1 1 1 1 1 1 1 1 1 1 1 1 1 1 1 1 1 1
staticfield sun/reflect/UnsafeFieldAccessorImpl unsafe Lsun/misc/Unsafe; sun/misc/Unsafe
instanceKlass sun/reflect/UnsafeStaticObjectFieldAccessorImpl
instanceKlass sun/reflect/UnsafeQualifiedStaticFieldAccessorImpl
ciInstanceKlass sun/reflect/UnsafeStaticFieldAccessorImpl 1 1 38 10 9 10 9 7 7 8 10 7 1 1 1 1 1 1 1 1 1 1 12 12 7 12 12 1 1 7 12 1 1 1 1 1 1 1 1 1
ciInstanceKlass sun/reflect/CallerSensitive 1 1 17 100 100 100 1 1 1 1 1 1 1 1 1 1 1 1 1
instanceKlass java/lang/invoke/DelegatingMethodHandle
instanceKlass java/lang/invoke/BoundMethodHandle
instanceKlass java/lang/invoke/DirectMethodHandle
ciInstanceKlass java/lang/invoke/MethodHandle 1 1 444 9 10 10 10 9 10 10 10 10 10 10 11 10 10 10 9 10 100 100 10 8 10 10 8 10 10 10 10 10 10 10 10 10 7 10 10 10 8 10 10 10 10 10 8 10 8 10 8 10 9 100 10 9 9 8 10 10 10 10 10 10 10 10 8 10 10 10 10 10 10 9 8 10 10 8 10 10 10 10 10 10 8 10 10 100 9 10 7 10 10 9 10 10 8 9 9 9 10 10 10 10 7 10 10 8 10 10 100 10 100 1 1 1 1 1 1 1 1 1 1 1 1 1 1 1 1 1 1 1 1 1 1 100 1 1 1 1 1 1 1 1 1 1 1 1 1 1 1 100 1 1 1 1 1 1 1 100 100 1 1 1 1 1 100 100 1 1 1 1 1 1 1 1 1 1 1 1 1 1 1 1 1 1 1 1 100 1 1 1 1 1 1 1 1 1 1 1 1 7 1 1 1 1 1 1 1 1 1 1 1 1 1 1 1 1 1 100 1 1 12 12 12 7 12 12 12 7 12 12 100 12 12 12 100 12 12 12 12 12 12 1 1 1 12 12 1 12 12 7 12 12 12 12 12 7 12 7 12 1 12 12 12 1 7 12 12 12 12 12 1 12 1 12 1 100 12 12 1 100 12 100 1 12 12 12 12 12 12 12 12 1 12 12 12 12 12 12 12 1 12 12 1 12 12 7 12 12 12 1 12 12 1 12 1 100 12 12 12 12 12 1 12 12 12 7 12 12 12 12 1 12 12 12 12 1 12 1 1 1 1 1 1 1 1 1 1 1 1 1 1 1 1 1 1 1 1 1 1 1 1 1 1 1 1 1 1 1 1 1 1 1 1 1 1 1 1 1 1 1 1 1 1 1 1 1 1 1 1 1 1 1 1 1 1 1 1 1 1 1 1 1 1 1 1 1 1 1 1 1 1 1 1 1 1 1 1 1 1 1 1 1 1 1 1 1 1 1 1 1 1 1 1 1 1 1 1 1 1 1 1 1 1 1
staticfield java/lang/invoke/MethodHandle FORM_OFFSET J 20
staticfield java/lang/invoke/MethodHandle $assertionsDisabled Z 1
instanceKlass java/lang/invoke/DirectMethodHandle$StaticAccessor
instanceKlass java/lang/invoke/DirectMethodHandle$Constructor
instanceKlass java/lang/invoke/DirectMethodHandle$Special
instanceKlass java/lang/invoke/DirectMethodHandle$Accessor
instanceKlass java/lang/invoke/DirectMethodHandle$Interface
ciInstanceKlass java/lang/invoke/DirectMethodHandle 1 1 712 100 7 7 10 10 10 100 10 10 10 10 10 7 7 10 10 10 10 10 10 10 9 100 10 9 10 10 10 10 10 10 7 10 10 10 10 7 10 7 10 7 10 10 10 7 10 10 7 10 10 10 10 10 10 10 10 8 10 10 10 10 10 9 7 10 10 10 7 10 8 10 10 10 10 10 10 10 10 10 10 10 10 10 10 10 10 10 10 10 8 8 8 8 8 8 8 8 8 8 8 10 10 7 9 7 10 100 10 10 10 10 7 9 10 9 9 9 10 7 10 9 10 10 8 10 10 10 10 9 9 10 10 7 7 7 9 10 10 10 10 9 10 100 10 100 10 10 9 9 10 9 10 10 10 10 10 9 10 10 10 10 9 9 10 10 9 9 9 9 10 9 9 10 10 9 10 9 10 10 7 10 10 10 10 10 8 8 8 9 10 7 10 10 9 9 9 9 9 9 8 8 8 8 10 10 9 9 100 1 7 1 1 1 1 1 1 100 1 1 1 1 7 1 1 1 1 1 1 1 1 1 1 1 1 1 1 1 1 1 1 1 1 1 1 1 1 100 100 100 100 1 1 1 1 1 1 1 1 1 1 100 1 1 1 1 1 1 1 1 1 1 1 1 1 1 100 100 100 1 1 1 1 1 1 1 1 1 1 1 1 100 100 1 1 1 1 7 1 1 1 1 1 1 1 1 1 1 1 1 1 1 1 1 1 1 100 100 1 1 1 1 1 7 1 1 1 1 12 12 12 1 12 12 12 12 12 1 1 12 12 12 12 12 12 12 12 1 12 12 12 12 12 12 12 1 7 12 12 12 12 1 12 1 12 1 12 12 12 1 12 12 1 12 12 12 12 100 12 100 12 12 12 12 12 12 7 12 1 12 7 12 12 1 1 12 12 12 12 12 12 12 12 12 12 12 12 7 12 12 12 12 12 1 1 1 1 1 1 1 1 1 1 1 12 12 1 12 1 12 1 7 12 12 12 12 1 12 12 12 12 12 12 1 12 12 7 12 12 1 12 12 12 12 12 12 7 12 12 1 1 1 12 12 12 12 12 12 12 1 12 1 12 12 12 12 12 12 12 12 12 12 12 12 12 7 12 12 7 12 12 12 12 12 12 12 12 12 12 12 12 12 12 12 12 12 12 12 1 12 12 7 12 12 12 1 1 1 7 12 1 12 12 12 12 12 12 12 12 1 1 1 1 12 12 12 12 1 1 1 1 1 1 1 1 1 1 1 1 1 1 1 1 1 1 1 1 1 1 1 1 1 1 1 1 1 1 1 1 1 1 1 1 1 1 1 1 1 1 1 1 1 1 1 1 1 1 1 1 1 1 1 1 1 1 1 1 1 1 1 1 1 1 1 1 1 1 1 1 1 1 1 1 1 1 1 1 1 1 1 1 1 1 1 1 1 1 1 1 1 1 1 1 1 1 100 1 1 1 1 1 1 1 1 1 1 1 1 1 1 1 1 1 1 1 1 1 1 1 1 1 1 1 1 1 1 1 1 1 1 1 1 1 1 1 1 1 1 1 1 1 1 1 1 1 1 1 1 1 1 1 1 1 1 1 1 1 1 1 1 1 1 1 1 1 1 1 1 1 1 1 1
staticfield java/lang/invoke/DirectMethodHandle IMPL_NAMES Ljava/lang/invoke/MemberName$Factory; java/lang/invoke/MemberName$Factory
staticfield java/lang/invoke/DirectMethodHandle ACCESSOR_FORMS [Ljava/lang/invoke/LambdaForm; 132 [Ljava/lang/invoke/LambdaForm;
staticfield java/lang/invoke/DirectMethodHandle $assertionsDisabled Z 1
ciInstanceKlass java/lang/invoke/MemberName 1 1 654 7 7 100 10 10 10 9 9 10 9 10 10 10 10 10 10 10 9 10 100 7 10 8 10 10 10 10 9 8 10 7 7 10 10 7 7 7 10 9 100 8 10 10 10 10 10 10 10 10 10 8 8 8 10 10 9 3 10 10 10 10 10 10 10 10 10 7 8 10 10 8 9 8 9 10 8 10 10 10 10 10 100 10 10 8 10 10 8 10 10 100 10 10 8 8 10 10 10 10 10 10 10 10 10 3 10 3 10 3 3 3 3 3 3 10 100 10 3 10 3 10 10 10 10 10 10 10 10 10 10 10 10 100 10 10 10 100 10 10 10 10 100 10 10 8 10 10 10 10 10 10 10 10 10 10 10 100 10 100 8 10 10 10 10 10 10 10 8 8 8 8 10 10 10 8 8 10 8 10 10 10 8 8 10 10 8 8 100 10 8 8 8 8 10 7 7 7 10 100 10 7 10 9 10 100 100 7 1 1 1 1 1 1 1 1 1 1 1 1 1 1 1 3 1 3 1 3 1 3 1 3 1 3 1 1 1 1 1 1 1 1 3 1 1 1 1 3 1 1 1 1 1 1 1 1 1 1 1 1 1 1 1 100 100 1 100 1 1 1 1 1 1 1 1 1 1 1 1 1 1 1 1 1 1 1 1 1 1 1 1 1 1 1 1 100 1 1 1 1 1 1 1 1 1 1 1 1 1 1 1 1 1 1 1 1 1 1 1 1 1 1 1 1 1 1 1 1 1 100 100 1 1 1 1 1 100 1 1 1 100 1 1 1 1 1 1 1 1 1 100 1 1 1 1 1 1 1 1 100 1 1 1 1 1 1 1 1 1 100 1 1 1 1 1 100 1 1 1 1 1 1 1 1 1 1 1 1 1 1 7 1 1 12 12 12 12 12 12 12 12 12 12 12 12 12 12 100 12 12 1 1 12 1 12 12 12 12 12 1 100 12 1 1 12 1 1 1 12 12 1 1 12 12 12 12 12 12 12 12 12 1 1 1 100 12 12 12 12 12 12 12 12 12 12 12 1 12 12 100 100 12 1 12 12 12 12 12 1 12 12 1 12 12 1 12 12 1 12 12 1 1 12 12 12 12 12 12 12 12 12 12 12 100 1 1 7 12 12 12 12 12 7 12 12 12 12 12 12 1 12 1 12 12 1 12 100 12 100 12 12 12 12 12 12 12 1 12 1 1 7 12 12 7 12 12 12 1 1 1 1 12 12 12 1 1 12 1 12 12 1 1 12 1 1 1 1 1 1 1 12 1 1 1 1 1 7 12 12 12 1 1 1 1 1 1 1 1 1 1 1 1 1 1 1 1 1 1 1 1 1 1 1 1 1 1 1 1 1 1 1 1 1 1 1 1 1 1 1 1 1 1 1 1 1 1 1 1 1 1 1 1 1 1 1 1 1 1 1 1 1 1 1 1 1 1 1 1 1 1 1 1 1 1 1 1 1 1 1 1 1 1 1 1
staticfield java/lang/invoke/MemberName $assertionsDisabled Z 1
ciInstanceKlass java/lang/invoke/MethodHandleNatives 1 1 442 100 10 9 10 100 10 10 10 10 8 8 8 8 8 8 8 8 8 8 7 10 7 10 10 100 10 10 8 10 8 10 8 10 9 8 10 100 10 100 100 8 7 7 10 10 7 9 10 10 10 7 10 10 10 10 100 10 9 8 10 8 10 8 8 8 100 8 10 10 10 10 10 100 10 10 8 8 10 10 10 8 10 8 8 9 10 10 10 100 100 10 10 10 100 100 10 10 100 10 10 100 100 10 10 10 10 100 10 10 10 10 10 10 10 8 8 100 10 100 10 10 10 10 7 10 10 10 9 10 10 10 1 1 1 1 1 1 1 1 1 1 1 1 1 1 1 1 100 1 1 1 1 1 1 1 1 1 1 1 1 1 1 1 1 1 1 1 1 1 1 1 1 1 1 1 1 1 1 1 1 1 1 1 100 100 100 1 1 100 100 100 100 1 1 100 1 1 100 1 1 1 1 1 1 1 1 1 1 1 1 1 100 100 100 100 1 1 1 100 100 1 1 1 1 1 1 1 1 1 12 12 12 1 12 12 12 1 1 1 1 1 1 1 1 1 1 1 12 1 12 100 12 1 12 1 12 1 12 1 12 100 12 1 100 12 1 12 1 1 1 1 1 12 1 7 12 12 12 7 12 1 12 7 12 12 12 1 100 12 12 1 12 1 12 1 1 1 1 1 12 12 12 12 12 1 12 12 1 1 12 12 1 100 12 1 1 7 12 12 12 12 1 1 12 1 1 1 1 1 100 12 12 1 12 7 12 12 12 12 12 1 1 1 12 1 12 12 12 12 1 12 12 12 12 7 12 12 12 1 1 1 1 1 1 1 1 1 1 1 1 1 1 1 1 1 1 1 1 1 1 1 1 1 1 1 1 1 1 1 1 1 1 1 1 1 1 1 1 1 1 1 1 1 1 1 1 1 1 1 1 1 1 1 100 1 1 1 1 1 1 1 1 1 1 1 1 1 1 1 1 1 1 1 1 1 1 1 1 1 1 1
staticfield java/lang/invoke/MethodHandleNatives COUNT_GWT Z 1
staticfield java/lang/invoke/MethodHandleNatives $assertionsDisabled Z 1
ciInstanceKlass java/lang/invoke/LambdaForm 1 1 986 7 100 9 10 10 9 9 10 100 10 9 10 9 10 7 9 10 9 9 9 10 7 10 10 10 10 10 10 10 9 10 8 10 10 10 10 7 10 10 8 10 10 10 100 8 10 10 10 10 10 7 10 7 10 10 9 9 10 10 100 10 10 10 10 10 10 10 10 10 10 8 10 10 8 8 9 9 9 10 10 10 9 10 10 10 10 10 10 10 10 8 8 8 8 8 8 8 8 10 9 10 10 10 10 10 10 10 7 10 10 9 10 10 10 10 10 10 8 10 100 100 10 10 10 10 11 11 11 7 10 10 10 10 7 10 8 10 10 8 10 10 10 7 10 8 10 9 10 10 8 8 10 10 8 8 8 10 10 9 10 8 8 9 10 10 8 8 8 100 8 100 8 100 8 10 8 10 9 10 10 9 10 10 10 10 10 10 10 10 10 10 8 100 10 10 9 10 8 8 100 8 8 9 8 8 8 10 8 8 8 10 10 8 8 8 10 8 10 8 8 8 8 8 10 10 10 10 10 10 10 10 10 10 10 10 10 10 10 10 10 10 10 9 8 10 11 11 9 9 9 9 9 10 10 8 10 8 9 7 10 100 10 7 10 9 10 10 10 10 9 10 10 9 10 9 10 9 7 9 9 10 100 10 10 10 10 9 100 1 100 1 100 1 1 1 7 1 1 1 1 1 1 1 1 1 1 1 1 1 1 1 1 1 1 1 1 1 3 1 3 1 3 1 1 1 3 1 1 1 7 1 1 1 1 1 1 1 1 1 1 1 1 1 1 1 1 1 1 1 1 100 100 100 1 1 1 1 1 1 100 1 1 1 1 1 1 1 100 100 100 100 1 1 1 1 1 1 1 1 1 1 1 1 1 1 1 1 1 1 1 1 1 1 1 1 1 1 1 1 1 1 1 100 1 1 1 1 100 1 100 100 1 1 1 1 1 1 1 1 1 100 1 1 1 1 1 1 1 100 1 1 1 1 1 1 1 1 1 1 1 1 100 1 1 1 1 1 1 1 1 1 1 1 1 1 1 1 1 1 100 1 1 1 1 100 1 1 1 100 1 1 1 1 1 1 1 1 1 1 1 1 1 1 1 1 1 1 1 1 1 1 1 100 100 100 1 1 1 1 1 1 1 1 1 1 1 1 1 1 1 1 1 1 1 1 1 1 1 1 1 1 100 1 1 12 12 12 12 12 12 1 12 12 12 7 12 12 12 12 12 12 12 1 12 12 100 12 100 12 12 12 12 12 12 1 12 12 12 7 12 1 12 1 12 12 12 1 1 12 12 12 12 12 1 12 1 12 12 12 12 12 12 1 12 12 12 12 12 12 100 12 12 1 12 12 1 1 12 12 12 12 7 12 12 12 7 12 12 12 12 12 12 12 1 1 1 1 1 1 1 1 12 12 12 12 12 12 12 12 12 1 12 12 12 12 12 12 12 7 12 12 1 1 7 12 12 12 7 12 7 12 12 1 12 12 12 12 1 12 1 12 12 1 12 12 1 12 1 12 12 12 12 1 1 12 12 1 1 1 12 12 100 12 12 1 1 12 12 12 1 1 1 1 1 1 1 1 1 12 1 12 7 12 12 12 12 12 12 12 12 12 12 12 12 1 1 12 12 12 12 1 1 1 1 1 12 1 1 1 100 12 1 1 1 12 12 1 1 1 12 1 12 1 1 1 1 1 12 12 12 7 12 12 12 12 12 12 12 12 12 12 12 12 12 12 12 12 1 12 12 12 12 12 12 12 12 12 12 1 12 1 12 1 12 1 12 1 12 12 12 12 12 12 12 7 12 12 12 12 12 12 12 12 1 12 12 12 1 1 1 1 1 1 1 1 1 1 1 1 1 1 1 1 1 1 1 1 1 1 1 1 1 1 1 1 1 1 1 1 1 1 1 1 1 1 1 1 1 1 1 1 1 1 1 1 1 1 1 1 1 1 1 1 1 1 1 1 1 1 1 1 1 1 1 1 1 1 1 1 1 1 1 1 1 1 1 1 1 1 1 1 1 1 1 1 1 1 1 1 1 1 1 1 1 1 1 1 1 1 1 1 1 1 1 1 1 1 1 1 1 1 1 1 1 1 1 1 1 1 1 1 1 1 1 1 1 1 1 1 1 1 1 1 1 1 1 1 1 1 1 1 1 1 1 1 1 1 1 1 1 1 1 1 1 1 1 1 1 1 1 1 1 1 1 1 1 1 1 1 1 1 1 1 1 1
staticfield java/lang/invoke/LambdaForm COMPILE_THRESHOLD I 0
staticfield java/lang/invoke/LambdaForm INTERNED_ARGUMENTS [[Ljava/lang/invoke/LambdaForm$Name; 5 [[Ljava/lang/invoke/LambdaForm$Name;
staticfield java/lang/invoke/LambdaForm IMPL_NAMES Ljava/lang/invoke/MemberName$Factory; java/lang/invoke/MemberName$Factory
staticfield java/lang/invoke/LambdaForm LF_identityForm [Ljava/lang/invoke/LambdaForm; 6 [Ljava/lang/invoke/LambdaForm;
staticfield java/lang/invoke/LambdaForm LF_zeroForm [Ljava/lang/invoke/LambdaForm; 6 [Ljava/lang/invoke/LambdaForm;
staticfield java/lang/invoke/LambdaForm NF_identity [Ljava/lang/invoke/LambdaForm$NamedFunction; 6 [Ljava/lang/invoke/LambdaForm$NamedFunction;
staticfield java/lang/invoke/LambdaForm NF_zero [Ljava/lang/invoke/LambdaForm$NamedFunction; 6 [Ljava/lang/invoke/LambdaForm$NamedFunction;
staticfield java/lang/invoke/LambdaForm DEBUG_NAME_COUNTERS Ljava/util/HashMap; null
staticfield java/lang/invoke/LambdaForm TRACE_INTERPRETER Z 0
staticfield java/lang/invoke/LambdaForm $assertionsDisabled Z 1
ciInstanceKlass java/lang/invoke/MethodType 1 1 610 7 10 10 10 9 10 7 9 9 10 9 8 10 10 9 9 10 7 10 8 10 10 10 100 8 10 100 10 10 10 10 11 9 11 7 10 9 10 10 10 10 10 9 7 10 7 10 10 10 10 10 10 10 10 10 10 8 8 10 9 100 10 10 10 10 10 10 10 10 10 8 10 10 10 10 10 11 10 10 10 10 10 7 10 10 10 10 9 7 10 10 10 10 10 10 10 10 8 8 10 8 10 10 9 10 10 10 10 10 10 10 10 10 10 10 10 9 7 10 10 10 10 10 8 10 11 9 10 10 10 10 10 10 10 10 10 9 9 10 9 10 7 10 7 9 8 10 10 8 100 100 10 100 1 1 1 1 1 5 0 1 1 1 1 1 1 1 1 1 1 1 1 1 1 1 1 1 1 1 3 1 3 1 3 1 1 1 1 1 1 1 1 1 1 1 1 1 1 1 1 1 100 100 1 1 1 1 1 1 1 1 1 1 1 1 1 1 1 1 1 1 1 1 1 1 1 1 1 1 1 1 1 1 1 1 1 1 1 1 1 1 1 1 1 1 1 1 1 1 1 1 1 1 1 1 1 1 1 1 1 1 1 1 1 1 1 1 1 1 1 1 1 1 1 1 1 1 1 1 1 1 1 1 1 1 1 1 1 1 1 1 1 1 1 1 1 1 1 1 1 1 100 1 1 1 1 100 1 1 1 1 1 1 1 100 1 1 100 1 1 1 1 1 1 100 100 1 100 1 1 1 1 1 100 1 1 100 1 1 1 1 1 100 1 1 100 1 1 1 12 12 12 12 7 12 12 12 7 12 7 12 1 7 12 12 7 7 12 1 1 12 12 12 1 1 12 1 12 12 12 7 12 12 12 1 7 12 12 12 12 12 12 12 12 1 12 1 12 12 100 12 12 12 12 12 12 12 12 1 1 12 12 1 12 12 12 12 100 12 12 12 1 12 12 7 12 12 12 12 12 12 12 12 12 1 12 12 12 12 1 12 7 12 12 7 12 12 12 1 1 12 1 100 12 12 12 12 12 12 12 12 12 100 12 12 12 12 12 12 1 12 12 12 7 12 12 1 7 12 12 12 12 12 100 12 12 12 12 100 12 12 100 12 12 7 12 12 12 1 1 12 12 12 1 1 12 1 1 1 1 1 1 1 1 1 1 1 1 1 1 1 1 1 1 1 1 1 1 1 1 1 1 1 1 1 1 1 1 1 1 1 1 1 1 1 1 1 1 1 1 1 1 1 1 1 1 1 1 1 1 1 1 1 1 1 1 1 1 1 1 1 1 1 1 1 1 1 1 1 1 1 1 1 1 1 1 1 1 1 1 1 1 1 1 1 1 1 1 1 1 1 1 1 1 1 1 1 1 1
staticfield java/lang/invoke/MethodType internTable Ljava/lang/invoke/MethodType$ConcurrentWeakInternSet; java/lang/invoke/MethodType$ConcurrentWeakInternSet
staticfield java/lang/invoke/MethodType NO_PTYPES [Ljava/lang/Class; 0 [Ljava/lang/Class;
staticfield java/lang/invoke/MethodType objectOnlyTypes [Ljava/lang/invoke/MethodType; 20 [Ljava/lang/invoke/MethodType;
staticfield java/lang/invoke/MethodType serialPersistentFields [Ljava/io/ObjectStreamField; 0 [Ljava/io/ObjectStreamField;
staticfield java/lang/invoke/MethodType rtypeOffset J 12
staticfield java/lang/invoke/MethodType ptypesOffset J 16
staticfield java/lang/invoke/MethodType $assertionsDisabled Z 1
ciInstanceKlass java/lang/BootstrapMethodError 0 0 39 10 10 10 10 10 100 100 1 1 1 5 0 1 1 1 1 1 1 1 1 100 100 1 1 12 12 12 100 12 12 1 1 1 1 1 1 1 1
instanceKlass java/lang/invoke/VolatileCallSite
instanceKlass java/lang/invoke/MutableCallSite
instanceKlass java/lang/invoke/ConstantCallSite
ciInstanceKlass java/lang/invoke/CallSite 1 1 322 10 10 9 10 10 100 7 10 7 10 10 10 100 100 10 10 10 8 10 10 10 9 10 10 10 10 100 8 10 10 10 100 10 9 10 10 10 10 9 9 10 10 9 10 10 10 10 10 10 7 10 10 10 10 10 10 7 100 8 10 10 10 10 10 7 100 8 10 10 100 8 10 7 10 10 10 8 10 10 8 10 10 100 10 8 10 10 100 100 10 1 1 1 1 1 1 1 1 1 1 1 1 1 1 1 1 1 1 1 1 1 100 1 1 1 1 1 1 1 1 100 1 1 1 1 1 100 100 100 100 100 100 100 1 1 1 1 1 1 1 1 100 100 1 1 12 12 12 12 12 1 1 12 1 12 12 12 1 1 100 12 12 1 12 12 12 12 12 100 12 12 1 1 12 12 1 12 12 12 12 12 100 12 7 12 12 7 12 12 7 12 12 12 12 12 7 12 12 1 12 12 12 12 12 12 1 1 1 12 12 100 12 12 1 1 1 12 1 1 12 1 12 12 7 12 12 12 12 12 1 12 12 12 1 1 12 1 1 1 1 1 1 1 1 1 1 1 1 1 1 1 1 1 1 1 1 1 1 1 1 1 1 1 1 1 1 1 1 1 1 1 1 1 1 1 1 1 1 1 1 1 1 1 1 1 1 1 1 1 1 1 1 1 1 1 1 1 1 1 1 1 1 1 1 1 1 1 1 1 1 1 1 1 1 1 1 1 1 1 1 1
staticfield java/lang/invoke/CallSite GET_TARGET Ljava/lang/invoke/MethodHandle; java/lang/invoke/DirectMethodHandle
staticfield java/lang/invoke/CallSite THROW_UCS Ljava/lang/invoke/MethodHandle; java/lang/invoke/MethodHandleImpl$AsVarargsCollector
staticfield java/lang/invoke/CallSite TARGET_OFFSET J 12
ciInstanceKlass java/lang/invoke/ConstantCallSite 1 1 42 10 9 10 100 10 9 100 10 10 7 7 1 1 1 1 1 1 1 1 100 1 1 1 1 1 1 1 12 12 12 1 12 12 1 12 1 1 1 1 1 1
ciInstanceKlass java/lang/invoke/MutableCallSite 0 0 57 10 10 9 10 10 10 9 10 10 100 10 100 100 1 1 1 1 1 1 1 1 1 1 1 1 1 1 1 1 1 1 12 12 12 12 12 12 12 12 100 12 1 12 1 1 1 1 1 1 1 1 1 1 1 1 1
ciInstanceKlass java/lang/invoke/VolatileCallSite 0 0 33 10 10 10 10 10 10 100 100 1 1 1 1 1 1 1 1 1 1 1 12 12 12 12 12 12 1 1 1 1 1 1 1
instanceKlass java/lang/StringBuilder
instanceKlass java/lang/StringBuffer
ciInstanceKlass java/lang/AbstractStringBuilder 1 1 318 7 10 9 9 10 10 10 7 3 10 3 100 10 100 10 10 10 10 100 10 10 10 8 10 10 10 10 10 10 10 10 10 10 10 7 10 11 10 8 100 10 8 10 10 8 8 10 10 11 3 8 10 10 7 5 0 8 10 10 10 10 10 10 10 10 100 10 8 8 10 10 10 8 8 8 10 10 8 10 10 10 10 10 10 10 10 10 10 10 10 10 10 10 7 100 7 1 1 1 1 1 1 1 1 1 1 1 1 1 1 1 1 1 1 1 1 1 1 1 1 1 1 1 1 1 1 1 1 1 1 1 1 1 1 1 1 1 1 1 1 1 1 1 1 1 1 1 1 1 1 1 1 1 1 1 1 1 1 1 1 1 1 1 1 1 1 1 1 1 1 1 1 1 1 1 1 1 1 1 1 1 100 1 1 1 1 1 12 12 12 12 12 7 12 1 12 1 1 12 12 100 12 12 1 12 12 1 12 7 12 12 12 12 12 12 100 1 12 12 1 1 1 12 12 1 1 12 12 1 12 12 1 1 12 12 7 12 12 12 12 12 1 1 1 12 12 12 1 1 1 12 12 1 12 12 12 12 12 12 12 12 12 12 12 12 12 12 12 1 1 1 1 1 1 1 1 1 1 1 1 1 1 1 1 1 1 1 1 1 1 1 1 1 1 1 1 1 1 1 1 1 1 1 1 1 1 1 1 1 1 1 1 1 1 1 1 1
ciInstanceKlass java/lang/StringBuffer 1 1 371 10 10 10 11 10 10 9 9 10 10 9 10 100 10 10 10 10 10 10 10 10 10 10 10 10 10 10 10 10 10 10 10 10 10 10 10 10 10 10 10 10 10 10 10 10 10 10 10 10 10 10 10 10 10 10 10 7 10 10 8 10 8 10 8 10 10 10 10 7 10 10 10 10 10 10 10 10 10 10 10 10 10 10 10 10 10 10 10 10 10 10 10 10 10 10 10 10 10 10 7 10 9 9 9 7 7 100 100 1 1 1 1 1 5 0 1 1 1 1 1 1 1 1 1 1 1 1 1 1 1 1 1 1 1 1 1 1 1 1 1 1 1 1 1 1 1 1 1 1 1 1 1 1 1 1 1 1 1 1 1 1 1 1 1 1 1 1 1 1 1 1 1 1 1 1 1 1 1 1 1 1 1 1 1 1 1 1 1 1 1 1 1 100 1 1 100 1 1 1 1 1 1 1 1 1 1 1 1 1 1 1 1 1 1 1 1 1 1 1 1 1 1 1 1 1 1 1 1 1 1 12 12 12 12 12 12 12 12 12 12 1 12 12 12 12 12 12 12 12 12 12 12 12 12 12 12 12 12 12 12 12 12 12 12 12 12 12 12 12 12 12 12 12 12 12 12 12 12 12 12 7 12 1 12 100 12 1 100 12 1 12 1 12 12 100 12 100 12 12 12 12 12 12 12 12 12 12 12 12 12 12 12 12 12 12 12 12 12 12 12 12 12 12 12 12 12 12 12 1 12 7 12 7 12 1 1 1 1 1 1 1 1 1 1 1 1 1 1 1 1 1 1 1 1 1 1 1 1 1 1 1 1 1 1 1 1 1 1 1 1
staticfield java/lang/StringBuffer serialPersistentFields [Ljava/io/ObjectStreamField; 3 [Ljava/io/ObjectStreamField;
ciInstanceKlass java/lang/StringBuilder 1 1 326 10 10 10 11 10 10 10 10 10 10 10 10 10 10 10 10 10 10 10 10 10 10 10 10 10 10 10 10 10 10 10 10 10 10 10 10 10 10 10 10 7 9 9 10 10 10 10 10 10 10 100 10 10 10 10 10 10 10 10 10 10 10 10 10 10 10 10 10 10 10 10 10 10 10 10 10 10 10 10 10 10 10 10 10 10 10 10 10 10 10 10 10 10 10 7 7 100 100 1 1 1 5 0 1 1 1 1 1 1 1 1 1 1 1 1 1 1 1 1 1 1 1 1 1 1 1 1 1 1 1 1 1 1 1 1 1 1 1 1 1 1 1 1 1 1 1 1 1 1 1 1 1 1 100 1 1 100 1 1 1 1 1 1 1 1 1 1 1 1 1 1 1 1 1 1 1 1 1 1 1 1 1 1 1 1 1 1 1 1 1 1 1 1 1 1 1 1 1 1 1 1 1 1 1 1 1 1 1 1 1 1 1 12 12 12 12 12 12 12 12 12 12 12 12 12 12 12 12 12 12 12 12 12 12 12 12 12 12 12 12 12 12 12 12 12 12 12 12 12 12 1 12 12 12 100 12 12 12 100 12 12 12 1 12 12 12 12 12 12 12 12 12 12 12 12 12 12 12 12 12 12 12 12 12 12 12 12 12 12 12 12 12 12 12 12 12 12 12 12 12 12 12 12 12 12 1 1 1 1 1 1 1 1 1 1 1 1 1 1 1 1 1 1 1 1
ciInstanceKlass sun/misc/Unsafe 1 1 390 10 10 10 10 100 8 10 9 10 10 10 10 10 10 10 10 10 10 10 10 10 10 10 10 10 10 10 10 10 10 10 10 10 10 10 10 10 10 10 10 100 10 10 7 7 8 10 10 7 10 9 7 9 7 9 7 9 7 9 7 9 7 9 7 9 7 9 10 9 9 9 9 9 9 9 9 9 10 9 7 1 1 1 1 1 3 1 1 1 1 1 1 1 1 1 1 1 1 1 1 1 1 1 1 1 1 1 1 1 1 1 1 1 100 1 1 1 1 1 1 1 1 1 1 1 1 1 1 1 1 1 1 1 1 1 1 1 1 1 1 1 1 1 1 1 1 1 1 1 1 1 1 1 1 1 1 1 1 1 1 1 1 1 1 1 1 1 1 1 1 1 1 1 1 1 1 1 1 1 1 1 1 1 1 1 1 1 1 1 1 1 1 1 1 1 1 1 1 1 1 1 1 1 100 1 1 1 1 1 1 1 1 1 1 1 1 1 1 1 1 1 1 1 1 1 1 1 1 1 1 1 7 1 1 1 1 1 1 1 1 1 1 1 1 1 1 1 1 1 1 1 1 1 1 1 1 1 1 1 1 1 1 1 1 1 1 1 1 1 1 1 1 1 1 1 1 1 1 1 1 1 1 1 1 1 1 12 7 12 7 12 7 12 1 1 12 12 12 12 12 12 12 12 12 12 12 12 12 12 12 12 12 12 12 12 12 12 100 12 100 12 12 12 12 12 12 12 12 12 12 12 1 12 1 1 12 1 12 12 1 12 1 12 1 12 1 12 1 12 1 12 1 12 1 12 12 12 12 12 12 12 12 12 12 12 12 12 1 1 1 1 1 1 1 1 1 1 1 1 1 1 1 1 1 1 1 1 1 1
staticfield sun/misc/Unsafe theUnsafe Lsun/misc/Unsafe; sun/misc/Unsafe
staticfield sun/misc/Unsafe ARRAY_BOOLEAN_BASE_OFFSET I 16
staticfield sun/misc/Unsafe ARRAY_BYTE_BASE_OFFSET I 16
staticfield sun/misc/Unsafe ARRAY_SHORT_BASE_OFFSET I 16
staticfield sun/misc/Unsafe ARRAY_CHAR_BASE_OFFSET I 16
staticfield sun/misc/Unsafe ARRAY_INT_BASE_OFFSET I 16
staticfield sun/misc/Unsafe ARRAY_LONG_BASE_OFFSET I 16
staticfield sun/misc/Unsafe ARRAY_FLOAT_BASE_OFFSET I 16
staticfield sun/misc/Unsafe ARRAY_DOUBLE_BASE_OFFSET I 16
staticfield sun/misc/Unsafe ARRAY_OBJECT_BASE_OFFSET I 16
staticfield sun/misc/Unsafe ARRAY_BOOLEAN_INDEX_SCALE I 1
staticfield sun/misc/Unsafe ARRAY_BYTE_INDEX_SCALE I 1
staticfield sun/misc/Unsafe ARRAY_SHORT_INDEX_SCALE I 2
staticfield sun/misc/Unsafe ARRAY_CHAR_INDEX_SCALE I 2
staticfield sun/misc/Unsafe ARRAY_INT_INDEX_SCALE I 4
staticfield sun/misc/Unsafe ARRAY_LONG_INDEX_SCALE I 8
staticfield sun/misc/Unsafe ARRAY_FLOAT_INDEX_SCALE I 4
staticfield sun/misc/Unsafe ARRAY_DOUBLE_INDEX_SCALE I 8
staticfield sun/misc/Unsafe ARRAY_OBJECT_INDEX_SCALE I 4
staticfield sun/misc/Unsafe ADDRESS_SIZE I 8
instanceKlass com/sun/javafx/iio/png/PNGIDATChunkInputStream
instanceKlass java/io/SequenceInputStream
instanceKlass sun/security/ssl/HandshakeInStream
instanceKlass sun/security/ssl/AppInputStream
instanceKlass com/mysql/cj/protocol/ReadAheadInputStream
instanceKlass sun/nio/ch/ChannelInputStream
instanceKlass java/util/jar/JarVerifier$VerifierStream
instanceKlass java/io/ObjectInputStream$PeekInputStream
instanceKlass java/io/ObjectInputStream$BlockDataInputStream
instanceKlass java/io/ObjectInputStream
instanceKlass java/util/zip/ZipFile$ZipFileInputStream
instanceKlass java/io/FilterInputStream
instanceKlass java/io/FileInputStream
instanceKlass java/io/ByteArrayInputStream
ciInstanceKlass java/io/InputStream 1 1 63 10 10 100 10 100 10 10 7 7 5 0 10 8 10 7 100 1 1 1 3 1 1 1 1 1 1 1 1 1 1 100 1 1 100 100 1 1 1 1 1 1 1 1 1 12 12 1 1 12 1 1 7 12 1 12 1 1 1 1 1 1 1
instanceKlass sun/security/ssl/InputRecord
instanceKlass sun/security/util/DerInputBuffer
ciInstanceKlass java/io/ByteArrayInputStream 1 1 62 10 9 9 9 9 10 100 10 100 10 10 7 7 1 1 1 1 1 1 1 1 1 1 1 1 1 1 1 1 1 1 1 1 1 1 1 1 1 100 1 1 12 12 12 12 12 7 12 1 1 7 12 1 1 1 1 1 1 1 1 1
ciInstanceKlass java/io/File 1 1 593 9 9 10 9 9 9 10 9 100 10 8 10 9 10 100 10 10 10 10 10 100 8 10 10 8 10 8 10 8 10 8 10 8 10 8 10 8 10 9 10 10 10 10 10 10 7 10 10 10 10 10 7 8 10 10 10 8 10 7 10 10 10 10 7 10 100 10 10 10 10 10 8 7 10 100 100 10 10 10 7 10 10 10 10 10 10 10 10 10 10 10 7 10 11 11 11 7 11 7 10 10 10 10 100 11 10 10 10 10 10 10 10 8 10 10 10 10 10 10 10 10 100 8 10 10 10 8 8 10 10 100 8 10 10 10 10 10 10 10 10 8 10 10 9 9 10 9 10 9 10 10 10 10 10 10 9 10 9 9 10 10 10 8 100 7 100 100 7 1 1 7 1 1 1 1 1 1 1 1 1 1 1 1 1 1 1 1 1 1 1 1 1 5 0 1 1 1 1 1 1 1 1 1 100 100 1 1 1 1 1 100 1 1 1 1 100 1 1 1 1 1 1 1 1 1 1 1 1 1 1 1 1 1 1 1 1 1 100 1 100 1 1 1 1 1 1 1 1 1 1 1 1 1 1 1 100 1 1 1 100 100 1 100 1 1 100 1 1 1 1 1 1 1 1 1 1 1 1 1 1 1 1 1 100 1 1 1 1 1 1 1 1 1 1 1 100 100 1 1 100 100 100 1 1 100 1 1 1 1 12 12 12 12 12 12 12 12 1 1 12 12 12 1 12 12 12 12 1 1 12 12 1 12 1 12 1 12 1 12 1 12 1 12 1 12 12 12 12 12 12 12 12 1 12 12 12 12 12 1 1 12 12 1 12 1 12 12 12 1 1 12 12 12 12 1 1 12 1 1 12 7 12 100 12 1 12 12 12 12 12 12 12 12 7 12 12 12 1 7 12 7 12 12 1 12 1 12 1 100 12 12 12 12 12 12 12 12 1 12 12 12 12 12 12 12 12 1 1 12 12 1 1 12 12 1 1 12 12 12 12 100 12 12 100 12 100 12 12 12 12 7 12 12 12 12 7 12 7 12 7 12 7 12 12 12 12 12 12 12 12 12 12 1 1 1 1 1 1 1 1 1 1 1 1 1 1 1 1 1 1 1 1 1 1 1 1 1 1 1 1 1 1 1 1 1 1 1 1 1 1 1 1 1 1 1 1 1 1 1 1 1 1 1 1 1 1 1 1 1 1 1 1 1 1 1 1 1 1 1 1 1 1 1 1 1 1 1 1 1 1 1 1 1 1 1 1 1 1 1 1 1 1 1 1 1 1 1 1 1 1 1 1 1 1 1 1 1 1 1 1 1 1 1 1 1 1 1 1 1 1 1 1
staticfield java/io/File fs Ljava/io/FileSystem; java/io/UnixFileSystem
staticfield java/io/File separatorChar C 47
staticfield java/io/File separator Ljava/lang/String; "/"
staticfield java/io/File pathSeparatorChar C 58
staticfield java/io/File pathSeparator Ljava/lang/String; ":"
staticfield java/io/File PATH_OFFSET J 16
staticfield java/io/File PREFIX_LENGTH_OFFSET J 12
staticfield java/io/File UNSAFE Lsun/misc/Unsafe; sun/misc/Unsafe
staticfield java/io/File $assertionsDisabled Z 1
instanceKlass org/apache/catalina/loader/WebappClassLoaderBase
instanceKlass sun/misc/Launcher$ExtClassLoader
instanceKlass sun/misc/Launcher$AppClassLoader
ciInstanceKlass java/net/URLClassLoader 1 1 550 9 10 9 10 7 10 9 10 10 10 7 10 10 10 10 10 10 7 10 10 10 7 7 100 8 10 10 10 10 11 11 11 100 11 11 10 11 11 11 10 10 10 7 10 10 7 100 10 7 10 10 10 10 100 7 10 8 10 8 10 10 10 8 8 10 10 10 7 100 8 10 10 10 10 10 10 10 10 10 7 10 10 10 10 10 10 10 10 8 10 11 9 10 9 9 9 9 9 9 10 8 10 7 10 10 7 10 10 7 10 10 10 10 7 10 9 10 8 100 8 10 10 8 10 10 9 10 10 10 10 100 8 10 100 10 10 100 10 10 7 100 10 7 10 10 10 7 1 1 1 1 1 1 1 1 1 1 1 1 1 1 100 100 100 100 1 100 1 1 1 100 1 1 100 100 100 100 100 100 100 100 100 1 1 100 100 100 100 1 1 1 1 1 1 1 100 100 1 1 1 100 1 1 100 1 1 100 1 1 100 100 1 1 1 1 1 1 1 1 1 100 100 100 1 1 1 1 1 1 1 1 1 1 1 1 12 12 12 12 1 12 12 7 12 100 12 7 12 1 12 12 12 12 7 12 1 12 12 12 1 1 1 1 12 12 12 12 100 12 100 12 12 1 12 100 12 12 12 12 12 12 12 1 12 12 1 1 12 1 12 7 12 12 1 1 1 12 1 12 12 1 1 12 12 12 1 1 1 12 12 7 12 7 12 12 12 12 12 12 1 12 7 12 12 12 12 12 7 12 12 1 12 7 12 7 12 7 12 12 12 12 12 12 12 7 12 1 12 1 12 1 12 12 1 12 12 12 12 1 7 12 7 12 12 1 1 1 12 12 1 12 12 12 100 12 12 12 12 1 1 1 12 7 12 1 12 12 1 1 1 12 7 12 1 1 1 1 1 1 1 1 1 1 1 1 1 1 1 1 1 1 1 1 1 1 1 1 1 1 1 1 1 1 1 1 1 1 1 1 1 1 1 1 1 1 1 1 1 1 1 1 1 1 1 1 1 1 1 1 1 1 1 1 1 1 1 1 1 1 1 1 1 1 1 1 1 1 1 1 1 1 1 1 1 1 1 1 1 1 1 1 1 1 1 1 1 1 1 1 1 1 1 1 1 1 1 1 1 1 1 1 1 1 1 1 1 1 1 1 1 1 1 1 1 1 1 1 1 1 1 1 1 1 1 1 1 1 1 1 1 1 1 1 1 1 1 1 1 1 1 1 1 1 1 1 1 1 1 1
ciInstanceKlass java/net/URL 1 1 590 10 10 10 9 9 10 10 10 9 10 8 10 7 10 10 8 10 9 7 8 10 10 8 9 7 10 10 9 10 9 8 9 10 9 10 8 9 10 10 8 10 7 10 10 10 10 10 8 10 10 10 8 9 8 10 10 100 10 10 10 10 9 10 9 10 10 10 7 10 10 10 10 10 7 10 10 10 100 10 10 100 8 10 9 10 10 9 10 100 10 10 10 10 10 10 10 10 10 10 10 9 9 100 8 10 10 9 10 10 7 11 7 8 8 10 10 7 8 8 7 10 10 10 10 8 8 10 100 10 10 10 10 10 10 8 10 100 10 8 8 10 8 8 8 8 100 10 9 10 10 10 10 10 10 10 10 10 10 10 10 10 10 10 100 8 10 10 10 10 7 10 7 7 10 9 9 100 1 1 1 1 1 5 0 1 1 1 1 1 1 1 1 1 1 1 1 1 1 1 1 1 1 1 1 1 1 1 1 1 1 1 1 1 1 1 1 1 1 1 1 100 100 100 100 1 1 1 100 100 1 1 1 1 1 1 100 100 1 1 1 1 1 1 1 1 1 1 1 1 1 1 1 1 1 1 1 1 1 100 1 1 1 100 100 100 1 1 1 1 1 1 1 100 1 1 100 100 100 1 1 1 1 100 100 1 100 1 1 1 1 1 1 1 1 1 1 1 1 1 12 12 12 12 12 7 12 12 12 12 12 1 12 1 12 1 12 12 1 1 12 12 1 12 1 12 12 12 12 1 12 12 12 12 1 12 12 7 12 1 12 1 12 12 12 12 12 1 12 12 12 1 12 1 12 12 1 12 12 7 12 12 100 12 100 12 12 12 12 12 1 12 12 12 12 12 1 12 1 12 12 1 1 100 12 100 12 12 100 12 12 1 12 12 12 12 12 100 12 12 12 7 12 12 12 12 12 1 1 12 12 12 12 1 7 12 1 1 1 7 12 1 1 1 1 12 12 12 1 1 7 12 1 100 12 12 12 12 100 12 100 12 100 12 1 12 1 12 12 12 12 12 12 12 12 12 12 12 12 12 12 1 1 12 12 1 1 1 12 7 12 12 1 1 1 1 1 1 1 1 1 1 1 1 1 1 1 1 1 1 1 1 1 1 1 1 1 1 1 1 1 1 1 1 1 1 1 1 1 1 1 1 1 1 1 1 1 1 1 1 1 1 1 1 1 1 1 1 1 1 1 1 1 1 1 1 1 1 1 1 1 1 1 1 1 1 1 1 1 1 1 1 1 1 1 1 1 1 1 1 1 1 1 1 1 1 1 1 1 1 1 1 1 1 1 1 1 1 1 1 1 1 1 1 1 1 1 1 1 1
staticfield java/net/URL serialPersistentFields [Ljava/io/ObjectStreamField; 7 [Ljava/io/ObjectStreamField;
ciInstanceKlass java/util/jar/Manifest 1 1 265 10 7 10 9 7 10 9 9 10 10 10 10 10 11 11 10 10 100 100 10 8 10 10 10 10 11 100 10 10 11 11 11 11 100 100 8 10 11 7 8 10 10 10 8 10 10 10 11 10 10 10 8 10 7 10 10 10 100 8 10 10 8 10 10 10 10 11 10 10 10 100 7 10 11 10 11 10 7 100 1 1 1 1 1 1 1 1 1 1 1 1 1 1 1 1 1 1 1 1 1 1 1 1 1 1 1 100 1 1 1 100 100 100 100 100 1 1 1 100 100 100 100 1 1 100 1 1 1 1 1 1 1 1 1 1 12 1 12 1 12 12 12 12 12 12 12 7 12 12 100 12 1 1 1 12 12 12 12 1 12 12 12 100 12 100 12 12 1 1 1 1 12 1 1 12 12 12 1 12 12 12 12 12 12 1 12 1 12 12 12 1 1 12 1 12 7 12 12 12 12 12 7 12 12 1 1 12 12 12 1 1 1 1 1 1 1 1 1 1 1 1 1 1 1 1 1 1 1 1 1 1 1 1 1 1 1 1 1 1 1 1 1 1 1 1 1 1 1 1 1 1 1 1 1 1 1 1 1 1 1 1 1 1 1
ciInstanceKlass sun/misc/Launcher 1 1 228 9 10 10 9 9 10 10 100 100 8 10 10 9 8 10 10 8 10 8 10 8 100 10 10 10 100 100 100 100 10 100 10 8 10 10 10 9 7 10 9 10 7 10 10 8 10 10 10 10 10 100 10 7 10 7 10 8 7 100 1 1 7 1 7 1 7 1 1 1 1 1 1 1 1 1 1 1 1 1 1 1 1 1 1 100 100 100 100 100 100 100 100 100 1 1 1 1 1 1 100 1 1 100 1 1 100 1 1 1 1 1 1 1 1 1 12 12 12 12 12 12 12 1 1 1 12 12 12 1 7 12 12 1 7 12 1 7 12 1 1 100 12 100 12 1 1 1 1 12 1 1 12 12 12 12 1 12 12 12 1 12 1 12 12 12 12 7 12 1 12 1 12 1 1 1 1 1 1 1 1 1 1 1 1 1 1 1 1 1 1 1 1 1 1 1 1 1 1 1 1 1 1 1 1 1 1 1 1 1 1 1 1 1 1 1 1 1 1 1 1 1 1 1 1 1 1 1
ciInstanceKlass sun/misc/Launcher$AppClassLoader 1 1 203 8 10 100 10 7 10 10 7 10 10 10 11 9 10 10 10 10 10 10 10 10 7 10 10 10 7 8 10 10 9 10 100 10 10 10 10 100 10 100 100 10 100 10 10 100 10 7 10 10 7 7 1 1 1 1 1 1 1 1 1 1 1 100 100 1 7 1 1 1 1 100 1 1 1 1 1 1 1 1 7 1 1 1 1 1 7 12 1 12 1 12 7 12 1 12 12 7 12 7 12 12 7 12 7 12 12 12 100 12 12 12 12 1 12 12 12 1 1 7 12 12 100 12 1 12 12 12 1 12 1 1 12 1 12 12 1 12 1 7 12 12 1 1 1 1 1 1 1 1 1 1 1 1 1 1 1 1 1 1 1 1 1 1 1 1 1 1 1 1 1 1 1 1 1 1 1 1 1 1 1 1 1 1 1 1 1 1 1 1 1 1 1 1 1 1 1 1 1 1 1 1 1
staticfield sun/misc/Launcher$AppClassLoader $assertionsDisabled Z 1
ciInstanceKlass sun/misc/Launcher$ExtClassLoader 1 1 250 10 9 7 10 7 10 10 100 10 7 10 10 10 10 10 11 10 8 10 7 9 10 10 7 10 10 7 10 10 8 10 10 10 10 10 7 10 10 10 10 100 10 10 10 10 11 10 8 10 10 10 100 10 100 100 10 100 10 10 100 10 10 7 1 1 1 1 1 1 1 1 1 100 100 1 1 100 1 1 1 1 1 1 100 100 100 1 1 100 100 1 1 100 100 100 100 1 1 1 1 1 1 1 12 12 7 1 12 1 12 7 12 1 12 1 12 12 12 12 7 12 7 12 7 12 1 7 12 1 12 12 12 1 12 12 1 12 1 7 12 12 12 12 12 1 12 12 12 12 1 7 12 12 12 100 12 100 12 1 7 12 12 12 1 12 1 1 12 1 12 12 1 12 7 12 1 1 1 1 1 1 1 1 1 1 1 1 1 1 1 1 1 1 1 1 1 1 1 1 1 1 1 1 1 1 1 1 1 1 1 1 1 1 1 1 1 1 1 1 1 1 1 1 1 1 1 1 1 1 1 1 1 1 1 1 1 1 1 1 1 1 1 1 1 1 1 1 1 1
ciInstanceKlass java/security/CodeSource 1 1 351 10 9 9 9 9 10 100 10 100 10 7 10 10 10 7 10 10 10 10 10 100 10 10 10 10 10 10 10 10 10 10 10 10 10 8 10 10 10 10 8 10 10 100 10 10 8 10 10 10 8 8 9 100 8 10 10 8 10 8 8 8 10 10 10 10 10 10 100 100 10 10 10 10 10 100 10 10 8 10 10 10 100 10 100 100 8 8 10 10 10 100 10 10 11 10 10 11 10 10 8 100 10 10 7 10 11 11 7 100 1 1 1 5 0 1 1 1 1 1 1 1 1 1 1 1 1 1 1 1 100 100 1 1 1 1 1 1 1 1 1 100 1 1 1 1 1 1 1 100 1 1 100 1 1 100 100 100 1 1 1 100 100 100 100 100 100 100 100 1 1 1 1 12 12 12 12 12 100 12 7 7 12 1 12 12 7 1 12 7 12 12 12 1 12 7 100 12 100 12 12 7 12 12 12 12 1 12 12 12 12 1 12 1 12 1 12 12 12 1 1 12 1 1 12 12 1 12 1 1 1 100 12 12 12 12 12 12 1 1 12 12 12 100 12 12 1 12 1 12 12 12 1 12 1 1 1 1 12 100 12 1 12 12 100 12 12 12 100 1 1 12 12 1 12 12 1 1 1 1 1 1 1 1 1 1 1 1 1 1 1 1 1 1 1 1 1 1 1 1 1 1 1 1 1 1 1 1 1 1 1 1 1 1 1 1 1 1 1 1 1 1 1 1 1 1 1 1 1 1 1 1 1 1 1 1 1 1 1 1 1 1 1 1 1 1 1 1 1 1 1
ciInstanceKlass java/lang/StackTraceElement 1 1 101 10 8 10 100 9 8 9 9 9 100 10 10 10 8 10 8 8 8 10 8 10 8 7 10 10 10 10 100 100 1 1 1 1 1 1 1 1 1 5 0 1 1 1 1 1 1 1 1 1 1 1 1 1 1 100 100 100 1 1 1 1 1 12 1 100 12 1 12 1 12 12 12 1 12 12 1 12 1 1 1 12 1 12 1 1 12 12 12 12 1 1 1 1 1 1 1 1 1 1 1
instanceKlass java/nio/DoubleBuffer
instanceKlass java/nio/FloatBuffer
instanceKlass java/nio/ShortBuffer
instanceKlass java/nio/IntBuffer
instanceKlass java/nio/LongBuffer
instanceKlass java/nio/CharBuffer
instanceKlass java/nio/ByteBuffer
ciInstanceKlass java/nio/Buffer 1 1 106 100 10 9 9 100 100 10 8 10 10 10 10 9 10 10 8 8 8 9 10 100 10 100 10 100 10 100 10 7 7 1 1 1 3 1 1 1 1 1 1 1 1 1 1 1 100 1 1 1 1 1 1 1 1 1 1 1 1 1 1 1 1 1 1 1 1 1 1 1 1 1 1 1 1 1 1 12 12 12 1 1 1 12 12 12 12 12 12 12 1 1 1 12 1 1 1 1 1 1 1 1 1 1 1 1
ciInstanceKlass java/lang/Boolean 1 1 112 10 9 10 10 8 10 9 9 8 10 7 10 10 100 100 10 10 8 10 9 7 100 100 1 1 1 1 1 1 1 1 1 1 1 1 5 0 1 1 1 1 1 1 1 1 1 1 1 1 100 1 1 1 100 1 1 1 1 1 1 1 100 1 1 1 1 1 1 1 1 1 1 1 1 1 1 12 12 12 12 1 7 12 12 12 1 12 1 12 7 12 1 1 12 12 1 7 12 12 1 1 1 1 1 1 1 1 1 1 1 1
staticfield java/lang/Boolean TRUE Ljava/lang/Boolean; java/lang/Boolean
staticfield java/lang/Boolean FALSE Ljava/lang/Boolean; java/lang/Boolean
staticfield java/lang/Boolean TYPE Ljava/lang/Class; java/lang/Class
ciInstanceKlass java/lang/Character 1 1 463 7 100 10 9 9 10 10 10 10 10 3 3 3 3 3 10 10 3 11 11 10 10 100 10 10 3 10 10 10 100 10 10 10 10 10 10 10 10 10 10 10 10 10 10 10 10 10 10 10 10 10 10 10 10 10 10 10 10 10 10 10 10 10 10 10 10 10 10 10 10 5 0 10 10 10 10 10 10 10 10 10 10 9 100 10 10 10 3 10 10 100 10 10 10 10 8 10 9 10 10 10 10 8 10 9 7 100 100 7 1 1 100 1 100 1 100 1 1 1 1 3 1 3 1 1 3 1 3 1 1 1 1 1 1 1 3 1 1 3 1 3 1 3 1 3 1 3 1 3 1 3 1 3 1 3 1 3 1 3 1 3 1 3 1 3 1 3 1 3 1 3 1 3 1 3 1 3 1 3 1 3 1 3 1 3 1 3 1 3 1 3 1 3 1 1 1 1 1 1 1 1 1 1 1 1 1 1 1 1 1 1 1 3 1 1 1 3 1 1 3 1 1 1 1 1 3 1 1 1 5 0 1 1 1 1 1 1 1 1 1 1 1 1 1 1 1 1 1 1 1 1 1 1 1 1 1 1 1 1 1 1 1 1 1 1 1 1 1 1 1 1 1 1 1 1 1 1 1 1 1 1 1 1 1 1 1 1 1 1 1 1 1 1 1 1 1 1 1 1 1 1 1 1 1 1 1 1 1 1 1 1 1 1 1 1 1 1 1 1 1 1 1 1 1 1 1 1 1 1 1 1 1 1 100 100 1 1 1 1 1 1 1 1 12 12 12 12 12 12 7 12 12 12 12 7 12 12 12 12 1 12 12 12 12 1 12 12 12 12 12 12 7 12 12 12 12 12 12 12 12 12 12 12 12 12 12 12 12 12 12 12 12 12 12 12 12 12 12 12 12 12 12 1 12 12 100 12 12 1 12 12 12 1 100 12 100 12 12 12 7 12 1 12 12 1 1 1 1 1 1 1 1 1 1 1 1 1 1 1 1 1 1 1 1 1 1 1 1 1 1 1 1 1 1 1 1 1 1 1 1 1 1
staticfield java/lang/Character TYPE Ljava/lang/Class; java/lang/Class
staticfield java/lang/Character $assertionsDisabled Z 1
instanceKlass java/util/concurrent/atomic/Striped64
instanceKlass java/math/BigInteger
instanceKlass java/math/BigDecimal
instanceKlass java/util/concurrent/atomic/AtomicLong
instanceKlass java/util/concurrent/atomic/AtomicInteger
instanceKlass java/lang/Long
instanceKlass java/lang/Integer
instanceKlass java/lang/Short
instanceKlass java/lang/Byte
instanceKlass java/lang/Double
instanceKlass java/lang/Float
ciInstanceKlass java/lang/Number 1 1 34 10 10 100 7 100 1 1 1 5 0 1 1 1 1 1 1 1 1 1 1 1 1 1 1 1 1 1 1 12 12 1 1 1
ciInstanceKlass java/lang/Float 1 1 175 7 100 10 10 100 4 100 10 10 8 8 10 10 10 10 4 4 4 10 9 10 10 10 10 10 10 3 3 3 10 10 10 10 8 10 9 7 100 1 1 1 1 1 4 1 1 1 4 1 1 3 1 3 1 3 1 3 1 1 1 1 1 1 1 5 0 1 1 1 1 1 1 1 1 1 100 1 1 1 1 1 1 1 1 1 1 1 1 1 1 1 1 1 1 1 1 1 1 1 1 1 1 1 1 1 1 1 1 1 1 1 1 1 1 1 1 1 1 1 1 1 1 1 1 1 7 12 100 12 1 1 12 100 12 1 1 100 12 12 12 12 12 12 12 12 12 12 12 12 12 12 12 1 7 12 12 1 1 1 1 1 1 1 1 1 1 1 1 1 1 1 1 1 1
staticfield java/lang/Float TYPE Ljava/lang/Class; java/lang/Class
ciInstanceKlass java/lang/Double 1 1 229 7 100 10 10 10 100 10 10 6 0 8 10 8 10 8 100 6 0 10 5 0 5 0 8 8 10 10 8 10 8 8 8 10 10 10 10 10 10 10 10 6 0 6 0 6 0 10 9 10 10 10 10 5 0 5 0 10 10 10 10 8 10 9 7 100 1 1 1 1 1 6 0 1 1 1 6 0 1 1 3 1 3 1 3 1 3 1 1 1 1 1 1 1 5 0 1 1 1 1 1 1 100 100 1 1 1 100 1 1 1 1 1 1 1 1 1 1 1 1 1 1 1 1 1 1 1 1 1 1 1 1 1 1 1 1 1 1 1 1 1 1 1 1 1 1 1 1 1 1 1 1 1 1 1 1 1 7 12 12 12 1 12 100 12 1 12 1 12 1 1 12 1 1 100 12 100 12 1 12 1 1 1 12 12 12 12 12 12 12 12 12 12 12 12 12 12 12 12 12 1 7 12 12 1 1 1 1 1 1 1 1 1 1 1 1 1 1 1 1 1 1 1 1 1 1 1 1 1
staticfield java/lang/Double TYPE Ljava/lang/Class; java/lang/Class
ciInstanceKlass java/lang/Byte 1 1 153 7 10 9 10 100 100 10 8 10 8 10 10 10 10 10 10 10 10 8 8 10 9 10 10 10 10 5 0 10 8 10 9 7 100 7 1 1 1 1 1 3 1 3 1 1 1 1 1 1 1 3 1 3 1 1 5 0 1 1 1 1 1 1 1 1 1 1 1 1 1 1 1 1 1 1 1 1 1 1 1 1 1 1 1 1 1 1 1 1 1 1 1 1 1 1 1 1 1 1 1 1 1 1 1 1 100 12 12 12 1 1 12 1 12 1 12 12 12 12 12 12 12 12 1 1 12 12 12 12 12 12 1 7 12 12 1 1 1 1 1 1 1 1 1 1 1 1 1 1 1 1 1
staticfield java/lang/Byte TYPE Ljava/lang/Class; java/lang/Class
ciInstanceKlass java/lang/Short 1 1 161 7 100 10 10 100 100 10 8 10 8 10 10 10 10 10 10 9 10 10 10 8 8 10 9 10 10 10 10 3 3 5 0 10 8 10 9 7 100 7 1 1 1 1 1 3 1 3 1 1 1 1 1 1 1 3 1 3 1 1 5 0 1 1 1 1 1 1 1 1 1 1 1 1 1 1 1 1 1 1 1 1 1 1 1 1 1 1 1 1 1 1 1 1 1 1 1 1 1 1 1 1 1 1 1 1 1 1 1 1 1 1 1 7 12 12 1 1 12 1 12 1 12 12 12 12 12 12 12 12 12 12 1 1 12 12 12 12 12 12 1 7 12 12 1 1 1 1 1 1 1 1 1 1 1 1 1 1 1 1 1
staticfield java/lang/Short TYPE Ljava/lang/Class; java/lang/Class
ciInstanceKlass java/lang/Integer 1 1 314 7 100 7 10 9 7 10 10 10 10 10 10 10 10 3 8 10 10 10 3 9 9 3 9 7 8 10 100 10 8 10 10 8 10 8 10 3 10 10 10 10 8 100 10 10 5 0 8 10 10 7 9 9 10 10 9 10 10 10 10 100 100 10 8 8 10 8 8 8 8 8 8 10 10 10 5 0 3 3 3 3 3 10 10 8 10 9 3 3 3 3 3 3 7 100 1 1 1 1 1 1 1 1 1 1 1 1 1 1 1 1 1 1 3 1 3 1 1 5 0 1 1 1 1 1 100 1 1 1 1 1 1 1 1 1 1 1 1 1 1 100 1 1 1 1 1 1 1 1 1 1 1 1 1 1 1 1 1 1 1 1 1 1 1 1 1 1 1 100 1 100 100 1 1 1 1 1 1 1 1 1 1 1 1 1 1 1 1 1 1 1 1 1 1 1 1 1 1 1 1 1 1 1 1 12 12 1 12 12 100 12 12 12 7 12 12 12 1 12 12 12 12 12 12 1 1 12 1 12 1 12 12 1 12 1 12 12 12 12 12 1 1 12 12 1 12 12 1 12 12 12 12 12 12 12 7 12 1 1 12 1 1 12 1 1 1 1 1 1 12 12 12 12 12 1 7 12 12 1 1 1 1 1 1 1 1 1 1 1 1 1 1 1 1 1 1 1 1 1 1 1 1 1 1 1 1 1 1 1 1 1 1 1
staticfield java/lang/Integer TYPE Ljava/lang/Class; java/lang/Class
staticfield java/lang/Integer digits [C 36
staticfield java/lang/Integer DigitTens [C 100
staticfield java/lang/Integer DigitOnes [C 100
staticfield java/lang/Integer sizeTable [I 10
ciInstanceKlass java/lang/Long 1 1 361 7 100 7 10 9 7 10 10 10 10 10 5 0 5 0 100 10 10 10 10 10 10 10 10 10 10 10 10 10 10 10 5 0 8 10 10 10 7 5 0 5 0 9 9 3 3 7 8 10 8 10 8 8 10 5 0 10 10 10 10 8 100 10 10 8 10 8 10 10 5 0 5 0 9 10 8 8 10 8 8 8 8 8 8 10 10 10 10 9 10 10 10 100 100 10 10 10 10 10 5 0 5 0 5 0 5 0 5 0 10 10 10 8 10 9 7 100 7 1 1 1 1 1 1 5 0 1 1 1 1 1 1 1 3 1 3 1 5 0 1 1 1 1 1 100 1 1 1 1 1 1 1 1 1 1 1 1 1 1 1 1 100 1 1 1 1 1 1 1 1 100 100 1 1 1 1 1 1 1 1 1 1 1 1 1 1 1 1 1 1 1 1 1 1 100 1 1 1 1 1 1 1 1 1 1 1 1 1 1 1 1 1 1 1 1 1 1 1 1 1 1 1 1 1 1 1 1 12 12 1 12 12 12 12 12 1 12 12 12 12 12 12 100 12 12 12 12 12 12 7 12 12 12 1 12 12 12 1 12 12 1 1 12 1 12 1 1 12 12 12 12 12 1 1 12 12 1 12 1 12 12 12 12 1 1 12 1 1 1 1 1 1 12 12 12 12 12 12 7 12 1 1 12 12 12 12 12 12 12 1 7 12 12 1 1 1 1 1 1 1 1 1 1 1 1 1 1 1 1 1 1 1 1 1 1 1 1 1 1 1 1 1 1 1 1 1 1 1 1 1 1 1 1 1 1 1 1 1 1 1
staticfield java/lang/Long TYPE Ljava/lang/Class; java/lang/Class
compile org/apache/tomcat/util/collections/SynchronizedQueue size ()I -1 1
